sep=,
type,sourceName,sourceVersion,productType,device,startDate,endDate,unit,value,HKMetadataKeyHeartRateMotionContext
HKQuantityTypeIdentifierHeartRate,PhysTrax Apple Watch,11.6.1,"Watch7,1","<<HKDevice: 0x133e94000>, name:Apple Watch, manufacturer:Apple Inc., model:Watch, hardware:Watch7,1, software:11.6.1, creation date:2025-09-13 14:18:16 +0000>",2025-10-02 01:10:45 +0000,2025-10-02 01:10:45 +0000,count/min,90.0,0
HKQuantityTypeIdentifierHeartRate,PhysTrax Apple Watch,11.6.1,"Watch7,1","<<HKDevice: 0x133e94000>, name:Apple Watch, manufacturer:Apple Inc., model:Watch, hardware:Watch7,1, software:11.6.1, creation date:2025-09-13 14:18:16 +0000>",2025-10-02 01:11:58 +0000,2025-10-02 01:11:58 +0000,count/min,96.0,0
HKQuantityTypeIdentifierHeartRate,PhysTrax Apple Watch,11.6.1,"Watch7,1","<<HKDevice: 0x133e94000>, name:Apple Watch, manufacturer:Apple Inc., model:Watch, hardware:Watch7,1, software:11.6.1, creation date:2025-09-13 14:18:16 +0000>",2025-10-02 01:15:46 +0000,2025-10-02 01:15:46 +0000,count/min,101.0,0
HKQuantityTypeIdentifierHeartRate,PhysTrax Apple Watch,11.6.1,"Watch7,1","<<HKDevice: 0x133e94000>, name:Apple Watch, manufacturer:Apple Inc., model:Watch, hardware:Watch7,1, software:11.6.1, creation date:2025-09-13 14:18:16 +0000>",2025-10-02 01:17:34 +0000,2025-10-02 01:17:34 +0000,count/min,81.0,2
HKQuantityTypeIdentifierHeartRate,PhysTrax Apple Watch,11.6.1,"Watch7,1","<<HKDevice: 0x133e94000>, name:Apple Watch, manufacturer:Apple Inc., model:Watch, hardware:Watch7,1, software:11.6.1, creation date:2025-09-13 14:18:16 +0000>",2025-10-02 01:21:00 +0000,2025-10-02 01:21:00 +0000,count/min,80.0,2
HKQuantityTypeIdentifierHeartRate,PhysTrax Apple Watch,11.6.1,"Watch7,1","<<HKDevice: 0x133e94000>, name:Apple Watch, manufacturer:Apple Inc., model:Watch, hardware:Watch7,1, software:11.6.1, creation date:2025-09-13 14:18:16 +0000>",2025-10-02 01:21:05 +0000,2025-10-02 01:21:05 +0000,count/min,80.0,2
HKQuantityTypeIdentifierHeartRate,PhysTrax Apple Watch,11.6.1,"Watch7,1","<<HKDevice: 0x133e94000>, name:Apple Watch, manufacturer:Apple Inc., model:Watch, hardware:Watch7,1, software:11.6.1, creation date:2025-09-13 14:18:16 +0000>",2025-10-02 01:21:10 +0000,2025-10-02 01:21:10 +0000,count/min,79.0,2
HKQuantityTypeIdentifierHeartRate,PhysTrax Apple Watch,11.6.1,"Watch7,1","<<HKDevice: 0x133e94000>, name:Apple Watch, manufacturer:Apple Inc., model:Watch, hardware:Watch7,1, software:11.6.1, creation date:2025-09-13 14:18:16 +0000>",2025-10-02 01:21:12 +0000,2025-10-02 01:21:12 +0000,count/min,80.0,2
HKQuantityTypeIdentifierHeartRate,PhysTrax Apple Watch,11.6.1,"Watch7,1","<<HKDevice: 0x133e94000>, name:Apple Watch, manufacturer:Apple Inc., model:Watch, hardware:Watch7,1, software:11.6.1, creation date:2025-09-13 14:18:16 +0000>",2025-10-02 01:21:19 +0000,2025-10-02 01:21:19 +0000,count/min,83.0,2
HKQuantityTypeIdentifierHeartRate,PhysTrax Apple Watch,11.6.1,"Watch7,1","<<HKDevice: 0x133e94000>, name:Apple Watch, manufacturer:Apple Inc., model:Watch, hardware:Watch7,1, software:11.6.1, creation date:2025-09-13 14:18:16 +0000>",2025-10-02 01:21:25 +0000,2025-10-02 01:21:25 +0000,count/min,80.0,2
HKQuantityTypeIdentifierHeartRate,PhysTrax Apple Watch,11.6.1,"Watch7,1","<<HKDevice: 0x133e94000>, name:Apple Watch, manufacturer:Apple Inc., model:Watch, hardware:Watch7,1, software:11.6.1, creation date:2025-09-13 14:18:16 +0000>",2025-10-02 01:21:29 +0000,2025-10-02 01:21:29 +0000,count/min,80.0,2
HKQuantityTypeIdentifierHeartRate,PhysTrax Apple Watch,11.6.1,"Watch7,1","<<HKDevice: 0x133e94000>, name:Apple Watch, manufacturer:Apple Inc., model:Watch, hardware:Watch7,1, software:11.6.1, creation date:2025-09-13 14:18:16 +0000>",2025-10-02 01:21:35 +0000,2025-10-02 01:21:35 +0000,count/min,77.00000000000001,2
HKQuantityTypeIdentifierHeartRate,PhysTrax Apple Watch,11.6.1,"Watch7,1","<<HKDevice: 0x133e94000>, name:Apple Watch, manufacturer:Apple Inc., model:Watch, hardware:Watch7,1, software:11.6.1, creation date:2025-09-13 14:18:16 +0000>",2025-10-02 01:21:36 +0000,2025-10-02 01:21:36 +0000,count/min,77.00000000000001,2
HKQuantityTypeIdentifierHeartRate,PhysTrax Apple Watch,11.6.1,"Watch7,1","<<HKDevice: 0x133e94000>, name:Apple Watch, manufacturer:Apple Inc., model:Watch, hardware:Watch7,1, software:11.6.1, creation date:2025-09-13 14:18:16 +0000>",2025-10-02 01:21:43 +0000,2025-10-02 01:21:43 +0000,count/min,87.0,2
HKQuantityTypeIdentifierHeartRate,PhysTrax Apple Watch,11.6.1,"Watch7,1","<<HKDevice: 0x133e94000>, name:Apple Watch, manufacturer:Apple Inc., model:Watch, hardware:Watch7,1, software:11.6.1, creation date:2025-09-13 14:18:16 +0000>",2025-10-02 01:21:46 +0000,2025-10-02 01:21:46 +0000,count/min,93.0,2
HKQuantityTypeIdentifierHeartRate,PhysTrax Apple Watch,11.6.1,"Watch7,1","<<HKDevice: 0x133e94000>, name:Apple Watch, manufacturer:Apple Inc., model:Watch, hardware:Watch7,1, software:11.6.1, creation date:2025-09-13 14:18:16 +0000>",2025-10-02 01:21:51 +0000,2025-10-02 01:21:51 +0000,count/min,94.0,2
HKQuantityTypeIdentifierHeartRate,PhysTrax Apple Watch,11.6.1,"Watch7,1","<<HKDevice: 0x133e94000>, name:Apple Watch, manufacturer:Apple Inc., model:Watch, hardware:Watch7,1, software:11.6.1, creation date:2025-09-13 14:18:16 +0000>",2025-10-02 01:22:00 +0000,2025-10-02 01:22:00 +0000,count/min,79.0,2
HKQuantityTypeIdentifierHeartRate,PhysTrax Apple Watch,11.6.1,"Watch7,1","<<HKDevice: 0x133e94000>, name:Apple Watch, manufacturer:Apple Inc., model:Watch, hardware:Watch7,1, software:11.6.1, creation date:2025-09-13 14:18:16 +0000>",2025-10-02 01:22:05 +0000,2025-10-02 01:22:05 +0000,count/min,75.0,2
HKQuantityTypeIdentifierHeartRate,PhysTrax Apple Watch,11.6.1,"Watch7,1","<<HKDevice: 0x133e94000>, name:Apple Watch, manufacturer:Apple Inc., model:Watch, hardware:Watch7,1, software:11.6.1, creation date:2025-09-13 14:18:16 +0000>",2025-10-02 01:22:09 +0000,2025-10-02 01:22:09 +0000,count/min,77.00000000000001,2
HKQuantityTypeIdentifierHeartRate,PhysTrax Apple Watch,11.6.1,"Watch7,1","<<HKDevice: 0x133e94000>, name:Apple Watch, manufacturer:Apple Inc., model:Watch, hardware:Watch7,1, software:11.6.1, creation date:2025-09-13 14:18:16 +0000>",2025-10-02 01:22:13 +0000,2025-10-02 01:22:13 +0000,count/min,80.0,2
HKQuantityTypeIdentifierHeartRate,PhysTrax Apple Watch,11.6.1,"Watch7,1","<<HKDevice: 0x133e94000>, name:Apple Watch, manufacturer:Apple Inc., model:Watch, hardware:Watch7,1, software:11.6.1, creation date:2025-09-13 14:18:16 +0000>",2025-10-02 01:22:19 +0000,2025-10-02 01:22:19 +0000,count/min,87.0,2
HKQuantityTypeIdentifierHeartRate,PhysTrax Apple Watch,11.6.1,"Watch7,1","<<HKDevice: 0x133e94000>, name:Apple Watch, manufacturer:Apple Inc., model:Watch, hardware:Watch7,1, software:11.6.1, creation date:2025-09-13 14:18:16 +0000>",2025-10-02 01:22:24 +0000,2025-10-02 01:22:24 +0000,count/min,86.0,2
HKQuantityTypeIdentifierHeartRate,PhysTrax Apple Watch,11.6.1,"Watch7,1","<<HKDevice: 0x133e94000>, name:Apple Watch, manufacturer:Apple Inc., model:Watch, hardware:Watch7,1, software:11.6.1, creation date:2025-09-13 14:18:16 +0000>",2025-10-02 01:22:30 +0000,2025-10-02 01:22:30 +0000,count/min,83.0,2
HKQuantityTypeIdentifierHeartRate,PhysTrax Apple Watch,11.6.1,"Watch7,1","<<HKDevice: 0x133e94000>, name:Apple Watch, manufacturer:Apple Inc., model:Watch, hardware:Watch7,1, software:11.6.1, creation date:2025-09-13 14:18:16 +0000>",2025-10-02 01:22:35 +0000,2025-10-02 01:22:35 +0000,count/min,85.0,2
HKQuantityTypeIdentifierHeartRate,PhysTrax Apple Watch,11.6.1,"Watch7,1","<<HKDevice: 0x133e94000>, name:Apple Watch, manufacturer:Apple Inc., model:Watch, hardware:Watch7,1, software:11.6.1, creation date:2025-09-13 14:18:16 +0000>",2025-10-02 01:22:40 +0000,2025-10-02 01:22:40 +0000,count/min,86.0,2
HKQuantityTypeIdentifierHeartRate,PhysTrax Apple Watch,11.6.1,"Watch7,1","<<HKDevice: 0x133e94000>, name:Apple Watch, manufacturer:Apple Inc., model:Watch, hardware:Watch7,1, software:11.6.1, creation date:2025-09-13 14:18:16 +0000>",2025-10-02 01:22:45 +0000,2025-10-02 01:22:45 +0000,count/min,85.0,2
HKQuantityTypeIdentifierHeartRate,PhysTrax Apple Watch,11.6.1,"Watch7,1","<<HKDevice: 0x133e94000>, name:Apple Watch, manufacturer:Apple Inc., model:Watch, hardware:Watch7,1, software:11.6.1, creation date:2025-09-13 14:18:16 +0000>",2025-10-02 01:22:48 +0000,2025-10-02 01:22:48 +0000,count/min,86.0,2
HKQuantityTypeIdentifierHeartRate,PhysTrax Apple Watch,11.6.1,"Watch7,1","<<HKDevice: 0x133e94000>, name:Apple Watch, manufacturer:Apple Inc., model:Watch, hardware:Watch7,1, software:11.6.1, creation date:2025-09-13 14:18:16 +0000>",2025-10-02 01:22:56 +0000,2025-10-02 01:22:56 +0000,count/min,81.0,2
HKQuantityTypeIdentifierHeartRate,PhysTrax Apple Watch,11.6.1,"Watch7,1","<<HKDevice: 0x133e94000>, name:Apple Watch, manufacturer:Apple Inc., model:Watch, hardware:Watch7,1, software:11.6.1, creation date:2025-09-13 14:18:16 +0000>",2025-10-02 01:22:58 +0000,2025-10-02 01:22:58 +0000,count/min,82.0,2
HKQuantityTypeIdentifierHeartRate,PhysTrax Apple Watch,11.6.1,"Watch7,1","<<HKDevice: 0x133e94000>, name:Apple Watch, manufacturer:Apple Inc., model:Watch, hardware:Watch7,1, software:11.6.1, creation date:2025-09-13 14:18:16 +0000>",2025-10-02 01:23:06 +0000,2025-10-02 01:23:06 +0000,count/min,76.0,2
HKQuantityTypeIdentifierHeartRate,PhysTrax Apple Watch,11.6.1,"Watch7,1","<<HKDevice: 0x133e94000>, name:Apple Watch, manufacturer:Apple Inc., model:Watch, hardware:Watch7,1, software:11.6.1, creation date:2025-09-13 14:18:16 +0000>",2025-10-02 01:23:08 +0000,2025-10-02 01:23:08 +0000,count/min,78.0,2
HKQuantityTypeIdentifierHeartRate,PhysTrax Apple Watch,11.6.1,"Watch7,1","<<HKDevice: 0x133e94000>, name:Apple Watch, manufacturer:Apple Inc., model:Watch, hardware:Watch7,1, software:11.6.1, creation date:2025-09-13 14:18:16 +0000>",2025-10-02 01:23:17 +0000,2025-10-02 01:23:17 +0000,count/min,75.0,2
HKQuantityTypeIdentifierHeartRate,PhysTrax Apple Watch,11.6.1,"Watch7,1","<<HKDevice: 0x133e94000>, name:Apple Watch, manufacturer:Apple Inc., model:Watch, hardware:Watch7,1, software:11.6.1, creation date:2025-09-13 14:18:16 +0000>",2025-10-02 01:23:18 +0000,2025-10-02 01:23:18 +0000,count/min,75.0,2
HKQuantityTypeIdentifierHeartRate,PhysTrax Apple Watch,11.6.1,"Watch7,1","<<HKDevice: 0x133e94000>, name:Apple Watch, manufacturer:Apple Inc., model:Watch, hardware:Watch7,1, software:11.6.1, creation date:2025-09-13 14:18:16 +0000>",2025-10-02 01:23:22 +0000,2025-10-02 01:23:22 +0000,count/min,76.0,0
HKQuantityTypeIdentifierHeartRate,PhysTrax Apple Watch,11.6.1,"Watch7,1","<<HKDevice: 0x133e94000>, name:Apple Watch, manufacturer:Apple Inc., model:Watch, hardware:Watch7,1, software:11.6.1, creation date:2025-09-13 14:18:16 +0000>",2025-10-02 01:23:25 +0000,2025-10-02 01:23:25 +0000,count/min,72.0,2
HKQuantityTypeIdentifierHeartRate,PhysTrax Apple Watch,11.6.1,"Watch7,1","<<HKDevice: 0x133e94000>, name:Apple Watch, manufacturer:Apple Inc., model:Watch, hardware:Watch7,1, software:11.6.1, creation date:2025-09-13 14:18:16 +0000>",2025-10-02 01:23:28 +0000,2025-10-02 01:23:28 +0000,count/min,73.0,2
HKQuantityTypeIdentifierHeartRate,PhysTrax Apple Watch,11.6.1,"Watch7,1","<<HKDevice: 0x133e94000>, name:Apple Watch, manufacturer:Apple Inc., model:Watch, hardware:Watch7,1, software:11.6.1, creation date:2025-09-13 14:18:16 +0000>",2025-10-02 01:23:37 +0000,2025-10-02 01:23:37 +0000,count/min,74.0,2
HKQuantityTypeIdentifierHeartRate,PhysTrax Apple Watch,11.6.1,"Watch7,1","<<HKDevice: 0x133e94000>, name:Apple Watch, manufacturer:Apple Inc., model:Watch, hardware:Watch7,1, software:11.6.1, creation date:2025-09-13 14:18:16 +0000>",2025-10-02 01:23:42 +0000,2025-10-02 01:23:42 +0000,count/min,74.0,2
HKQuantityTypeIdentifierHeartRate,PhysTrax Apple Watch,11.6.1,"Watch7,1","<<HKDevice: 0x133e94000>, name:Apple Watch, manufacturer:Apple Inc., model:Watch, hardware:Watch7,1, software:11.6.1, creation date:2025-09-13 14:18:16 +0000>",2025-10-02 01:23:45 +0000,2025-10-02 01:23:45 +0000,count/min,72.0,2
HKQuantityTypeIdentifierHeartRate,PhysTrax Apple Watch,11.6.1,"Watch7,1","<<HKDevice: 0x133e94000>, name:Apple Watch, manufacturer:Apple Inc., model:Watch, hardware:Watch7,1, software:11.6.1, creation date:2025-09-13 14:18:16 +0000>",2025-10-02 01:23:52 +0000,2025-10-02 01:23:52 +0000,count/min,82.0,2
HKQuantityTypeIdentifierHeartRate,PhysTrax Apple Watch,11.6.1,"Watch7,1","<<HKDevice: 0x133e94000>, name:Apple Watch, manufacturer:Apple Inc., model:Watch, hardware:Watch7,1, software:11.6.1, creation date:2025-09-13 14:18:16 +0000>",2025-10-02 01:23:55 +0000,2025-10-02 01:23:55 +0000,count/min,84.0,2
HKQuantityTypeIdentifierHeartRate,PhysTrax Apple Watch,11.6.1,"Watch7,1","<<HKDevice: 0x133e94000>, name:Apple Watch, manufacturer:Apple Inc., model:Watch, hardware:Watch7,1, software:11.6.1, creation date:2025-09-13 14:18:16 +0000>",2025-10-02 01:23:58 +0000,2025-10-02 01:23:58 +0000,count/min,87.0,2
HKQuantityTypeIdentifierHeartRate,PhysTrax Apple Watch,11.6.1,"Watch7,1","<<HKDevice: 0x133e94000>, name:Apple Watch, manufacturer:Apple Inc., model:Watch, hardware:Watch7,1, software:11.6.1, creation date:2025-09-13 14:18:16 +0000>",2025-10-02 01:24:07 +0000,2025-10-02 01:24:07 +0000,count/min,92.00000000000001,2
HKQuantityTypeIdentifierHeartRate,PhysTrax Apple Watch,11.6.1,"Watch7,1","<<HKDevice: 0x133e94000>, name:Apple Watch, manufacturer:Apple Inc., model:Watch, hardware:Watch7,1, software:11.6.1, creation date:2025-09-13 14:18:16 +0000>",2025-10-02 01:24:10 +0000,2025-10-02 01:24:10 +0000,count/min,98.0,2
HKQuantityTypeIdentifierHeartRate,PhysTrax Apple Watch,11.6.1,"Watch7,1","<<HKDevice: 0x133e94000>, name:Apple Watch, manufacturer:Apple Inc., model:Watch, hardware:Watch7,1, software:11.6.1, creation date:2025-09-13 14:18:16 +0000>",2025-10-02 01:24:13 +0000,2025-10-02 01:24:13 +0000,count/min,103.0,2
HKQuantityTypeIdentifierHeartRate,PhysTrax Apple Watch,11.6.1,"Watch7,1","<<HKDevice: 0x133e94000>, name:Apple Watch, manufacturer:Apple Inc., model:Watch, hardware:Watch7,1, software:11.6.1, creation date:2025-09-13 14:18:16 +0000>",2025-10-02 01:24:21 +0000,2025-10-02 01:24:21 +0000,count/min,96.0,2
HKQuantityTypeIdentifierHeartRate,PhysTrax Apple Watch,11.6.1,"Watch7,1","<<HKDevice: 0x133e94000>, name:Apple Watch, manufacturer:Apple Inc., model:Watch, hardware:Watch7,1, software:11.6.1, creation date:2025-09-13 14:18:16 +0000>",2025-10-02 01:24:27 +0000,2025-10-02 01:24:27 +0000,count/min,86.0,2
HKQuantityTypeIdentifierHeartRate,PhysTrax Apple Watch,11.6.1,"Watch7,1","<<HKDevice: 0x133e94000>, name:Apple Watch, manufacturer:Apple Inc., model:Watch, hardware:Watch7,1, software:11.6.1, creation date:2025-09-13 14:18:16 +0000>",2025-10-02 01:24:28 +0000,2025-10-02 01:24:28 +0000,count/min,86.0,2
HKQuantityTypeIdentifierHeartRate,PhysTrax Apple Watch,11.6.1,"Watch7,1","<<HKDevice: 0x133e94000>, name:Apple Watch, manufacturer:Apple Inc., model:Watch, hardware:Watch7,1, software:11.6.1, creation date:2025-09-13 14:18:16 +0000>",2025-10-02 01:24:37 +0000,2025-10-02 01:24:37 +0000,count/min,77.00000000000001,2
HKQuantityTypeIdentifierHeartRate,PhysTrax Apple Watch,11.6.1,"Watch7,1","<<HKDevice: 0x133e94000>, name:Apple Watch, manufacturer:Apple Inc., model:Watch, hardware:Watch7,1, software:11.6.1, creation date:2025-09-13 14:18:16 +0000>",2025-10-02 01:24:42 +0000,2025-10-02 01:24:42 +0000,count/min,71.0,2
HKQuantityTypeIdentifierHeartRate,PhysTrax Apple Watch,11.6.1,"Watch7,1","<<HKDevice: 0x133e94000>, name:Apple Watch, manufacturer:Apple Inc., model:Watch, hardware:Watch7,1, software:11.6.1, creation date:2025-09-13 14:18:16 +0000>",2025-10-02 01:24:46 +0000,2025-10-02 01:24:46 +0000,count/min,72.0,2
HKQuantityTypeIdentifierHeartRate,PhysTrax Apple Watch,11.6.1,"Watch7,1","<<HKDevice: 0x133e94000>, name:Apple Watch, manufacturer:Apple Inc., model:Watch, hardware:Watch7,1, software:11.6.1, creation date:2025-09-13 14:18:16 +0000>",2025-10-02 01:24:51 +0000,2025-10-02 01:24:51 +0000,count/min,92.00000000000001,2
HKQuantityTypeIdentifierHeartRate,PhysTrax Apple Watch,11.6.1,"Watch7,1","<<HKDevice: 0x133e94000>, name:Apple Watch, manufacturer:Apple Inc., model:Watch, hardware:Watch7,1, software:11.6.1, creation date:2025-09-13 14:18:16 +0000>",2025-10-02 01:24:56 +0000,2025-10-02 01:24:56 +0000,count/min,99.0,2
HKQuantityTypeIdentifierHeartRate,PhysTrax Apple Watch,11.6.1,"Watch7,1","<<HKDevice: 0x133e94000>, name:Apple Watch, manufacturer:Apple Inc., model:Watch, hardware:Watch7,1, software:11.6.1, creation date:2025-09-13 14:18:16 +0000>",2025-10-02 01:24:58 +0000,2025-10-02 01:24:58 +0000,count/min,97.0,2
HKQuantityTypeIdentifierHeartRate,PhysTrax Apple Watch,11.6.1,"Watch7,1","<<HKDevice: 0x133e94000>, name:Apple Watch, manufacturer:Apple Inc., model:Watch, hardware:Watch7,1, software:11.6.1, creation date:2025-09-13 14:18:16 +0000>",2025-10-02 01:25:03 +0000,2025-10-02 01:25:03 +0000,count/min,92.00000000000001,2
HKQuantityTypeIdentifierHeartRate,PhysTrax Apple Watch,11.6.1,"Watch7,1","<<HKDevice: 0x133e94000>, name:Apple Watch, manufacturer:Apple Inc., model:Watch, hardware:Watch7,1, software:11.6.1, creation date:2025-09-13 14:18:16 +0000>",2025-10-02 01:25:08 +0000,2025-10-02 01:25:08 +0000,count/min,93.0,2
HKQuantityTypeIdentifierHeartRate,PhysTrax Apple Watch,11.6.1,"Watch7,1","<<HKDevice: 0x133e94000>, name:Apple Watch, manufacturer:Apple Inc., model:Watch, hardware:Watch7,1, software:11.6.1, creation date:2025-09-13 14:18:16 +0000>",2025-10-02 01:25:14 +0000,2025-10-02 01:25:14 +0000,count/min,92.00000000000001,2
HKQuantityTypeIdentifierHeartRate,PhysTrax Apple Watch,11.6.1,"Watch7,1","<<HKDevice: 0x133e94000>, name:Apple Watch, manufacturer:Apple Inc., model:Watch, hardware:Watch7,1, software:11.6.1, creation date:2025-09-13 14:18:16 +0000>",2025-10-02 01:25:22 +0000,2025-10-02 01:25:22 +0000,count/min,79.0,2
HKQuantityTypeIdentifierHeartRate,PhysTrax Apple Watch,11.6.1,"Watch7,1","<<HKDevice: 0x133e94000>, name:Apple Watch, manufacturer:Apple Inc., model:Watch, hardware:Watch7,1, software:11.6.1, creation date:2025-09-13 14:18:16 +0000>",2025-10-02 01:25:27 +0000,2025-10-02 01:25:27 +0000,count/min,79.0,2
HKQuantityTypeIdentifierHeartRate,PhysTrax Apple Watch,11.6.1,"Watch7,1","<<HKDevice: 0x133e94000>, name:Apple Watch, manufacturer:Apple Inc., model:Watch, hardware:Watch7,1, software:11.6.1, creation date:2025-09-13 14:18:16 +0000>",2025-10-02 01:25:28 +0000,2025-10-02 01:25:28 +0000,count/min,80.0,2
HKQuantityTypeIdentifierHeartRate,PhysTrax Apple Watch,11.6.1,"Watch7,1","<<HKDevice: 0x133e94000>, name:Apple Watch, manufacturer:Apple Inc., model:Watch, hardware:Watch7,1, software:11.6.1, creation date:2025-09-13 14:18:16 +0000>",2025-10-02 01:25:37 +0000,2025-10-02 01:25:37 +0000,count/min,94.0,2
HKQuantityTypeIdentifierHeartRate,PhysTrax Apple Watch,11.6.1,"Watch7,1","<<HKDevice: 0x133e94000>, name:Apple Watch, manufacturer:Apple Inc., model:Watch, hardware:Watch7,1, software:11.6.1, creation date:2025-09-13 14:18:16 +0000>",2025-10-02 01:25:42 +0000,2025-10-02 01:25:42 +0000,count/min,97.0,2
HKQuantityTypeIdentifierHeartRate,PhysTrax Apple Watch,11.6.1,"Watch7,1","<<HKDevice: 0x133e94000>, name:Apple Watch, manufacturer:Apple Inc., model:Watch, hardware:Watch7,1, software:11.6.1, creation date:2025-09-13 14:18:16 +0000>",2025-10-02 01:25:43 +0000,2025-10-02 01:25:43 +0000,count/min,99.0,2
HKQuantityTypeIdentifierHeartRate,PhysTrax Apple Watch,11.6.1,"Watch7,1","<<HKDevice: 0x133e94000>, name:Apple Watch, manufacturer:Apple Inc., model:Watch, hardware:Watch7,1, software:11.6.1, creation date:2025-09-13 14:18:16 +0000>",2025-10-02 01:25:50 +0000,2025-10-02 01:25:50 +0000,count/min,96.0,2
HKQuantityTypeIdentifierHeartRate,PhysTrax Apple Watch,11.6.1,"Watch7,1","<<HKDevice: 0x133e94000>, name:Apple Watch, manufacturer:Apple Inc., model:Watch, hardware:Watch7,1, software:11.6.1, creation date:2025-09-13 14:18:16 +0000>",2025-10-02 01:25:57 +0000,2025-10-02 01:25:57 +0000,count/min,92.00000000000001,2
HKQuantityTypeIdentifierHeartRate,PhysTrax Apple Watch,11.6.1,"Watch7,1","<<HKDevice: 0x133e94000>, name:Apple Watch, manufacturer:Apple Inc., model:Watch, hardware:Watch7,1, software:11.6.1, creation date:2025-09-13 14:18:16 +0000>",2025-10-02 01:26:02 +0000,2025-10-02 01:26:02 +0000,count/min,87.0,2
HKQuantityTypeIdentifierHeartRate,PhysTrax Apple Watch,11.6.1,"Watch7,1","<<HKDevice: 0x133e94000>, name:Apple Watch, manufacturer:Apple Inc., model:Watch, hardware:Watch7,1, software:11.6.1, creation date:2025-09-13 14:18:16 +0000>",2025-10-02 01:26:07 +0000,2025-10-02 01:26:07 +0000,count/min,83.0,2
HKQuantityTypeIdentifierHeartRate,PhysTrax Apple Watch,11.6.1,"Watch7,1","<<HKDevice: 0x133e94000>, name:Apple Watch, manufacturer:Apple Inc., model:Watch, hardware:Watch7,1, software:11.6.1, creation date:2025-09-13 14:18:16 +0000>",2025-10-02 01:26:08 +0000,2025-10-02 01:26:08 +0000,count/min,82.0,2
HKQuantityTypeIdentifierHeartRate,PhysTrax Apple Watch,11.6.1,"Watch7,1","<<HKDevice: 0x133e94000>, name:Apple Watch, manufacturer:Apple Inc., model:Watch, hardware:Watch7,1, software:11.6.1, creation date:2025-09-13 14:18:16 +0000>",2025-10-02 01:26:17 +0000,2025-10-02 01:26:17 +0000,count/min,75.0,2
HKQuantityTypeIdentifierHeartRate,PhysTrax Apple Watch,11.6.1,"Watch7,1","<<HKDevice: 0x133e94000>, name:Apple Watch, manufacturer:Apple Inc., model:Watch, hardware:Watch7,1, software:11.6.1, creation date:2025-09-13 14:18:16 +0000>",2025-10-02 01:26:22 +0000,2025-10-02 01:26:22 +0000,count/min,72.0,2
HKQuantityTypeIdentifierHeartRate,PhysTrax Apple Watch,11.6.1,"Watch7,1","<<HKDevice: 0x133e94000>, name:Apple Watch, manufacturer:Apple Inc., model:Watch, hardware:Watch7,1, software:11.6.1, creation date:2025-09-13 14:18:16 +0000>",2025-10-02 01:26:25 +0000,2025-10-02 01:26:25 +0000,count/min,71.0,2
HKQuantityTypeIdentifierHeartRate,PhysTrax Apple Watch,11.6.1,"Watch7,1","<<HKDevice: 0x133e94000>, name:Apple Watch, manufacturer:Apple Inc., model:Watch, hardware:Watch7,1, software:11.6.1, creation date:2025-09-13 14:18:16 +0000>",2025-10-02 01:26:32 +0000,2025-10-02 01:26:32 +0000,count/min,73.0,2
HKQuantityTypeIdentifierHeartRate,PhysTrax Apple Watch,11.6.1,"Watch7,1","<<HKDevice: 0x133e94000>, name:Apple Watch, manufacturer:Apple Inc., model:Watch, hardware:Watch7,1, software:11.6.1, creation date:2025-09-13 14:18:16 +0000>",2025-10-02 01:26:33 +0000,2025-10-02 01:26:33 +0000,count/min,74.0,2
HKQuantityTypeIdentifierHeartRate,PhysTrax Apple Watch,11.6.1,"Watch7,1","<<HKDevice: 0x133e94000>, name:Apple Watch, manufacturer:Apple Inc., model:Watch, hardware:Watch7,1, software:11.6.1, creation date:2025-09-13 14:18:16 +0000>",2025-10-02 01:26:38 +0000,2025-10-02 01:26:38 +0000,count/min,74.0,2
HKQuantityTypeIdentifierHeartRate,PhysTrax Apple Watch,11.6.1,"Watch7,1","<<HKDevice: 0x133e94000>, name:Apple Watch, manufacturer:Apple Inc., model:Watch, hardware:Watch7,1, software:11.6.1, creation date:2025-09-13 14:18:16 +0000>",2025-10-02 01:26:45 +0000,2025-10-02 01:26:45 +0000,count/min,69.0,2
HKQuantityTypeIdentifierHeartRate,PhysTrax Apple Watch,11.6.1,"Watch7,1","<<HKDevice: 0x133e94000>, name:Apple Watch, manufacturer:Apple Inc., model:Watch, hardware:Watch7,1, software:11.6.1, creation date:2025-09-13 14:18:16 +0000>",2025-10-02 01:26:48 +0000,2025-10-02 01:26:48 +0000,count/min,69.0,2
HKQuantityTypeIdentifierHeartRate,PhysTrax Apple Watch,11.6.1,"Watch7,1","<<HKDevice: 0x133e94000>, name:Apple Watch, manufacturer:Apple Inc., model:Watch, hardware:Watch7,1, software:11.6.1, creation date:2025-09-13 14:18:16 +0000>",2025-10-02 01:26:53 +0000,2025-10-02 01:26:53 +0000,count/min,74.0,2
HKQuantityTypeIdentifierHeartRate,PhysTrax Apple Watch,11.6.1,"Watch7,1","<<HKDevice: 0x133e94000>, name:Apple Watch, manufacturer:Apple Inc., model:Watch, hardware:Watch7,1, software:11.6.1, creation date:2025-09-13 14:18:16 +0000>",2025-10-02 01:27:02 +0000,2025-10-02 01:27:02 +0000,count/min,72.0,2
HKQuantityTypeIdentifierHeartRate,PhysTrax Apple Watch,11.6.1,"Watch7,1","<<HKDevice: 0x133e94000>, name:Apple Watch, manufacturer:Apple Inc., model:Watch, hardware:Watch7,1, software:11.6.1, creation date:2025-09-13 14:18:16 +0000>",2025-10-02 01:27:07 +0000,2025-10-02 01:27:07 +0000,count/min,72.0,2
HKQuantityTypeIdentifierHeartRate,PhysTrax Apple Watch,11.6.1,"Watch7,1","<<HKDevice: 0x133e94000>, name:Apple Watch, manufacturer:Apple Inc., model:Watch, hardware:Watch7,1, software:11.6.1, creation date:2025-09-13 14:18:16 +0000>",2025-10-02 01:27:12 +0000,2025-10-02 01:27:12 +0000,count/min,71.0,2
HKQuantityTypeIdentifierHeartRate,PhysTrax Apple Watch,11.6.1,"Watch7,1","<<HKDevice: 0x133e94000>, name:Apple Watch, manufacturer:Apple Inc., model:Watch, hardware:Watch7,1, software:11.6.1, creation date:2025-09-13 14:18:16 +0000>",2025-10-02 01:27:14 +0000,2025-10-02 01:27:14 +0000,count/min,71.0,2
HKQuantityTypeIdentifierHeartRate,PhysTrax Apple Watch,11.6.1,"Watch7,1","<<HKDevice: 0x133e94000>, name:Apple Watch, manufacturer:Apple Inc., model:Watch, hardware:Watch7,1, software:11.6.1, creation date:2025-09-13 14:18:16 +0000>",2025-10-02 01:27:18 +0000,2025-10-02 01:27:18 +0000,count/min,73.0,2
HKQuantityTypeIdentifierHeartRate,PhysTrax Apple Watch,11.6.1,"Watch7,1","<<HKDevice: 0x133e94000>, name:Apple Watch, manufacturer:Apple Inc., model:Watch, hardware:Watch7,1, software:11.6.1, creation date:2025-09-13 14:18:16 +0000>",2025-10-02 01:27:27 +0000,2025-10-02 01:27:27 +0000,count/min,80.0,2
HKQuantityTypeIdentifierHeartRate,PhysTrax Apple Watch,11.6.1,"Watch7,1","<<HKDevice: 0x133e94000>, name:Apple Watch, manufacturer:Apple Inc., model:Watch, hardware:Watch7,1, software:11.6.1, creation date:2025-09-13 14:18:16 +0000>",2025-10-02 01:27:30 +0000,2025-10-02 01:27:30 +0000,count/min,81.0,2
HKQuantityTypeIdentifierHeartRate,PhysTrax Apple Watch,11.6.1,"Watch7,1","<<HKDevice: 0x133e94000>, name:Apple Watch, manufacturer:Apple Inc., model:Watch, hardware:Watch7,1, software:11.6.1, creation date:2025-09-13 14:18:16 +0000>",2025-10-02 01:27:37 +0000,2025-10-02 01:27:37 +0000,count/min,75.0,2
HKQuantityTypeIdentifierHeartRate,PhysTrax Apple Watch,11.6.1,"Watch7,1","<<HKDevice: 0x133e94000>, name:Apple Watch, manufacturer:Apple Inc., model:Watch, hardware:Watch7,1, software:11.6.1, creation date:2025-09-13 14:18:16 +0000>",2025-10-02 01:27:38 +0000,2025-10-02 01:27:38 +0000,count/min,76.0,2
HKQuantityTypeIdentifierHeartRate,PhysTrax Apple Watch,11.6.1,"Watch7,1","<<HKDevice: 0x133e94000>, name:Apple Watch, manufacturer:Apple Inc., model:Watch, hardware:Watch7,1, software:11.6.1, creation date:2025-09-13 14:18:16 +0000>",2025-10-02 01:27:47 +0000,2025-10-02 01:27:47 +0000,count/min,73.0,2
HKQuantityTypeIdentifierHeartRate,PhysTrax Apple Watch,11.6.1,"Watch7,1","<<HKDevice: 0x133e94000>, name:Apple Watch, manufacturer:Apple Inc., model:Watch, hardware:Watch7,1, software:11.6.1, creation date:2025-09-13 14:18:16 +0000>",2025-10-02 01:27:48 +0000,2025-10-02 01:27:48 +0000,count/min,74.0,2
HKQuantityTypeIdentifierHeartRate,PhysTrax Apple Watch,11.6.1,"Watch7,1","<<HKDevice: 0x133e94000>, name:Apple Watch, manufacturer:Apple Inc., model:Watch, hardware:Watch7,1, software:11.6.1, creation date:2025-09-13 14:18:16 +0000>",2025-10-02 01:27:53 +0000,2025-10-02 01:27:53 +0000,count/min,77.00000000000001,2
HKQuantityTypeIdentifierHeartRate,PhysTrax Apple Watch,11.6.1,"Watch7,1","<<HKDevice: 0x133e94000>, name:Apple Watch, manufacturer:Apple Inc., model:Watch, hardware:Watch7,1, software:11.6.1, creation date:2025-09-13 14:18:16 +0000>",2025-10-02 01:28:02 +0000,2025-10-02 01:28:02 +0000,count/min,75.0,2
HKQuantityTypeIdentifierHeartRate,PhysTrax Apple Watch,11.6.1,"Watch7,1","<<HKDevice: 0x133e94000>, name:Apple Watch, manufacturer:Apple Inc., model:Watch, hardware:Watch7,1, software:11.6.1, creation date:2025-09-13 14:18:16 +0000>",2025-10-02 01:28:03 +0000,2025-10-02 01:28:03 +0000,count/min,75.0,2
HKQuantityTypeIdentifierHeartRate,PhysTrax Apple Watch,11.6.1,"Watch7,1","<<HKDevice: 0x133e94000>, name:Apple Watch, manufacturer:Apple Inc., model:Watch, hardware:Watch7,1, software:11.6.1, creation date:2025-09-13 14:18:16 +0000>",2025-10-02 01:28:08 +0000,2025-10-02 01:28:08 +0000,count/min,74.0,2
HKQuantityTypeIdentifierHeartRate,PhysTrax Apple Watch,11.6.1,"Watch7,1","<<HKDevice: 0x133e94000>, name:Apple Watch, manufacturer:Apple Inc., model:Watch, hardware:Watch7,1, software:11.6.1, creation date:2025-09-13 14:18:16 +0000>",2025-10-02 01:28:15 +0000,2025-10-02 01:28:15 +0000,count/min,81.0,2
HKQuantityTypeIdentifierHeartRate,PhysTrax Apple Watch,11.6.1,"Watch7,1","<<HKDevice: 0x133e94000>, name:Apple Watch, manufacturer:Apple Inc., model:Watch, hardware:Watch7,1, software:11.6.1, creation date:2025-09-13 14:18:16 +0000>",2025-10-02 01:28:18 +0000,2025-10-02 01:28:18 +0000,count/min,79.0,2
HKQuantityTypeIdentifierHeartRate,PhysTrax Apple Watch,11.6.1,"Watch7,1","<<HKDevice: 0x133e94000>, name:Apple Watch, manufacturer:Apple Inc., model:Watch, hardware:Watch7,1, software:11.6.1, creation date:2025-09-13 14:18:16 +0000>",2025-10-02 01:28:27 +0000,2025-10-02 01:28:27 +0000,count/min,86.0,2
HKQuantityTypeIdentifierHeartRate,PhysTrax Apple Watch,11.6.1,"Watch7,1","<<HKDevice: 0x133e94000>, name:Apple Watch, manufacturer:Apple Inc., model:Watch, hardware:Watch7,1, software:11.6.1, creation date:2025-09-13 14:18:16 +0000>",2025-10-02 01:28:31 +0000,2025-10-02 01:28:31 +0000,count/min,89.0,2
HKQuantityTypeIdentifierHeartRate,PhysTrax Apple Watch,11.6.1,"Watch7,1","<<HKDevice: 0x133e94000>, name:Apple Watch, manufacturer:Apple Inc., model:Watch, hardware:Watch7,1, software:11.6.1, creation date:2025-09-13 14:18:16 +0000>",2025-10-02 01:28:33 +0000,2025-10-02 01:28:33 +0000,count/min,87.0,2
HKQuantityTypeIdentifierHeartRate,PhysTrax Apple Watch,11.6.1,"Watch7,1","<<HKDevice: 0x133e94000>, name:Apple Watch, manufacturer:Apple Inc., model:Watch, hardware:Watch7,1, software:11.6.1, creation date:2025-09-13 14:18:16 +0000>",2025-10-02 01:28:38 +0000,2025-10-02 01:28:38 +0000,count/min,79.0,2
HKQuantityTypeIdentifierHeartRate,PhysTrax Apple Watch,11.6.1,"Watch7,1","<<HKDevice: 0x133e94000>, name:Apple Watch, manufacturer:Apple Inc., model:Watch, hardware:Watch7,1, software:11.6.1, creation date:2025-09-13 14:18:16 +0000>",2025-10-02 01:28:45 +0000,2025-10-02 01:28:45 +0000,count/min,83.0,2
HKQuantityTypeIdentifierHeartRate,PhysTrax Apple Watch,11.6.1,"Watch7,1","<<HKDevice: 0x133e94000>, name:Apple Watch, manufacturer:Apple Inc., model:Watch, hardware:Watch7,1, software:11.6.1, creation date:2025-09-13 14:18:16 +0000>",2025-10-02 01:28:48 +0000,2025-10-02 01:28:48 +0000,count/min,87.0,2
HKQuantityTypeIdentifierHeartRate,PhysTrax Apple Watch,11.6.1,"Watch7,1","<<HKDevice: 0x133e94000>, name:Apple Watch, manufacturer:Apple Inc., model:Watch, hardware:Watch7,1, software:11.6.1, creation date:2025-09-13 14:18:16 +0000>",2025-10-02 01:28:53 +0000,2025-10-02 01:28:53 +0000,count/min,95.0,2
HKQuantityTypeIdentifierHeartRate,PhysTrax Apple Watch,11.6.1,"Watch7,1","<<HKDevice: 0x133e94000>, name:Apple Watch, manufacturer:Apple Inc., model:Watch, hardware:Watch7,1, software:11.6.1, creation date:2025-09-13 14:18:16 +0000>",2025-10-02 01:29:02 +0000,2025-10-02 01:29:02 +0000,count/min,94.0,2
HKQuantityTypeIdentifierHeartRate,PhysTrax Apple Watch,11.6.1,"Watch7,1","<<HKDevice: 0x133e94000>, name:Apple Watch, manufacturer:Apple Inc., model:Watch, hardware:Watch7,1, software:11.6.1, creation date:2025-09-13 14:18:16 +0000>",2025-10-02 01:29:07 +0000,2025-10-02 01:29:07 +0000,count/min,91.0,2
HKQuantityTypeIdentifierHeartRate,PhysTrax Apple Watch,11.6.1,"Watch7,1","<<HKDevice: 0x133e94000>, name:Apple Watch, manufacturer:Apple Inc., model:Watch, hardware:Watch7,1, software:11.6.1, creation date:2025-09-13 14:18:16 +0000>",2025-10-02 01:29:12 +0000,2025-10-02 01:29:12 +0000,count/min,94.0,2
HKQuantityTypeIdentifierHeartRate,PhysTrax Apple Watch,11.6.1,"Watch7,1","<<HKDevice: 0x133e94000>, name:Apple Watch, manufacturer:Apple Inc., model:Watch, hardware:Watch7,1, software:11.6.1, creation date:2025-09-13 14:18:16 +0000>",2025-10-02 01:29:16 +0000,2025-10-02 01:29:16 +0000,count/min,93.0,2
HKQuantityTypeIdentifierHeartRate,PhysTrax Apple Watch,11.6.1,"Watch7,1","<<HKDevice: 0x133e94000>, name:Apple Watch, manufacturer:Apple Inc., model:Watch, hardware:Watch7,1, software:11.6.1, creation date:2025-09-13 14:18:16 +0000>",2025-10-02 01:29:18 +0000,2025-10-02 01:29:18 +0000,count/min,93.0,2
HKQuantityTypeIdentifierHeartRate,PhysTrax Apple Watch,11.6.1,"Watch7,1","<<HKDevice: 0x133e94000>, name:Apple Watch, manufacturer:Apple Inc., model:Watch, hardware:Watch7,1, software:11.6.1, creation date:2025-09-13 14:18:16 +0000>",2025-10-02 01:29:23 +0000,2025-10-02 01:29:23 +0000,count/min,92.00000000000001,2
HKQuantityTypeIdentifierHeartRate,PhysTrax Apple Watch,11.6.1,"Watch7,1","<<HKDevice: 0x133e94000>, name:Apple Watch, manufacturer:Apple Inc., model:Watch, hardware:Watch7,1, software:11.6.1, creation date:2025-09-13 14:18:16 +0000>",2025-10-02 01:29:29 +0000,2025-10-02 01:29:29 +0000,count/min,93.0,2
HKQuantityTypeIdentifierHeartRate,PhysTrax Apple Watch,11.6.1,"Watch7,1","<<HKDevice: 0x133e94000>, name:Apple Watch, manufacturer:Apple Inc., model:Watch, hardware:Watch7,1, software:11.6.1, creation date:2025-09-13 14:18:16 +0000>",2025-10-02 01:29:33 +0000,2025-10-02 01:29:33 +0000,count/min,94.0,2
HKQuantityTypeIdentifierHeartRate,PhysTrax Apple Watch,11.6.1,"Watch7,1","<<HKDevice: 0x133e94000>, name:Apple Watch, manufacturer:Apple Inc., model:Watch, hardware:Watch7,1, software:11.6.1, creation date:2025-09-13 14:18:16 +0000>",2025-10-02 01:29:38 +0000,2025-10-02 01:29:38 +0000,count/min,92.00000000000001,2
HKQuantityTypeIdentifierHeartRate,PhysTrax Apple Watch,11.6.1,"Watch7,1","<<HKDevice: 0x133e94000>, name:Apple Watch, manufacturer:Apple Inc., model:Watch, hardware:Watch7,1, software:11.6.1, creation date:2025-09-13 14:18:16 +0000>",2025-10-02 01:30:33 +0000,2025-10-02 01:30:33 +0000,count/min,88.0,2
HKQuantityTypeIdentifierHeartRate,PhysTrax Apple Watch,11.6.1,"Watch7,1","<<HKDevice: 0x133e94000>, name:Apple Watch, manufacturer:Apple Inc., model:Watch, hardware:Watch7,1, software:11.6.1, creation date:2025-09-13 14:18:16 +0000>",2025-10-02 01:30:36 +0000,2025-10-02 01:30:36 +0000,count/min,89.0,2
HKQuantityTypeIdentifierHeartRate,PhysTrax Apple Watch,11.6.1,"Watch7,1","<<HKDevice: 0x133e94000>, name:Apple Watch, manufacturer:Apple Inc., model:Watch, hardware:Watch7,1, software:11.6.1, creation date:2025-09-13 14:18:16 +0000>",2025-10-02 01:30:43 +0000,2025-10-02 01:30:43 +0000,count/min,82.0,2
HKQuantityTypeIdentifierHeartRate,PhysTrax Apple Watch,11.6.1,"Watch7,1","<<HKDevice: 0x133e94000>, name:Apple Watch, manufacturer:Apple Inc., model:Watch, hardware:Watch7,1, software:11.6.1, creation date:2025-09-13 14:18:16 +0000>",2025-10-02 01:30:48 +0000,2025-10-02 01:30:48 +0000,count/min,77.00000000000001,2
HKQuantityTypeIdentifierHeartRate,PhysTrax Apple Watch,11.6.1,"Watch7,1","<<HKDevice: 0x133e94000>, name:Apple Watch, manufacturer:Apple Inc., model:Watch, hardware:Watch7,1, software:11.6.1, creation date:2025-09-13 14:18:16 +0000>",2025-10-02 01:30:49 +0000,2025-10-02 01:30:49 +0000,count/min,78.0,2
HKQuantityTypeIdentifierHeartRate,PhysTrax Apple Watch,11.6.1,"Watch7,1","<<HKDevice: 0x133e94000>, name:Apple Watch, manufacturer:Apple Inc., model:Watch, hardware:Watch7,1, software:11.6.1, creation date:2025-09-13 14:18:16 +0000>",2025-10-02 01:30:58 +0000,2025-10-02 01:30:58 +0000,count/min,80.0,2
HKQuantityTypeIdentifierHeartRate,PhysTrax Apple Watch,11.6.1,"Watch7,1","<<HKDevice: 0x133e94000>, name:Apple Watch, manufacturer:Apple Inc., model:Watch, hardware:Watch7,1, software:11.6.1, creation date:2025-09-13 14:18:16 +0000>",2025-10-02 01:31:01 +0000,2025-10-02 01:31:01 +0000,count/min,81.0,2
HKQuantityTypeIdentifierHeartRate,PhysTrax Apple Watch,11.6.1,"Watch7,1","<<HKDevice: 0x133e94000>, name:Apple Watch, manufacturer:Apple Inc., model:Watch, hardware:Watch7,1, software:11.6.1, creation date:2025-09-13 14:18:16 +0000>",2025-10-02 01:31:07 +0000,2025-10-02 01:31:07 +0000,count/min,81.0,2
HKQuantityTypeIdentifierHeartRate,PhysTrax Apple Watch,11.6.1,"Watch7,1","<<HKDevice: 0x133e94000>, name:Apple Watch, manufacturer:Apple Inc., model:Watch, hardware:Watch7,1, software:11.6.1, creation date:2025-09-13 14:18:16 +0000>",2025-10-02 01:31:13 +0000,2025-10-02 01:31:13 +0000,count/min,88.0,2
HKQuantityTypeIdentifierHeartRate,PhysTrax Apple Watch,11.6.1,"Watch7,1","<<HKDevice: 0x133e94000>, name:Apple Watch, manufacturer:Apple Inc., model:Watch, hardware:Watch7,1, software:11.6.1, creation date:2025-09-13 14:18:16 +0000>",2025-10-02 01:31:16 +0000,2025-10-02 01:31:16 +0000,count/min,90.0,2
HKQuantityTypeIdentifierHeartRate,PhysTrax Apple Watch,11.6.1,"Watch7,1","<<HKDevice: 0x133e94000>, name:Apple Watch, manufacturer:Apple Inc., model:Watch, hardware:Watch7,1, software:11.6.1, creation date:2025-09-13 14:18:16 +0000>",2025-10-02 01:31:19 +0000,2025-10-02 01:31:19 +0000,count/min,90.0,2
HKQuantityTypeIdentifierHeartRate,PhysTrax Apple Watch,11.6.1,"Watch7,1","<<HKDevice: 0x133e94000>, name:Apple Watch, manufacturer:Apple Inc., model:Watch, hardware:Watch7,1, software:11.6.1, creation date:2025-09-13 14:18:16 +0000>",2025-10-02 01:31:28 +0000,2025-10-02 01:31:28 +0000,count/min,97.0,2
HKQuantityTypeIdentifierHeartRate,PhysTrax Apple Watch,11.6.1,"Watch7,1","<<HKDevice: 0x133e94000>, name:Apple Watch, manufacturer:Apple Inc., model:Watch, hardware:Watch7,1, software:11.6.1, creation date:2025-09-13 14:18:16 +0000>",2025-10-02 01:31:31 +0000,2025-10-02 01:31:31 +0000,count/min,100.0,2
HKQuantityTypeIdentifierHeartRate,PhysTrax Apple Watch,11.6.1,"Watch7,1","<<HKDevice: 0x133e94000>, name:Apple Watch, manufacturer:Apple Inc., model:Watch, hardware:Watch7,1, software:11.6.1, creation date:2025-09-13 14:18:16 +0000>",2025-10-02 01:31:38 +0000,2025-10-02 01:31:38 +0000,count/min,99.0,2
HKQuantityTypeIdentifierHeartRate,PhysTrax Apple Watch,11.6.1,"Watch7,1","<<HKDevice: 0x133e94000>, name:Apple Watch, manufacturer:Apple Inc., model:Watch, hardware:Watch7,1, software:11.6.1, creation date:2025-09-13 14:18:16 +0000>",2025-10-02 01:31:39 +0000,2025-10-02 01:31:39 +0000,count/min,98.0,2
HKQuantityTypeIdentifierHeartRate,PhysTrax Apple Watch,11.6.1,"Watch7,1","<<HKDevice: 0x133e94000>, name:Apple Watch, manufacturer:Apple Inc., model:Watch, hardware:Watch7,1, software:11.6.1, creation date:2025-09-13 14:18:16 +0000>",2025-10-02 01:31:44 +0000,2025-10-02 01:31:44 +0000,count/min,92.00000000000001,2
HKQuantityTypeIdentifierHeartRate,PhysTrax Apple Watch,11.6.1,"Watch7,1","<<HKDevice: 0x133e94000>, name:Apple Watch, manufacturer:Apple Inc., model:Watch, hardware:Watch7,1, software:11.6.1, creation date:2025-09-13 14:18:16 +0000>",2025-10-02 01:31:53 +0000,2025-10-02 01:31:53 +0000,count/min,74.0,2
HKQuantityTypeIdentifierHeartRate,PhysTrax Apple Watch,11.6.1,"Watch7,1","<<HKDevice: 0x133e94000>, name:Apple Watch, manufacturer:Apple Inc., model:Watch, hardware:Watch7,1, software:11.6.1, creation date:2025-09-13 14:18:16 +0000>",2025-10-02 01:31:58 +0000,2025-10-02 01:31:58 +0000,count/min,67.0,2
HKQuantityTypeIdentifierHeartRate,PhysTrax Apple Watch,11.6.1,"Watch7,1","<<HKDevice: 0x133e94000>, name:Apple Watch, manufacturer:Apple Inc., model:Watch, hardware:Watch7,1, software:11.6.1, creation date:2025-09-13 14:18:16 +0000>",2025-10-02 01:32:03 +0000,2025-10-02 01:32:03 +0000,count/min,65.0,2
HKQuantityTypeIdentifierHeartRate,PhysTrax Apple Watch,11.6.1,"Watch7,1","<<HKDevice: 0x133e94000>, name:Apple Watch, manufacturer:Apple Inc., model:Watch, hardware:Watch7,1, software:11.6.1, creation date:2025-09-13 14:18:16 +0000>",2025-10-02 01:32:07 +0000,2025-10-02 01:32:07 +0000,count/min,64.0,2
HKQuantityTypeIdentifierHeartRate,PhysTrax Apple Watch,11.6.1,"Watch7,1","<<HKDevice: 0x133e94000>, name:Apple Watch, manufacturer:Apple Inc., model:Watch, hardware:Watch7,1, software:11.6.1, creation date:2025-09-13 14:18:16 +0000>",2025-10-02 01:32:12 +0000,2025-10-02 01:32:12 +0000,count/min,64.0,2
HKQuantityTypeIdentifierHeartRate,PhysTrax Apple Watch,11.6.1,"Watch7,1","<<HKDevice: 0x133e94000>, name:Apple Watch, manufacturer:Apple Inc., model:Watch, hardware:Watch7,1, software:11.6.1, creation date:2025-09-13 14:18:16 +0000>",2025-10-02 01:32:17 +0000,2025-10-02 01:32:17 +0000,count/min,64.0,2
HKQuantityTypeIdentifierHeartRate,PhysTrax Apple Watch,11.6.1,"Watch7,1","<<HKDevice: 0x133e94000>, name:Apple Watch, manufacturer:Apple Inc., model:Watch, hardware:Watch7,1, software:11.6.1, creation date:2025-09-13 14:18:16 +0000>",2025-10-02 01:32:21 +0000,2025-10-02 01:32:21 +0000,count/min,64.0,2
HKQuantityTypeIdentifierHeartRate,PhysTrax Apple Watch,11.6.1,"Watch7,1","<<HKDevice: 0x133e94000>, name:Apple Watch, manufacturer:Apple Inc., model:Watch, hardware:Watch7,1, software:11.6.1, creation date:2025-09-13 14:18:16 +0000>",2025-10-02 01:32:28 +0000,2025-10-02 01:32:28 +0000,count/min,62.00000000000001,2
HKQuantityTypeIdentifierHeartRate,PhysTrax Apple Watch,11.6.1,"Watch7,1","<<HKDevice: 0x133e94000>, name:Apple Watch, manufacturer:Apple Inc., model:Watch, hardware:Watch7,1, software:11.6.1, creation date:2025-09-13 14:18:16 +0000>",2025-10-02 01:32:33 +0000,2025-10-02 01:32:33 +0000,count/min,61.0,2
HKQuantityTypeIdentifierHeartRate,PhysTrax Apple Watch,11.6.1,"Watch7,1","<<HKDevice: 0x133e94000>, name:Apple Watch, manufacturer:Apple Inc., model:Watch, hardware:Watch7,1, software:11.6.1, creation date:2025-09-13 14:18:16 +0000>",2025-10-02 01:32:34 +0000,2025-10-02 01:32:34 +0000,count/min,61.0,2
HKQuantityTypeIdentifierHeartRate,PhysTrax Apple Watch,11.6.1,"Watch7,1","<<HKDevice: 0x133e94000>, name:Apple Watch, manufacturer:Apple Inc., model:Watch, hardware:Watch7,1, software:11.6.1, creation date:2025-09-13 14:18:16 +0000>",2025-10-02 01:32:39 +0000,2025-10-02 01:32:39 +0000,count/min,60.0,2
HKQuantityTypeIdentifierHeartRate,PhysTrax Apple Watch,11.6.1,"Watch7,1","<<HKDevice: 0x133e94000>, name:Apple Watch, manufacturer:Apple Inc., model:Watch, hardware:Watch7,1, software:11.6.1, creation date:2025-09-13 14:18:16 +0000>",2025-10-02 01:32:44 +0000,2025-10-02 01:32:44 +0000,count/min,61.0,2
HKQuantityTypeIdentifierHeartRate,PhysTrax Apple Watch,11.6.1,"Watch7,1","<<HKDevice: 0x133e94000>, name:Apple Watch, manufacturer:Apple Inc., model:Watch, hardware:Watch7,1, software:11.6.1, creation date:2025-09-13 14:18:16 +0000>",2025-10-02 01:32:49 +0000,2025-10-02 01:32:49 +0000,count/min,64.0,2
HKQuantityTypeIdentifierHeartRate,PhysTrax Apple Watch,11.6.1,"Watch7,1","<<HKDevice: 0x133e94000>, name:Apple Watch, manufacturer:Apple Inc., model:Watch, hardware:Watch7,1, software:11.6.1, creation date:2025-09-13 14:18:16 +0000>",2025-10-02 01:32:58 +0000,2025-10-02 01:32:58 +0000,count/min,64.0,2
HKQuantityTypeIdentifierHeartRate,PhysTrax Apple Watch,11.6.1,"Watch7,1","<<HKDevice: 0x133e94000>, name:Apple Watch, manufacturer:Apple Inc., model:Watch, hardware:Watch7,1, software:11.6.1, creation date:2025-09-13 14:18:16 +0000>",2025-10-02 01:33:03 +0000,2025-10-02 01:33:03 +0000,count/min,64.0,2
HKQuantityTypeIdentifierHeartRate,PhysTrax Apple Watch,11.6.1,"Watch7,1","<<HKDevice: 0x133e94000>, name:Apple Watch, manufacturer:Apple Inc., model:Watch, hardware:Watch7,1, software:11.6.1, creation date:2025-09-13 14:18:16 +0000>",2025-10-02 01:33:08 +0000,2025-10-02 01:33:08 +0000,count/min,63.0,2
HKQuantityTypeIdentifierHeartRate,PhysTrax Apple Watch,11.6.1,"Watch7,1","<<HKDevice: 0x133e94000>, name:Apple Watch, manufacturer:Apple Inc., model:Watch, hardware:Watch7,1, software:11.6.1, creation date:2025-09-13 14:18:16 +0000>",2025-10-02 01:33:10 +0000,2025-10-02 01:33:10 +0000,count/min,63.0,2
HKQuantityTypeIdentifierHeartRate,PhysTrax Apple Watch,11.6.1,"Watch7,1","<<HKDevice: 0x133e94000>, name:Apple Watch, manufacturer:Apple Inc., model:Watch, hardware:Watch7,1, software:11.6.1, creation date:2025-09-13 14:18:16 +0000>",2025-10-02 01:33:14 +0000,2025-10-02 01:33:14 +0000,count/min,63.0,2
HKQuantityTypeIdentifierHeartRate,PhysTrax Apple Watch,11.6.1,"Watch7,1","<<HKDevice: 0x133e94000>, name:Apple Watch, manufacturer:Apple Inc., model:Watch, hardware:Watch7,1, software:11.6.1, creation date:2025-09-13 14:18:16 +0000>",2025-10-02 01:33:19 +0000,2025-10-02 01:33:19 +0000,count/min,64.0,2
HKQuantityTypeIdentifierHeartRate,PhysTrax Apple Watch,11.6.1,"Watch7,1","<<HKDevice: 0x133e94000>, name:Apple Watch, manufacturer:Apple Inc., model:Watch, hardware:Watch7,1, software:11.6.1, creation date:2025-09-13 14:18:16 +0000>",2025-10-02 01:33:28 +0000,2025-10-02 01:33:28 +0000,count/min,62.00000000000001,2
HKQuantityTypeIdentifierHeartRate,PhysTrax Apple Watch,11.6.1,"Watch7,1","<<HKDevice: 0x133e94000>, name:Apple Watch, manufacturer:Apple Inc., model:Watch, hardware:Watch7,1, software:11.6.1, creation date:2025-09-13 14:18:16 +0000>",2025-10-02 01:33:33 +0000,2025-10-02 01:33:33 +0000,count/min,62.00000000000001,2
HKQuantityTypeIdentifierHeartRate,PhysTrax Apple Watch,11.6.1,"Watch7,1","<<HKDevice: 0x133e94000>, name:Apple Watch, manufacturer:Apple Inc., model:Watch, hardware:Watch7,1, software:11.6.1, creation date:2025-09-13 14:18:16 +0000>",2025-10-02 01:33:38 +0000,2025-10-02 01:33:38 +0000,count/min,62.00000000000001,2
HKQuantityTypeIdentifierHeartRate,PhysTrax Apple Watch,11.6.1,"Watch7,1","<<HKDevice: 0x133e94000>, name:Apple Watch, manufacturer:Apple Inc., model:Watch, hardware:Watch7,1, software:11.6.1, creation date:2025-09-13 14:18:16 +0000>",2025-10-02 01:33:39 +0000,2025-10-02 01:33:39 +0000,count/min,62.00000000000001,2
HKQuantityTypeIdentifierHeartRate,PhysTrax Apple Watch,11.6.1,"Watch7,1","<<HKDevice: 0x133e94000>, name:Apple Watch, manufacturer:Apple Inc., model:Watch, hardware:Watch7,1, software:11.6.1, creation date:2025-09-13 14:18:16 +0000>",2025-10-02 01:33:48 +0000,2025-10-02 01:33:48 +0000,count/min,63.0,2
HKQuantityTypeIdentifierHeartRate,PhysTrax Apple Watch,11.6.1,"Watch7,1","<<HKDevice: 0x133e94000>, name:Apple Watch, manufacturer:Apple Inc., model:Watch, hardware:Watch7,1, software:11.6.1, creation date:2025-09-13 14:18:16 +0000>",2025-10-02 01:33:53 +0000,2025-10-02 01:33:53 +0000,count/min,62.00000000000001,2
HKQuantityTypeIdentifierHeartRate,PhysTrax Apple Watch,11.6.1,"Watch7,1","<<HKDevice: 0x133e94000>, name:Apple Watch, manufacturer:Apple Inc., model:Watch, hardware:Watch7,1, software:11.6.1, creation date:2025-09-13 14:18:16 +0000>",2025-10-02 01:33:58 +0000,2025-10-02 01:33:58 +0000,count/min,61.0,2
HKQuantityTypeIdentifierHeartRate,PhysTrax Apple Watch,11.6.1,"Watch7,1","<<HKDevice: 0x133e94000>, name:Apple Watch, manufacturer:Apple Inc., model:Watch, hardware:Watch7,1, software:11.6.1, creation date:2025-09-13 14:18:16 +0000>",2025-10-02 01:33:59 +0000,2025-10-02 01:33:59 +0000,count/min,60.0,2
HKQuantityTypeIdentifierHeartRate,PhysTrax Apple Watch,11.6.1,"Watch7,1","<<HKDevice: 0x133e94000>, name:Apple Watch, manufacturer:Apple Inc., model:Watch, hardware:Watch7,1, software:11.6.1, creation date:2025-09-13 14:18:16 +0000>",2025-10-02 01:34:08 +0000,2025-10-02 01:34:08 +0000,count/min,61.0,2
HKQuantityTypeIdentifierHeartRate,PhysTrax Apple Watch,11.6.1,"Watch7,1","<<HKDevice: 0x133e94000>, name:Apple Watch, manufacturer:Apple Inc., model:Watch, hardware:Watch7,1, software:11.6.1, creation date:2025-09-13 14:18:16 +0000>",2025-10-02 01:34:11 +0000,2025-10-02 01:34:11 +0000,count/min,61.0,2
HKQuantityTypeIdentifierHeartRate,PhysTrax Apple Watch,11.6.1,"Watch7,1","<<HKDevice: 0x133e94000>, name:Apple Watch, manufacturer:Apple Inc., model:Watch, hardware:Watch7,1, software:11.6.1, creation date:2025-09-13 14:18:16 +0000>",2025-10-02 01:34:17 +0000,2025-10-02 01:34:17 +0000,count/min,60.0,2
HKQuantityTypeIdentifierHeartRate,PhysTrax Apple Watch,11.6.1,"Watch7,1","<<HKDevice: 0x133e94000>, name:Apple Watch, manufacturer:Apple Inc., model:Watch, hardware:Watch7,1, software:11.6.1, creation date:2025-09-13 14:18:16 +0000>",2025-10-02 01:34:19 +0000,2025-10-02 01:34:19 +0000,count/min,60.0,2
HKQuantityTypeIdentifierHeartRate,PhysTrax Apple Watch,11.6.1,"Watch7,1","<<HKDevice: 0x133e94000>, name:Apple Watch, manufacturer:Apple Inc., model:Watch, hardware:Watch7,1, software:11.6.1, creation date:2025-09-13 14:18:16 +0000>",2025-10-02 01:34:24 +0000,2025-10-02 01:34:24 +0000,count/min,59.0,2
HKQuantityTypeIdentifierHeartRate,PhysTrax Apple Watch,11.6.1,"Watch7,1","<<HKDevice: 0x133e94000>, name:Apple Watch, manufacturer:Apple Inc., model:Watch, hardware:Watch7,1, software:11.6.1, creation date:2025-09-13 14:18:16 +0000>",2025-10-02 01:34:33 +0000,2025-10-02 01:34:33 +0000,count/min,59.0,2
HKQuantityTypeIdentifierHeartRate,PhysTrax Apple Watch,11.6.1,"Watch7,1","<<HKDevice: 0x133e94000>, name:Apple Watch, manufacturer:Apple Inc., model:Watch, hardware:Watch7,1, software:11.6.1, creation date:2025-09-13 14:18:16 +0000>",2025-10-02 01:34:38 +0000,2025-10-02 01:34:38 +0000,count/min,58.0,2
HKQuantityTypeIdentifierHeartRate,PhysTrax Apple Watch,11.6.1,"Watch7,1","<<HKDevice: 0x133e94000>, name:Apple Watch, manufacturer:Apple Inc., model:Watch, hardware:Watch7,1, software:11.6.1, creation date:2025-09-13 14:18:16 +0000>",2025-10-02 01:34:43 +0000,2025-10-02 01:34:43 +0000,count/min,59.0,2
HKQuantityTypeIdentifierHeartRate,PhysTrax Apple Watch,11.6.1,"Watch7,1","<<HKDevice: 0x133e94000>, name:Apple Watch, manufacturer:Apple Inc., model:Watch, hardware:Watch7,1, software:11.6.1, creation date:2025-09-13 14:18:16 +0000>",2025-10-02 01:34:44 +0000,2025-10-02 01:34:44 +0000,count/min,59.0,2
HKQuantityTypeIdentifierHeartRate,PhysTrax Apple Watch,11.6.1,"Watch7,1","<<HKDevice: 0x133e94000>, name:Apple Watch, manufacturer:Apple Inc., model:Watch, hardware:Watch7,1, software:11.6.1, creation date:2025-09-13 14:18:16 +0000>",2025-10-02 01:34:53 +0000,2025-10-02 01:34:53 +0000,count/min,58.0,2
HKQuantityTypeIdentifierHeartRate,PhysTrax Apple Watch,11.6.1,"Watch7,1","<<HKDevice: 0x133e94000>, name:Apple Watch, manufacturer:Apple Inc., model:Watch, hardware:Watch7,1, software:11.6.1, creation date:2025-09-13 14:18:16 +0000>",2025-10-02 01:34:54 +0000,2025-10-02 01:34:54 +0000,count/min,58.0,2
HKQuantityTypeIdentifierHeartRate,PhysTrax Apple Watch,11.6.1,"Watch7,1","<<HKDevice: 0x133e94000>, name:Apple Watch, manufacturer:Apple Inc., model:Watch, hardware:Watch7,1, software:11.6.1, creation date:2025-09-13 14:18:16 +0000>",2025-10-02 01:35:03 +0000,2025-10-02 01:35:03 +0000,count/min,58.0,2
HKQuantityTypeIdentifierHeartRate,PhysTrax Apple Watch,11.6.1,"Watch7,1","<<HKDevice: 0x133e94000>, name:Apple Watch, manufacturer:Apple Inc., model:Watch, hardware:Watch7,1, software:11.6.1, creation date:2025-09-13 14:18:16 +0000>",2025-10-02 01:35:06 +0000,2025-10-02 01:35:06 +0000,count/min,58.0,2
HKQuantityTypeIdentifierHeartRate,PhysTrax Apple Watch,11.6.1,"Watch7,1","<<HKDevice: 0x133e94000>, name:Apple Watch, manufacturer:Apple Inc., model:Watch, hardware:Watch7,1, software:11.6.1, creation date:2025-09-13 14:18:16 +0000>",2025-10-02 01:35:12 +0000,2025-10-02 01:35:12 +0000,count/min,58.0,2
HKQuantityTypeIdentifierHeartRate,PhysTrax Apple Watch,11.6.1,"Watch7,1","<<HKDevice: 0x133e94000>, name:Apple Watch, manufacturer:Apple Inc., model:Watch, hardware:Watch7,1, software:11.6.1, creation date:2025-09-13 14:18:16 +0000>",2025-10-02 01:35:15 +0000,2025-10-02 01:35:15 +0000,count/min,58.0,2
HKQuantityTypeIdentifierHeartRate,PhysTrax Apple Watch,11.6.1,"Watch7,1","<<HKDevice: 0x133e94000>, name:Apple Watch, manufacturer:Apple Inc., model:Watch, hardware:Watch7,1, software:11.6.1, creation date:2025-09-13 14:18:16 +0000>",2025-10-02 01:35:19 +0000,2025-10-02 01:35:19 +0000,count/min,58.0,2
HKQuantityTypeIdentifierHeartRate,PhysTrax Apple Watch,11.6.1,"Watch7,1","<<HKDevice: 0x133e94000>, name:Apple Watch, manufacturer:Apple Inc., model:Watch, hardware:Watch7,1, software:11.6.1, creation date:2025-09-13 14:18:16 +0000>",2025-10-02 01:35:25 +0000,2025-10-02 01:35:25 +0000,count/min,59.0,2
HKQuantityTypeIdentifierHeartRate,PhysTrax Apple Watch,11.6.1,"Watch7,1","<<HKDevice: 0x133e94000>, name:Apple Watch, manufacturer:Apple Inc., model:Watch, hardware:Watch7,1, software:11.6.1, creation date:2025-09-13 14:18:16 +0000>",2025-10-02 01:35:33 +0000,2025-10-02 01:35:33 +0000,count/min,60.0,2
HKQuantityTypeIdentifierHeartRate,PhysTrax Apple Watch,11.6.1,"Watch7,1","<<HKDevice: 0x133e94000>, name:Apple Watch, manufacturer:Apple Inc., model:Watch, hardware:Watch7,1, software:11.6.1, creation date:2025-09-13 14:18:16 +0000>",2025-10-02 01:35:38 +0000,2025-10-02 01:35:38 +0000,count/min,60.0,2
HKQuantityTypeIdentifierHeartRate,PhysTrax Apple Watch,11.6.1,"Watch7,1","<<HKDevice: 0x133e94000>, name:Apple Watch, manufacturer:Apple Inc., model:Watch, hardware:Watch7,1, software:11.6.1, creation date:2025-09-13 14:18:16 +0000>",2025-10-02 01:35:42 +0000,2025-10-02 01:35:42 +0000,count/min,59.0,2
HKQuantityTypeIdentifierHeartRate,PhysTrax Apple Watch,11.6.1,"Watch7,1","<<HKDevice: 0x133e94000>, name:Apple Watch, manufacturer:Apple Inc., model:Watch, hardware:Watch7,1, software:11.6.1, creation date:2025-09-13 14:18:16 +0000>",2025-10-02 01:35:48 +0000,2025-10-02 01:35:48 +0000,count/min,60.0,2
HKQuantityTypeIdentifierHeartRate,PhysTrax Apple Watch,11.6.1,"Watch7,1","<<HKDevice: 0x133e94000>, name:Apple Watch, manufacturer:Apple Inc., model:Watch, hardware:Watch7,1, software:11.6.1, creation date:2025-09-13 14:18:16 +0000>",2025-10-02 01:35:52 +0000,2025-10-02 01:35:52 +0000,count/min,60.0,2
HKQuantityTypeIdentifierHeartRate,PhysTrax Apple Watch,11.6.1,"Watch7,1","<<HKDevice: 0x133e94000>, name:Apple Watch, manufacturer:Apple Inc., model:Watch, hardware:Watch7,1, software:11.6.1, creation date:2025-09-13 14:18:16 +0000>",2025-10-02 01:35:54 +0000,2025-10-02 01:35:54 +0000,count/min,60.0,2
HKQuantityTypeIdentifierHeartRate,PhysTrax Apple Watch,11.6.1,"Watch7,1","<<HKDevice: 0x133e94000>, name:Apple Watch, manufacturer:Apple Inc., model:Watch, hardware:Watch7,1, software:11.6.1, creation date:2025-09-13 14:18:16 +0000>",2025-10-02 01:35:59 +0000,2025-10-02 01:35:59 +0000,count/min,61.0,2
HKQuantityTypeIdentifierHeartRate,PhysTrax Apple Watch,11.6.1,"Watch7,1","<<HKDevice: 0x133e94000>, name:Apple Watch, manufacturer:Apple Inc., model:Watch, hardware:Watch7,1, software:11.6.1, creation date:2025-09-13 14:18:16 +0000>",2025-10-02 01:36:04 +0000,2025-10-02 01:36:04 +0000,count/min,64.0,2
HKQuantityTypeIdentifierHeartRate,PhysTrax Apple Watch,11.6.1,"Watch7,1","<<HKDevice: 0x133e94000>, name:Apple Watch, manufacturer:Apple Inc., model:Watch, hardware:Watch7,1, software:11.6.1, creation date:2025-09-13 14:18:16 +0000>",2025-10-02 01:36:13 +0000,2025-10-02 01:36:13 +0000,count/min,63.0,2
HKQuantityTypeIdentifierHeartRate,PhysTrax Apple Watch,11.6.1,"Watch7,1","<<HKDevice: 0x133e94000>, name:Apple Watch, manufacturer:Apple Inc., model:Watch, hardware:Watch7,1, software:11.6.1, creation date:2025-09-13 14:18:16 +0000>",2025-10-02 01:36:18 +0000,2025-10-02 01:36:18 +0000,count/min,61.0,2
HKQuantityTypeIdentifierHeartRate,PhysTrax Apple Watch,11.6.1,"Watch7,1","<<HKDevice: 0x133e94000>, name:Apple Watch, manufacturer:Apple Inc., model:Watch, hardware:Watch7,1, software:11.6.1, creation date:2025-09-13 14:18:16 +0000>",2025-10-02 01:36:23 +0000,2025-10-02 01:36:23 +0000,count/min,60.0,2
HKQuantityTypeIdentifierHeartRate,PhysTrax Apple Watch,11.6.1,"Watch7,1","<<HKDevice: 0x133e94000>, name:Apple Watch, manufacturer:Apple Inc., model:Watch, hardware:Watch7,1, software:11.6.1, creation date:2025-09-13 14:18:16 +0000>",2025-10-02 01:36:26 +0000,2025-10-02 01:36:26 +0000,count/min,60.0,2
HKQuantityTypeIdentifierHeartRate,PhysTrax Apple Watch,11.6.1,"Watch7,1","<<HKDevice: 0x133e94000>, name:Apple Watch, manufacturer:Apple Inc., model:Watch, hardware:Watch7,1, software:11.6.1, creation date:2025-09-13 14:18:16 +0000>",2025-10-02 01:36:29 +0000,2025-10-02 01:36:29 +0000,count/min,61.0,2
HKQuantityTypeIdentifierHeartRate,PhysTrax Apple Watch,11.6.1,"Watch7,1","<<HKDevice: 0x133e94000>, name:Apple Watch, manufacturer:Apple Inc., model:Watch, hardware:Watch7,1, software:11.6.1, creation date:2025-09-13 14:18:16 +0000>",2025-10-02 01:36:34 +0000,2025-10-02 01:36:34 +0000,count/min,61.0,2
HKQuantityTypeIdentifierHeartRate,PhysTrax Apple Watch,11.6.1,"Watch7,1","<<HKDevice: 0x133e94000>, name:Apple Watch, manufacturer:Apple Inc., model:Watch, hardware:Watch7,1, software:11.6.1, creation date:2025-09-13 14:18:16 +0000>",2025-10-02 01:36:39 +0000,2025-10-02 01:36:39 +0000,count/min,63.0,2
HKQuantityTypeIdentifierHeartRate,PhysTrax Apple Watch,11.6.1,"Watch7,1","<<HKDevice: 0x133e94000>, name:Apple Watch, manufacturer:Apple Inc., model:Watch, hardware:Watch7,1, software:11.6.1, creation date:2025-09-13 14:18:16 +0000>",2025-10-02 01:36:48 +0000,2025-10-02 01:36:48 +0000,count/min,61.0,2
HKQuantityTypeIdentifierHeartRate,PhysTrax Apple Watch,11.6.1,"Watch7,1","<<HKDevice: 0x133e94000>, name:Apple Watch, manufacturer:Apple Inc., model:Watch, hardware:Watch7,1, software:11.6.1, creation date:2025-09-13 14:18:16 +0000>",2025-10-02 01:36:53 +0000,2025-10-02 01:36:53 +0000,count/min,60.0,2
HKQuantityTypeIdentifierHeartRate,PhysTrax Apple Watch,11.6.1,"Watch7,1","<<HKDevice: 0x133e94000>, name:Apple Watch, manufacturer:Apple Inc., model:Watch, hardware:Watch7,1, software:11.6.1, creation date:2025-09-13 14:18:16 +0000>",2025-10-02 01:36:56 +0000,2025-10-02 01:36:56 +0000,count/min,60.0,2
HKQuantityTypeIdentifierHeartRate,PhysTrax Apple Watch,11.6.1,"Watch7,1","<<HKDevice: 0x133e94000>, name:Apple Watch, manufacturer:Apple Inc., model:Watch, hardware:Watch7,1, software:11.6.1, creation date:2025-09-13 14:18:16 +0000>",2025-10-02 01:37:03 +0000,2025-10-02 01:37:03 +0000,count/min,62.00000000000001,2
HKQuantityTypeIdentifierHeartRate,PhysTrax Apple Watch,11.6.1,"Watch7,1","<<HKDevice: 0x133e94000>, name:Apple Watch, manufacturer:Apple Inc., model:Watch, hardware:Watch7,1, software:11.6.1, creation date:2025-09-13 14:18:16 +0000>",2025-10-02 01:37:06 +0000,2025-10-02 01:37:06 +0000,count/min,63.0,2
HKQuantityTypeIdentifierHeartRate,PhysTrax Apple Watch,11.6.1,"Watch7,1","<<HKDevice: 0x133e94000>, name:Apple Watch, manufacturer:Apple Inc., model:Watch, hardware:Watch7,1, software:11.6.1, creation date:2025-09-13 14:18:16 +0000>",2025-10-02 01:37:13 +0000,2025-10-02 01:37:13 +0000,count/min,66.0,2
HKQuantityTypeIdentifierHeartRate,PhysTrax Apple Watch,11.6.1,"Watch7,1","<<HKDevice: 0x133e94000>, name:Apple Watch, manufacturer:Apple Inc., model:Watch, hardware:Watch7,1, software:11.6.1, creation date:2025-09-13 14:18:16 +0000>",2025-10-02 01:37:18 +0000,2025-10-02 01:37:18 +0000,count/min,63.0,2
HKQuantityTypeIdentifierHeartRate,PhysTrax Apple Watch,11.6.1,"Watch7,1","<<HKDevice: 0x133e94000>, name:Apple Watch, manufacturer:Apple Inc., model:Watch, hardware:Watch7,1, software:11.6.1, creation date:2025-09-13 14:18:16 +0000>",2025-10-02 01:37:21 +0000,2025-10-02 01:37:21 +0000,count/min,62.00000000000001,2
HKQuantityTypeIdentifierHeartRate,PhysTrax Apple Watch,11.6.1,"Watch7,1","<<HKDevice: 0x133e94000>, name:Apple Watch, manufacturer:Apple Inc., model:Watch, hardware:Watch7,1, software:11.6.1, creation date:2025-09-13 14:18:16 +0000>",2025-10-02 01:37:48 +0000,2025-10-02 01:37:48 +0000,count/min,60.0,2
HKQuantityTypeIdentifierHeartRate,PhysTrax Apple Watch,11.6.1,"Watch7,1","<<HKDevice: 0x133e94000>, name:Apple Watch, manufacturer:Apple Inc., model:Watch, hardware:Watch7,1, software:11.6.1, creation date:2025-09-13 14:18:16 +0000>",2025-10-02 01:38:04 +0000,2025-10-02 01:38:04 +0000,count/min,61.0,2
HKQuantityTypeIdentifierHeartRate,PhysTrax Apple Watch,11.6.1,"Watch7,1","<<HKDevice: 0x133e94000>, name:Apple Watch, manufacturer:Apple Inc., model:Watch, hardware:Watch7,1, software:11.6.1, creation date:2025-09-13 14:18:16 +0000>",2025-10-02 01:38:13 +0000,2025-10-02 01:38:13 +0000,count/min,65.0,2
HKQuantityTypeIdentifierHeartRate,PhysTrax Apple Watch,11.6.1,"Watch7,1","<<HKDevice: 0x133e94000>, name:Apple Watch, manufacturer:Apple Inc., model:Watch, hardware:Watch7,1, software:11.6.1, creation date:2025-09-13 14:18:16 +0000>",2025-10-02 01:38:18 +0000,2025-10-02 01:38:18 +0000,count/min,62.00000000000001,2
HKQuantityTypeIdentifierHeartRate,PhysTrax Apple Watch,11.6.1,"Watch7,1","<<HKDevice: 0x133e94000>, name:Apple Watch, manufacturer:Apple Inc., model:Watch, hardware:Watch7,1, software:11.6.1, creation date:2025-09-13 14:18:16 +0000>",2025-10-02 01:38:23 +0000,2025-10-02 01:38:23 +0000,count/min,62.00000000000001,2
HKQuantityTypeIdentifierHeartRate,PhysTrax Apple Watch,11.6.1,"Watch7,1","<<HKDevice: 0x133e94000>, name:Apple Watch, manufacturer:Apple Inc., model:Watch, hardware:Watch7,1, software:11.6.1, creation date:2025-09-13 14:18:16 +0000>",2025-10-02 01:38:27 +0000,2025-10-02 01:38:27 +0000,count/min,63.0,2
HKQuantityTypeIdentifierHeartRate,PhysTrax Apple Watch,11.6.1,"Watch7,1","<<HKDevice: 0x133e94000>, name:Apple Watch, manufacturer:Apple Inc., model:Watch, hardware:Watch7,1, software:11.6.1, creation date:2025-09-13 14:18:16 +0000>",2025-10-02 01:38:32 +0000,2025-10-02 01:38:32 +0000,count/min,63.0,2
HKQuantityTypeIdentifierHeartRate,PhysTrax Apple Watch,11.6.1,"Watch7,1","<<HKDevice: 0x133e943c0>, name:Apple Watch, manufacturer:Apple Inc., model:Watch, hardware:Watch7,1, software:11.6.1, creation date:2025-09-13 14:18:16 +0000>",2025-10-02 01:38:38 +0000,2025-10-02 01:38:38 +0000,count/min,61.0,2
HKQuantityTypeIdentifierHeartRate,PhysTrax Apple Watch,11.6.1,"Watch7,1","<<HKDevice: 0x133e943c0>, name:Apple Watch, manufacturer:Apple Inc., model:Watch, hardware:Watch7,1, software:11.6.1, creation date:2025-09-13 14:18:16 +0000>",2025-10-02 01:38:43 +0000,2025-10-02 01:38:43 +0000,count/min,60.0,2
HKQuantityTypeIdentifierHeartRate,PhysTrax Apple Watch,11.6.1,"Watch7,1","<<HKDevice: 0x133e943c0>, name:Apple Watch, manufacturer:Apple Inc., model:Watch, hardware:Watch7,1, software:11.6.1, creation date:2025-09-13 14:18:16 +0000>",2025-10-02 01:38:44 +0000,2025-10-02 01:38:44 +0000,count/min,60.0,2
HKQuantityTypeIdentifierHeartRate,PhysTrax Apple Watch,11.6.1,"Watch7,1","<<HKDevice: 0x133e943c0>, name:Apple Watch, manufacturer:Apple Inc., model:Watch, hardware:Watch7,1, software:11.6.1, creation date:2025-09-13 14:18:16 +0000>",2025-10-02 01:38:52 +0000,2025-10-02 01:38:52 +0000,count/min,59.0,2
HKQuantityTypeIdentifierHeartRate,PhysTrax Apple Watch,11.6.1,"Watch7,1","<<HKDevice: 0x133e943c0>, name:Apple Watch, manufacturer:Apple Inc., model:Watch, hardware:Watch7,1, software:11.6.1, creation date:2025-09-13 14:18:16 +0000>",2025-10-02 01:38:54 +0000,2025-10-02 01:38:54 +0000,count/min,59.0,2
HKQuantityTypeIdentifierHeartRate,PhysTrax Apple Watch,11.6.1,"Watch7,1","<<HKDevice: 0x133e943c0>, name:Apple Watch, manufacturer:Apple Inc., model:Watch, hardware:Watch7,1, software:11.6.1, creation date:2025-09-13 14:18:16 +0000>",2025-10-02 01:39:03 +0000,2025-10-02 01:39:03 +0000,count/min,71.0,2
HKQuantityTypeIdentifierHeartRate,PhysTrax Apple Watch,11.6.1,"Watch7,1","<<HKDevice: 0x133e943c0>, name:Apple Watch, manufacturer:Apple Inc., model:Watch, hardware:Watch7,1, software:11.6.1, creation date:2025-09-13 14:18:16 +0000>",2025-10-02 01:39:08 +0000,2025-10-02 01:39:08 +0000,count/min,71.0,2
HKQuantityTypeIdentifierHeartRate,PhysTrax Apple Watch,11.6.1,"Watch7,1","<<HKDevice: 0x133e943c0>, name:Apple Watch, manufacturer:Apple Inc., model:Watch, hardware:Watch7,1, software:11.6.1, creation date:2025-09-13 14:18:16 +0000>",2025-10-02 01:39:11 +0000,2025-10-02 01:39:11 +0000,count/min,69.0,2
HKQuantityTypeIdentifierHeartRate,PhysTrax Apple Watch,11.6.1,"Watch7,1","<<HKDevice: 0x133e943c0>, name:Apple Watch, manufacturer:Apple Inc., model:Watch, hardware:Watch7,1, software:11.6.1, creation date:2025-09-13 14:18:16 +0000>",2025-10-02 01:39:17 +0000,2025-10-02 01:39:17 +0000,count/min,64.0,2
HKQuantityTypeIdentifierHeartRate,PhysTrax Apple Watch,11.6.1,"Watch7,1","<<HKDevice: 0x133e943c0>, name:Apple Watch, manufacturer:Apple Inc., model:Watch, hardware:Watch7,1, software:11.6.1, creation date:2025-09-13 14:18:16 +0000>",2025-10-02 01:39:23 +0000,2025-10-02 01:39:23 +0000,count/min,63.0,2
HKQuantityTypeIdentifierHeartRate,PhysTrax Apple Watch,11.6.1,"Watch7,1","<<HKDevice: 0x133e943c0>, name:Apple Watch, manufacturer:Apple Inc., model:Watch, hardware:Watch7,1, software:11.6.1, creation date:2025-09-13 14:18:16 +0000>",2025-10-02 01:39:28 +0000,2025-10-02 01:39:28 +0000,count/min,63.0,2
HKQuantityTypeIdentifierHeartRate,PhysTrax Apple Watch,11.6.1,"Watch7,1","<<HKDevice: 0x133e943c0>, name:Apple Watch, manufacturer:Apple Inc., model:Watch, hardware:Watch7,1, software:11.6.1, creation date:2025-09-13 14:18:16 +0000>",2025-10-02 01:39:33 +0000,2025-10-02 01:39:33 +0000,count/min,62.00000000000001,2
HKQuantityTypeIdentifierHeartRate,PhysTrax Apple Watch,11.6.1,"Watch7,1","<<HKDevice: 0x133e943c0>, name:Apple Watch, manufacturer:Apple Inc., model:Watch, hardware:Watch7,1, software:11.6.1, creation date:2025-09-13 14:18:16 +0000>",2025-10-02 01:39:37 +0000,2025-10-02 01:39:37 +0000,count/min,62.00000000000001,2
HKQuantityTypeIdentifierHeartRate,PhysTrax Apple Watch,11.6.1,"Watch7,1","<<HKDevice: 0x133e943c0>, name:Apple Watch, manufacturer:Apple Inc., model:Watch, hardware:Watch7,1, software:11.6.1, creation date:2025-09-13 14:18:16 +0000>",2025-10-02 01:39:43 +0000,2025-10-02 01:39:43 +0000,count/min,62.00000000000001,2
HKQuantityTypeIdentifierHeartRate,PhysTrax Apple Watch,11.6.1,"Watch7,1","<<HKDevice: 0x133e943c0>, name:Apple Watch, manufacturer:Apple Inc., model:Watch, hardware:Watch7,1, software:11.6.1, creation date:2025-09-13 14:18:16 +0000>",2025-10-02 01:39:46 +0000,2025-10-02 01:39:46 +0000,count/min,62.00000000000001,2
HKQuantityTypeIdentifierHeartRate,PhysTrax Apple Watch,11.6.1,"Watch7,1","<<HKDevice: 0x133e943c0>, name:Apple Watch, manufacturer:Apple Inc., model:Watch, hardware:Watch7,1, software:11.6.1, creation date:2025-09-13 14:18:16 +0000>",2025-10-02 01:39:51 +0000,2025-10-02 01:39:51 +0000,count/min,63.0,2
HKQuantityTypeIdentifierHeartRate,PhysTrax Apple Watch,11.6.1,"Watch7,1","<<HKDevice: 0x133e943c0>, name:Apple Watch, manufacturer:Apple Inc., model:Watch, hardware:Watch7,1, software:11.6.1, creation date:2025-09-13 14:18:16 +0000>",2025-10-02 01:39:55 +0000,2025-10-02 01:39:55 +0000,count/min,63.0,2
HKQuantityTypeIdentifierHeartRate,PhysTrax Apple Watch,11.6.1,"Watch7,1","<<HKDevice: 0x133e943c0>, name:Apple Watch, manufacturer:Apple Inc., model:Watch, hardware:Watch7,1, software:11.6.1, creation date:2025-09-13 14:18:16 +0000>",2025-10-02 01:40:00 +0000,2025-10-02 01:40:00 +0000,count/min,64.0,2
HKQuantityTypeIdentifierHeartRate,PhysTrax Apple Watch,11.6.1,"Watch7,1","<<HKDevice: 0x133e943c0>, name:Apple Watch, manufacturer:Apple Inc., model:Watch, hardware:Watch7,1, software:11.6.1, creation date:2025-09-13 14:18:16 +0000>",2025-10-02 01:40:07 +0000,2025-10-02 01:40:07 +0000,count/min,64.0,2
HKQuantityTypeIdentifierHeartRate,PhysTrax Apple Watch,11.6.1,"Watch7,1","<<HKDevice: 0x133e943c0>, name:Apple Watch, manufacturer:Apple Inc., model:Watch, hardware:Watch7,1, software:11.6.1, creation date:2025-09-13 14:18:16 +0000>",2025-10-02 01:40:12 +0000,2025-10-02 01:40:12 +0000,count/min,65.0,2
HKQuantityTypeIdentifierHeartRate,PhysTrax Apple Watch,11.6.1,"Watch7,1","<<HKDevice: 0x133e943c0>, name:Apple Watch, manufacturer:Apple Inc., model:Watch, hardware:Watch7,1, software:11.6.1, creation date:2025-09-13 14:18:16 +0000>",2025-10-02 01:40:15 +0000,2025-10-02 01:40:15 +0000,count/min,65.0,2
HKQuantityTypeIdentifierHeartRate,PhysTrax Apple Watch,11.6.1,"Watch7,1","<<HKDevice: 0x133e943c0>, name:Apple Watch, manufacturer:Apple Inc., model:Watch, hardware:Watch7,1, software:11.6.1, creation date:2025-09-13 14:18:16 +0000>",2025-10-02 01:40:21 +0000,2025-10-02 01:40:21 +0000,count/min,65.0,2
HKQuantityTypeIdentifierHeartRate,PhysTrax Apple Watch,11.6.1,"Watch7,1","<<HKDevice: 0x133e943c0>, name:Apple Watch, manufacturer:Apple Inc., model:Watch, hardware:Watch7,1, software:11.6.1, creation date:2025-09-13 14:18:16 +0000>",2025-10-02 01:40:26 +0000,2025-10-02 01:40:26 +0000,count/min,65.0,2
HKQuantityTypeIdentifierHeartRate,PhysTrax Apple Watch,11.6.1,"Watch7,1","<<HKDevice: 0x133e943c0>, name:Apple Watch, manufacturer:Apple Inc., model:Watch, hardware:Watch7,1, software:11.6.1, creation date:2025-09-13 14:18:16 +0000>",2025-10-02 01:40:31 +0000,2025-10-02 01:40:31 +0000,count/min,66.0,2
HKQuantityTypeIdentifierHeartRate,PhysTrax Apple Watch,11.6.1,"Watch7,1","<<HKDevice: 0x133e943c0>, name:Apple Watch, manufacturer:Apple Inc., model:Watch, hardware:Watch7,1, software:11.6.1, creation date:2025-09-13 14:18:16 +0000>",2025-10-02 01:40:35 +0000,2025-10-02 01:40:35 +0000,count/min,65.0,2
HKQuantityTypeIdentifierHeartRate,PhysTrax Apple Watch,11.6.1,"Watch7,1","<<HKDevice: 0x133e943c0>, name:Apple Watch, manufacturer:Apple Inc., model:Watch, hardware:Watch7,1, software:11.6.1, creation date:2025-09-13 14:18:16 +0000>",2025-10-02 01:40:49 +0000,2025-10-02 01:40:49 +0000,count/min,60.0,2
HKQuantityTypeIdentifierHeartRate,PhysTrax Apple Watch,11.6.1,"Watch7,1","<<HKDevice: 0x133e943c0>, name:Apple Watch, manufacturer:Apple Inc., model:Watch, hardware:Watch7,1, software:11.6.1, creation date:2025-09-13 14:18:16 +0000>",2025-10-02 01:40:58 +0000,2025-10-02 01:40:58 +0000,count/min,60.0,2
HKQuantityTypeIdentifierHeartRate,PhysTrax Apple Watch,11.6.1,"Watch7,1","<<HKDevice: 0x133e943c0>, name:Apple Watch, manufacturer:Apple Inc., model:Watch, hardware:Watch7,1, software:11.6.1, creation date:2025-09-13 14:18:16 +0000>",2025-10-02 01:40:59 +0000,2025-10-02 01:40:59 +0000,count/min,60.0,2
HKQuantityTypeIdentifierHeartRate,PhysTrax Apple Watch,11.6.1,"Watch7,1","<<HKDevice: 0x133e943c0>, name:Apple Watch, manufacturer:Apple Inc., model:Watch, hardware:Watch7,1, software:11.6.1, creation date:2025-09-13 14:18:16 +0000>",2025-10-02 01:41:04 +0000,2025-10-02 01:41:04 +0000,count/min,60.0,2
HKQuantityTypeIdentifierHeartRate,PhysTrax Apple Watch,11.6.1,"Watch7,1","<<HKDevice: 0x133e943c0>, name:Apple Watch, manufacturer:Apple Inc., model:Watch, hardware:Watch7,1, software:11.6.1, creation date:2025-09-13 14:18:16 +0000>",2025-10-02 01:41:13 +0000,2025-10-02 01:41:13 +0000,count/min,60.0,2
HKQuantityTypeIdentifierHeartRate,PhysTrax Apple Watch,11.6.1,"Watch7,1","<<HKDevice: 0x133e943c0>, name:Apple Watch, manufacturer:Apple Inc., model:Watch, hardware:Watch7,1, software:11.6.1, creation date:2025-09-13 14:18:16 +0000>",2025-10-02 01:41:18 +0000,2025-10-02 01:41:18 +0000,count/min,60.0,2
HKQuantityTypeIdentifierHeartRate,PhysTrax Apple Watch,11.6.1,"Watch7,1","<<HKDevice: 0x133e943c0>, name:Apple Watch, manufacturer:Apple Inc., model:Watch, hardware:Watch7,1, software:11.6.1, creation date:2025-09-13 14:18:16 +0000>",2025-10-02 01:41:21 +0000,2025-10-02 01:41:21 +0000,count/min,61.0,2
HKQuantityTypeIdentifierHeartRate,PhysTrax Apple Watch,11.6.1,"Watch7,1","<<HKDevice: 0x133e943c0>, name:Apple Watch, manufacturer:Apple Inc., model:Watch, hardware:Watch7,1, software:11.6.1, creation date:2025-09-13 14:18:16 +0000>",2025-10-02 01:41:27 +0000,2025-10-02 01:41:27 +0000,count/min,63.0,2
HKQuantityTypeIdentifierHeartRate,PhysTrax Apple Watch,11.6.1,"Watch7,1","<<HKDevice: 0x133e943c0>, name:Apple Watch, manufacturer:Apple Inc., model:Watch, hardware:Watch7,1, software:11.6.1, creation date:2025-09-13 14:18:16 +0000>",2025-10-02 01:41:32 +0000,2025-10-02 01:41:32 +0000,count/min,64.0,2
HKQuantityTypeIdentifierHeartRate,PhysTrax Apple Watch,11.6.1,"Watch7,1","<<HKDevice: 0x133e943c0>, name:Apple Watch, manufacturer:Apple Inc., model:Watch, hardware:Watch7,1, software:11.6.1, creation date:2025-09-13 14:18:16 +0000>",2025-10-02 01:41:34 +0000,2025-10-02 01:41:34 +0000,count/min,64.0,2
HKQuantityTypeIdentifierHeartRate,PhysTrax Apple Watch,11.6.1,"Watch7,1","<<HKDevice: 0x133e943c0>, name:Apple Watch, manufacturer:Apple Inc., model:Watch, hardware:Watch7,1, software:11.6.1, creation date:2025-09-13 14:18:16 +0000>",2025-10-02 01:41:42 +0000,2025-10-02 01:41:42 +0000,count/min,61.0,2
HKQuantityTypeIdentifierHeartRate,PhysTrax Apple Watch,11.6.1,"Watch7,1","<<HKDevice: 0x133e943c0>, name:Apple Watch, manufacturer:Apple Inc., model:Watch, hardware:Watch7,1, software:11.6.1, creation date:2025-09-13 14:18:16 +0000>",2025-10-02 01:41:44 +0000,2025-10-02 01:41:44 +0000,count/min,60.0,2
HKQuantityTypeIdentifierHeartRate,PhysTrax Apple Watch,11.6.1,"Watch7,1","<<HKDevice: 0x133e943c0>, name:Apple Watch, manufacturer:Apple Inc., model:Watch, hardware:Watch7,1, software:11.6.1, creation date:2025-09-13 14:18:16 +0000>",2025-10-02 01:41:53 +0000,2025-10-02 01:41:53 +0000,count/min,62.00000000000001,2
HKQuantityTypeIdentifierHeartRate,PhysTrax Apple Watch,11.6.1,"Watch7,1","<<HKDevice: 0x133e943c0>, name:Apple Watch, manufacturer:Apple Inc., model:Watch, hardware:Watch7,1, software:11.6.1, creation date:2025-09-13 14:18:16 +0000>",2025-10-02 01:41:57 +0000,2025-10-02 01:41:57 +0000,count/min,60.0,2
HKQuantityTypeIdentifierHeartRate,PhysTrax Apple Watch,11.6.1,"Watch7,1","<<HKDevice: 0x133e943c0>, name:Apple Watch, manufacturer:Apple Inc., model:Watch, hardware:Watch7,1, software:11.6.1, creation date:2025-09-13 14:18:16 +0000>",2025-10-02 01:41:59 +0000,2025-10-02 01:41:59 +0000,count/min,60.0,2
HKQuantityTypeIdentifierHeartRate,PhysTrax Apple Watch,11.6.1,"Watch7,1","<<HKDevice: 0x133e943c0>, name:Apple Watch, manufacturer:Apple Inc., model:Watch, hardware:Watch7,1, software:11.6.1, creation date:2025-09-13 14:18:16 +0000>",2025-10-02 01:42:05 +0000,2025-10-02 01:42:05 +0000,count/min,60.0,2
HKQuantityTypeIdentifierHeartRate,PhysTrax Apple Watch,11.6.1,"Watch7,1","<<HKDevice: 0x133e943c0>, name:Apple Watch, manufacturer:Apple Inc., model:Watch, hardware:Watch7,1, software:11.6.1, creation date:2025-09-13 14:18:16 +0000>",2025-10-02 01:42:09 +0000,2025-10-02 01:42:09 +0000,count/min,59.0,2
HKQuantityTypeIdentifierHeartRate,PhysTrax Apple Watch,11.6.1,"Watch7,1","<<HKDevice: 0x133e943c0>, name:Apple Watch, manufacturer:Apple Inc., model:Watch, hardware:Watch7,1, software:11.6.1, creation date:2025-09-13 14:18:16 +0000>",2025-10-02 01:42:18 +0000,2025-10-02 01:42:18 +0000,count/min,60.0,2
HKQuantityTypeIdentifierHeartRate,PhysTrax Apple Watch,11.6.1,"Watch7,1","<<HKDevice: 0x133e943c0>, name:Apple Watch, manufacturer:Apple Inc., model:Watch, hardware:Watch7,1, software:11.6.1, creation date:2025-09-13 14:18:16 +0000>",2025-10-02 01:42:23 +0000,2025-10-02 01:42:23 +0000,count/min,61.0,2
HKQuantityTypeIdentifierHeartRate,PhysTrax Apple Watch,11.6.1,"Watch7,1","<<HKDevice: 0x133e943c0>, name:Apple Watch, manufacturer:Apple Inc., model:Watch, hardware:Watch7,1, software:11.6.1, creation date:2025-09-13 14:18:16 +0000>",2025-10-02 01:42:26 +0000,2025-10-02 01:42:26 +0000,count/min,60.0,2
HKQuantityTypeIdentifierHeartRate,PhysTrax Apple Watch,11.6.1,"Watch7,1","<<HKDevice: 0x133e943c0>, name:Apple Watch, manufacturer:Apple Inc., model:Watch, hardware:Watch7,1, software:11.6.1, creation date:2025-09-13 14:18:16 +0000>",2025-10-02 01:42:33 +0000,2025-10-02 01:42:33 +0000,count/min,60.0,2
HKQuantityTypeIdentifierHeartRate,PhysTrax Apple Watch,11.6.1,"Watch7,1","<<HKDevice: 0x133e943c0>, name:Apple Watch, manufacturer:Apple Inc., model:Watch, hardware:Watch7,1, software:11.6.1, creation date:2025-09-13 14:18:16 +0000>",2025-10-02 01:42:38 +0000,2025-10-02 01:42:38 +0000,count/min,59.0,2
HKQuantityTypeIdentifierHeartRate,PhysTrax Apple Watch,11.6.1,"Watch7,1","<<HKDevice: 0x133e943c0>, name:Apple Watch, manufacturer:Apple Inc., model:Watch, hardware:Watch7,1, software:11.6.1, creation date:2025-09-13 14:18:16 +0000>",2025-10-02 01:42:42 +0000,2025-10-02 01:42:42 +0000,count/min,59.0,2
HKQuantityTypeIdentifierHeartRate,PhysTrax Apple Watch,11.6.1,"Watch7,1","<<HKDevice: 0x133e943c0>, name:Apple Watch, manufacturer:Apple Inc., model:Watch, hardware:Watch7,1, software:11.6.1, creation date:2025-09-13 14:18:16 +0000>",2025-10-02 01:42:45 +0000,2025-10-02 01:42:45 +0000,count/min,60.0,2
HKQuantityTypeIdentifierHeartRate,PhysTrax Apple Watch,11.6.1,"Watch7,1","<<HKDevice: 0x133e943c0>, name:Apple Watch, manufacturer:Apple Inc., model:Watch, hardware:Watch7,1, software:11.6.1, creation date:2025-09-13 14:18:16 +0000>",2025-10-02 01:42:52 +0000,2025-10-02 01:42:52 +0000,count/min,60.0,2
HKQuantityTypeIdentifierHeartRate,PhysTrax Apple Watch,11.6.1,"Watch7,1","<<HKDevice: 0x133e943c0>, name:Apple Watch, manufacturer:Apple Inc., model:Watch, hardware:Watch7,1, software:11.6.1, creation date:2025-09-13 14:18:16 +0000>",2025-10-02 01:42:56 +0000,2025-10-02 01:42:56 +0000,count/min,62.00000000000001,2
HKQuantityTypeIdentifierHeartRate,PhysTrax Apple Watch,11.6.1,"Watch7,1","<<HKDevice: 0x133e943c0>, name:Apple Watch, manufacturer:Apple Inc., model:Watch, hardware:Watch7,1, software:11.6.1, creation date:2025-09-13 14:18:16 +0000>",2025-10-02 01:43:03 +0000,2025-10-02 01:43:03 +0000,count/min,63.0,2
HKQuantityTypeIdentifierHeartRate,PhysTrax Apple Watch,11.6.1,"Watch7,1","<<HKDevice: 0x133e943c0>, name:Apple Watch, manufacturer:Apple Inc., model:Watch, hardware:Watch7,1, software:11.6.1, creation date:2025-09-13 14:18:16 +0000>",2025-10-02 01:43:08 +0000,2025-10-02 01:43:08 +0000,count/min,62.00000000000001,2
HKQuantityTypeIdentifierHeartRate,PhysTrax Apple Watch,11.6.1,"Watch7,1","<<HKDevice: 0x133e943c0>, name:Apple Watch, manufacturer:Apple Inc., model:Watch, hardware:Watch7,1, software:11.6.1, creation date:2025-09-13 14:18:16 +0000>",2025-10-02 01:43:11 +0000,2025-10-02 01:43:11 +0000,count/min,61.0,2
HKQuantityTypeIdentifierHeartRate,PhysTrax Apple Watch,11.6.1,"Watch7,1","<<HKDevice: 0x133e943c0>, name:Apple Watch, manufacturer:Apple Inc., model:Watch, hardware:Watch7,1, software:11.6.1, creation date:2025-09-13 14:18:16 +0000>",2025-10-02 01:43:14 +0000,2025-10-02 01:43:14 +0000,count/min,62.00000000000001,2
HKQuantityTypeIdentifierHeartRate,PhysTrax Apple Watch,11.6.1,"Watch7,1","<<HKDevice: 0x133e943c0>, name:Apple Watch, manufacturer:Apple Inc., model:Watch, hardware:Watch7,1, software:11.6.1, creation date:2025-09-13 14:18:16 +0000>",2025-10-02 01:43:21 +0000,2025-10-02 01:43:21 +0000,count/min,63.0,2
HKQuantityTypeIdentifierHeartRate,PhysTrax Apple Watch,11.6.1,"Watch7,1","<<HKDevice: 0x133e943c0>, name:Apple Watch, manufacturer:Apple Inc., model:Watch, hardware:Watch7,1, software:11.6.1, creation date:2025-09-13 14:18:16 +0000>",2025-10-02 01:43:27 +0000,2025-10-02 01:43:27 +0000,count/min,62.00000000000001,2
HKQuantityTypeIdentifierHeartRate,PhysTrax Apple Watch,11.6.1,"Watch7,1","<<HKDevice: 0x133e943c0>, name:Apple Watch, manufacturer:Apple Inc., model:Watch, hardware:Watch7,1, software:11.6.1, creation date:2025-09-13 14:18:16 +0000>",2025-10-02 01:43:31 +0000,2025-10-02 01:43:31 +0000,count/min,62.00000000000001,2
HKQuantityTypeIdentifierHeartRate,PhysTrax Apple Watch,11.6.1,"Watch7,1","<<HKDevice: 0x133e943c0>, name:Apple Watch, manufacturer:Apple Inc., model:Watch, hardware:Watch7,1, software:11.6.1, creation date:2025-09-13 14:18:16 +0000>",2025-10-02 01:43:35 +0000,2025-10-02 01:43:35 +0000,count/min,62.00000000000001,2
HKQuantityTypeIdentifierHeartRate,PhysTrax Apple Watch,11.6.1,"Watch7,1","<<HKDevice: 0x133e943c0>, name:Apple Watch, manufacturer:Apple Inc., model:Watch, hardware:Watch7,1, software:11.6.1, creation date:2025-09-13 14:18:16 +0000>",2025-10-02 01:43:43 +0000,2025-10-02 01:43:43 +0000,count/min,61.0,2
HKQuantityTypeIdentifierHeartRate,PhysTrax Apple Watch,11.6.1,"Watch7,1","<<HKDevice: 0x133e943c0>, name:Apple Watch, manufacturer:Apple Inc., model:Watch, hardware:Watch7,1, software:11.6.1, creation date:2025-09-13 14:18:16 +0000>",2025-10-02 01:43:44 +0000,2025-10-02 01:43:44 +0000,count/min,60.0,2
HKQuantityTypeIdentifierHeartRate,PhysTrax Apple Watch,11.6.1,"Watch7,1","<<HKDevice: 0x133e943c0>, name:Apple Watch, manufacturer:Apple Inc., model:Watch, hardware:Watch7,1, software:11.6.1, creation date:2025-09-13 14:18:16 +0000>",2025-10-02 01:43:53 +0000,2025-10-02 01:43:53 +0000,count/min,61.0,2
HKQuantityTypeIdentifierHeartRate,PhysTrax Apple Watch,11.6.1,"Watch7,1","<<HKDevice: 0x133e943c0>, name:Apple Watch, manufacturer:Apple Inc., model:Watch, hardware:Watch7,1, software:11.6.1, creation date:2025-09-13 14:18:16 +0000>",2025-10-02 01:43:58 +0000,2025-10-02 01:43:58 +0000,count/min,62.00000000000001,2
HKQuantityTypeIdentifierHeartRate,PhysTrax Apple Watch,11.6.1,"Watch7,1","<<HKDevice: 0x133e943c0>, name:Apple Watch, manufacturer:Apple Inc., model:Watch, hardware:Watch7,1, software:11.6.1, creation date:2025-09-13 14:18:16 +0000>",2025-10-02 01:44:03 +0000,2025-10-02 01:44:03 +0000,count/min,61.0,2
HKQuantityTypeIdentifierHeartRate,PhysTrax Apple Watch,11.6.1,"Watch7,1","<<HKDevice: 0x133e943c0>, name:Apple Watch, manufacturer:Apple Inc., model:Watch, hardware:Watch7,1, software:11.6.1, creation date:2025-09-13 14:18:16 +0000>",2025-10-02 01:44:07 +0000,2025-10-02 01:44:07 +0000,count/min,61.0,2
HKQuantityTypeIdentifierHeartRate,PhysTrax Apple Watch,11.6.1,"Watch7,1","<<HKDevice: 0x133e943c0>, name:Apple Watch, manufacturer:Apple Inc., model:Watch, hardware:Watch7,1, software:11.6.1, creation date:2025-09-13 14:18:16 +0000>",2025-10-02 01:44:09 +0000,2025-10-02 01:44:09 +0000,count/min,61.0,2
HKQuantityTypeIdentifierHeartRate,PhysTrax Apple Watch,11.6.1,"Watch7,1","<<HKDevice: 0x133e943c0>, name:Apple Watch, manufacturer:Apple Inc., model:Watch, hardware:Watch7,1, software:11.6.1, creation date:2025-09-13 14:18:16 +0000>",2025-10-02 01:44:16 +0000,2025-10-02 01:44:16 +0000,count/min,63.0,2
HKQuantityTypeIdentifierHeartRate,PhysTrax Apple Watch,11.6.1,"Watch7,1","<<HKDevice: 0x133e943c0>, name:Apple Watch, manufacturer:Apple Inc., model:Watch, hardware:Watch7,1, software:11.6.1, creation date:2025-09-13 14:18:16 +0000>",2025-10-02 01:44:19 +0000,2025-10-02 01:44:19 +0000,count/min,63.0,2
HKQuantityTypeIdentifierHeartRate,PhysTrax Apple Watch,11.6.1,"Watch7,1","<<HKDevice: 0x133e943c0>, name:Apple Watch, manufacturer:Apple Inc., model:Watch, hardware:Watch7,1, software:11.6.1, creation date:2025-09-13 14:18:16 +0000>",2025-10-02 01:44:28 +0000,2025-10-02 01:44:28 +0000,count/min,62.00000000000001,2
HKQuantityTypeIdentifierHeartRate,PhysTrax Apple Watch,11.6.1,"Watch7,1","<<HKDevice: 0x133e943c0>, name:Apple Watch, manufacturer:Apple Inc., model:Watch, hardware:Watch7,1, software:11.6.1, creation date:2025-09-13 14:18:16 +0000>",2025-10-02 01:44:31 +0000,2025-10-02 01:44:31 +0000,count/min,62.00000000000001,2
HKQuantityTypeIdentifierHeartRate,PhysTrax Apple Watch,11.6.1,"Watch7,1","<<HKDevice: 0x133e943c0>, name:Apple Watch, manufacturer:Apple Inc., model:Watch, hardware:Watch7,1, software:11.6.1, creation date:2025-09-13 14:18:16 +0000>",2025-10-02 01:44:48 +0000,2025-10-02 01:44:48 +0000,count/min,66.0,2
HKQuantityTypeIdentifierHeartRate,PhysTrax Apple Watch,11.6.1,"Watch7,1","<<HKDevice: 0x133e943c0>, name:Apple Watch, manufacturer:Apple Inc., model:Watch, hardware:Watch7,1, software:11.6.1, creation date:2025-09-13 14:18:16 +0000>",2025-10-02 01:44:53 +0000,2025-10-02 01:44:53 +0000,count/min,65.0,2
HKQuantityTypeIdentifierHeartRate,PhysTrax Apple Watch,11.6.1,"Watch7,1","<<HKDevice: 0x133e943c0>, name:Apple Watch, manufacturer:Apple Inc., model:Watch, hardware:Watch7,1, software:11.6.1, creation date:2025-09-13 14:18:16 +0000>",2025-10-02 01:44:58 +0000,2025-10-02 01:44:58 +0000,count/min,64.0,2
HKQuantityTypeIdentifierHeartRate,PhysTrax Apple Watch,11.6.1,"Watch7,1","<<HKDevice: 0x133e943c0>, name:Apple Watch, manufacturer:Apple Inc., model:Watch, hardware:Watch7,1, software:11.6.1, creation date:2025-09-13 14:18:16 +0000>",2025-10-02 01:45:02 +0000,2025-10-02 01:45:02 +0000,count/min,63.0,2
HKQuantityTypeIdentifierHeartRate,PhysTrax Apple Watch,11.6.1,"Watch7,1","<<HKDevice: 0x133e943c0>, name:Apple Watch, manufacturer:Apple Inc., model:Watch, hardware:Watch7,1, software:11.6.1, creation date:2025-09-13 14:18:16 +0000>",2025-10-02 01:45:08 +0000,2025-10-02 01:45:08 +0000,count/min,61.0,2
HKQuantityTypeIdentifierHeartRate,PhysTrax Apple Watch,11.6.1,"Watch7,1","<<HKDevice: 0x133e943c0>, name:Apple Watch, manufacturer:Apple Inc., model:Watch, hardware:Watch7,1, software:11.6.1, creation date:2025-09-13 14:18:16 +0000>",2025-10-02 01:45:09 +0000,2025-10-02 01:45:09 +0000,count/min,62.00000000000001,2
HKQuantityTypeIdentifierHeartRate,PhysTrax Apple Watch,11.6.1,"Watch7,1","<<HKDevice: 0x133e943c0>, name:Apple Watch, manufacturer:Apple Inc., model:Watch, hardware:Watch7,1, software:11.6.1, creation date:2025-09-13 14:18:16 +0000>",2025-10-02 01:45:18 +0000,2025-10-02 01:45:18 +0000,count/min,64.0,2
HKQuantityTypeIdentifierHeartRate,PhysTrax Apple Watch,11.6.1,"Watch7,1","<<HKDevice: 0x133e943c0>, name:Apple Watch, manufacturer:Apple Inc., model:Watch, hardware:Watch7,1, software:11.6.1, creation date:2025-09-13 14:18:16 +0000>",2025-10-02 01:45:21 +0000,2025-10-02 01:45:21 +0000,count/min,64.0,2
HKQuantityTypeIdentifierHeartRate,PhysTrax Apple Watch,11.6.1,"Watch7,1","<<HKDevice: 0x133e943c0>, name:Apple Watch, manufacturer:Apple Inc., model:Watch, hardware:Watch7,1, software:11.6.1, creation date:2025-09-13 14:18:16 +0000>",2025-10-02 01:45:24 +0000,2025-10-02 01:45:24 +0000,count/min,64.0,2
HKQuantityTypeIdentifierHeartRate,PhysTrax Apple Watch,11.6.1,"Watch7,1","<<HKDevice: 0x133e943c0>, name:Apple Watch, manufacturer:Apple Inc., model:Watch, hardware:Watch7,1, software:11.6.1, creation date:2025-09-13 14:18:16 +0000>",2025-10-02 01:45:32 +0000,2025-10-02 01:45:32 +0000,count/min,61.0,2
HKQuantityTypeIdentifierHeartRate,PhysTrax Apple Watch,11.6.1,"Watch7,1","<<HKDevice: 0x133e943c0>, name:Apple Watch, manufacturer:Apple Inc., model:Watch, hardware:Watch7,1, software:11.6.1, creation date:2025-09-13 14:18:16 +0000>",2025-10-02 01:45:36 +0000,2025-10-02 01:45:36 +0000,count/min,61.0,2
HKQuantityTypeIdentifierHeartRate,PhysTrax Apple Watch,11.6.1,"Watch7,1","<<HKDevice: 0x133e943c0>, name:Apple Watch, manufacturer:Apple Inc., model:Watch, hardware:Watch7,1, software:11.6.1, creation date:2025-09-13 14:18:16 +0000>",2025-10-02 01:45:42 +0000,2025-10-02 01:45:42 +0000,count/min,60.0,2
HKQuantityTypeIdentifierHeartRate,PhysTrax Apple Watch,11.6.1,"Watch7,1","<<HKDevice: 0x133e943c0>, name:Apple Watch, manufacturer:Apple Inc., model:Watch, hardware:Watch7,1, software:11.6.1, creation date:2025-09-13 14:18:16 +0000>",2025-10-02 01:45:48 +0000,2025-10-02 01:45:48 +0000,count/min,61.0,2
HKQuantityTypeIdentifierHeartRate,PhysTrax Apple Watch,11.6.1,"Watch7,1","<<HKDevice: 0x133e943c0>, name:Apple Watch, manufacturer:Apple Inc., model:Watch, hardware:Watch7,1, software:11.6.1, creation date:2025-09-13 14:18:16 +0000>",2025-10-02 01:45:51 +0000,2025-10-02 01:45:51 +0000,count/min,61.0,2
HKQuantityTypeIdentifierHeartRate,PhysTrax Apple Watch,11.6.1,"Watch7,1","<<HKDevice: 0x133e943c0>, name:Apple Watch, manufacturer:Apple Inc., model:Watch, hardware:Watch7,1, software:11.6.1, creation date:2025-09-13 14:18:16 +0000>",2025-10-02 01:45:58 +0000,2025-10-02 01:45:58 +0000,count/min,63.0,2
HKQuantityTypeIdentifierHeartRate,PhysTrax Apple Watch,11.6.1,"Watch7,1","<<HKDevice: 0x133e943c0>, name:Apple Watch, manufacturer:Apple Inc., model:Watch, hardware:Watch7,1, software:11.6.1, creation date:2025-09-13 14:18:16 +0000>",2025-10-02 01:46:01 +0000,2025-10-02 01:46:01 +0000,count/min,62.00000000000001,2
HKQuantityTypeIdentifierHeartRate,PhysTrax Apple Watch,11.6.1,"Watch7,1","<<HKDevice: 0x133e943c0>, name:Apple Watch, manufacturer:Apple Inc., model:Watch, hardware:Watch7,1, software:11.6.1, creation date:2025-09-13 14:18:16 +0000>",2025-10-02 01:46:08 +0000,2025-10-02 01:46:08 +0000,count/min,66.0,2
HKQuantityTypeIdentifierHeartRate,PhysTrax Apple Watch,11.6.1,"Watch7,1","<<HKDevice: 0x133e943c0>, name:Apple Watch, manufacturer:Apple Inc., model:Watch, hardware:Watch7,1, software:11.6.1, creation date:2025-09-13 14:18:16 +0000>",2025-10-02 01:46:13 +0000,2025-10-02 01:46:13 +0000,count/min,65.0,2
HKQuantityTypeIdentifierHeartRate,PhysTrax Apple Watch,11.6.1,"Watch7,1","<<HKDevice: 0x133e943c0>, name:Apple Watch, manufacturer:Apple Inc., model:Watch, hardware:Watch7,1, software:11.6.1, creation date:2025-09-13 14:18:16 +0000>",2025-10-02 01:46:17 +0000,2025-10-02 01:46:17 +0000,count/min,62.00000000000001,2
HKQuantityTypeIdentifierHeartRate,PhysTrax Apple Watch,11.6.1,"Watch7,1","<<HKDevice: 0x133e943c0>, name:Apple Watch, manufacturer:Apple Inc., model:Watch, hardware:Watch7,1, software:11.6.1, creation date:2025-09-13 14:18:16 +0000>",2025-10-02 01:46:22 +0000,2025-10-02 01:46:22 +0000,count/min,63.0,2
HKQuantityTypeIdentifierHeartRate,PhysTrax Apple Watch,11.6.1,"Watch7,1","<<HKDevice: 0x133e943c0>, name:Apple Watch, manufacturer:Apple Inc., model:Watch, hardware:Watch7,1, software:11.6.1, creation date:2025-09-13 14:18:16 +0000>",2025-10-02 01:46:27 +0000,2025-10-02 01:46:27 +0000,count/min,62.00000000000001,2
HKQuantityTypeIdentifierHeartRate,PhysTrax Apple Watch,11.6.1,"Watch7,1","<<HKDevice: 0x133e943c0>, name:Apple Watch, manufacturer:Apple Inc., model:Watch, hardware:Watch7,1, software:11.6.1, creation date:2025-09-13 14:18:16 +0000>",2025-10-02 01:46:32 +0000,2025-10-02 01:46:32 +0000,count/min,60.0,2
HKQuantityTypeIdentifierHeartRate,PhysTrax Apple Watch,11.6.1,"Watch7,1","<<HKDevice: 0x133e943c0>, name:Apple Watch, manufacturer:Apple Inc., model:Watch, hardware:Watch7,1, software:11.6.1, creation date:2025-09-13 14:18:16 +0000>",2025-10-02 01:46:38 +0000,2025-10-02 01:46:38 +0000,count/min,60.0,2
HKQuantityTypeIdentifierHeartRate,PhysTrax Apple Watch,11.6.1,"Watch7,1","<<HKDevice: 0x133e943c0>, name:Apple Watch, manufacturer:Apple Inc., model:Watch, hardware:Watch7,1, software:11.6.1, creation date:2025-09-13 14:18:16 +0000>",2025-10-02 01:46:39 +0000,2025-10-02 01:46:39 +0000,count/min,60.0,2
HKQuantityTypeIdentifierHeartRate,PhysTrax Apple Watch,11.6.1,"Watch7,1","<<HKDevice: 0x133e943c0>, name:Apple Watch, manufacturer:Apple Inc., model:Watch, hardware:Watch7,1, software:11.6.1, creation date:2025-09-13 14:18:16 +0000>",2025-10-02 01:46:44 +0000,2025-10-02 01:46:44 +0000,count/min,61.0,2
HKQuantityTypeIdentifierHeartRate,PhysTrax Apple Watch,11.6.1,"Watch7,1","<<HKDevice: 0x133e943c0>, name:Apple Watch, manufacturer:Apple Inc., model:Watch, hardware:Watch7,1, software:11.6.1, creation date:2025-09-13 14:18:16 +0000>",2025-10-02 01:46:51 +0000,2025-10-02 01:46:51 +0000,count/min,60.0,2
HKQuantityTypeIdentifierHeartRate,PhysTrax Apple Watch,11.6.1,"Watch7,1","<<HKDevice: 0x133e943c0>, name:Apple Watch, manufacturer:Apple Inc., model:Watch, hardware:Watch7,1, software:11.6.1, creation date:2025-09-13 14:18:16 +0000>",2025-10-02 01:46:57 +0000,2025-10-02 01:46:57 +0000,count/min,61.0,2
HKQuantityTypeIdentifierHeartRate,PhysTrax Apple Watch,11.6.1,"Watch7,1","<<HKDevice: 0x133e943c0>, name:Apple Watch, manufacturer:Apple Inc., model:Watch, hardware:Watch7,1, software:11.6.1, creation date:2025-09-13 14:18:16 +0000>",2025-10-02 01:46:59 +0000,2025-10-02 01:46:59 +0000,count/min,62.00000000000001,2
HKQuantityTypeIdentifierHeartRate,PhysTrax Apple Watch,11.6.1,"Watch7,1","<<HKDevice: 0x133e943c0>, name:Apple Watch, manufacturer:Apple Inc., model:Watch, hardware:Watch7,1, software:11.6.1, creation date:2025-09-13 14:18:16 +0000>",2025-10-02 01:47:05 +0000,2025-10-02 01:47:05 +0000,count/min,63.0,2
HKQuantityTypeIdentifierHeartRate,PhysTrax Apple Watch,11.6.1,"Watch7,1","<<HKDevice: 0x133e943c0>, name:Apple Watch, manufacturer:Apple Inc., model:Watch, hardware:Watch7,1, software:11.6.1, creation date:2025-09-13 14:18:16 +0000>",2025-10-02 01:47:10 +0000,2025-10-02 01:47:10 +0000,count/min,64.0,2
HKQuantityTypeIdentifierHeartRate,PhysTrax Apple Watch,11.6.1,"Watch7,1","<<HKDevice: 0x133e943c0>, name:Apple Watch, manufacturer:Apple Inc., model:Watch, hardware:Watch7,1, software:11.6.1, creation date:2025-09-13 14:18:16 +0000>",2025-10-02 01:47:17 +0000,2025-10-02 01:47:17 +0000,count/min,70.0,2
HKQuantityTypeIdentifierHeartRate,PhysTrax Apple Watch,11.6.1,"Watch7,1","<<HKDevice: 0x133e943c0>, name:Apple Watch, manufacturer:Apple Inc., model:Watch, hardware:Watch7,1, software:11.6.1, creation date:2025-09-13 14:18:16 +0000>",2025-10-02 01:47:23 +0000,2025-10-02 01:47:23 +0000,count/min,66.0,2
HKQuantityTypeIdentifierHeartRate,PhysTrax Apple Watch,11.6.1,"Watch7,1","<<HKDevice: 0x133e943c0>, name:Apple Watch, manufacturer:Apple Inc., model:Watch, hardware:Watch7,1, software:11.6.1, creation date:2025-09-13 14:18:16 +0000>",2025-10-02 01:47:24 +0000,2025-10-02 01:47:24 +0000,count/min,66.0,2
HKQuantityTypeIdentifierHeartRate,PhysTrax Apple Watch,11.6.1,"Watch7,1","<<HKDevice: 0x133e943c0>, name:Apple Watch, manufacturer:Apple Inc., model:Watch, hardware:Watch7,1, software:11.6.1, creation date:2025-09-13 14:18:16 +0000>",2025-10-02 01:47:29 +0000,2025-10-02 01:47:29 +0000,count/min,67.0,2
HKQuantityTypeIdentifierHeartRate,PhysTrax Apple Watch,11.6.1,"Watch7,1","<<HKDevice: 0x133e943c0>, name:Apple Watch, manufacturer:Apple Inc., model:Watch, hardware:Watch7,1, software:11.6.1, creation date:2025-09-13 14:18:16 +0000>",2025-10-02 01:47:38 +0000,2025-10-02 01:47:38 +0000,count/min,64.0,2
HKQuantityTypeIdentifierHeartRate,PhysTrax Apple Watch,11.6.1,"Watch7,1","<<HKDevice: 0x133e943c0>, name:Apple Watch, manufacturer:Apple Inc., model:Watch, hardware:Watch7,1, software:11.6.1, creation date:2025-09-13 14:18:16 +0000>",2025-10-02 01:47:41 +0000,2025-10-02 01:47:41 +0000,count/min,63.0,2
HKQuantityTypeIdentifierHeartRate,PhysTrax Apple Watch,11.6.1,"Watch7,1","<<HKDevice: 0x133e943c0>, name:Apple Watch, manufacturer:Apple Inc., model:Watch, hardware:Watch7,1, software:11.6.1, creation date:2025-09-13 14:18:16 +0000>",2025-10-02 01:47:48 +0000,2025-10-02 01:47:48 +0000,count/min,62.00000000000001,2
HKQuantityTypeIdentifierHeartRate,PhysTrax Apple Watch,11.6.1,"Watch7,1","<<HKDevice: 0x133e943c0>, name:Apple Watch, manufacturer:Apple Inc., model:Watch, hardware:Watch7,1, software:11.6.1, creation date:2025-09-13 14:18:16 +0000>",2025-10-02 01:47:53 +0000,2025-10-02 01:47:53 +0000,count/min,61.0,2
HKQuantityTypeIdentifierHeartRate,PhysTrax Apple Watch,11.6.1,"Watch7,1","<<HKDevice: 0x133e943c0>, name:Apple Watch, manufacturer:Apple Inc., model:Watch, hardware:Watch7,1, software:11.6.1, creation date:2025-09-13 14:18:16 +0000>",2025-10-02 01:47:57 +0000,2025-10-02 01:47:57 +0000,count/min,61.0,2
HKQuantityTypeIdentifierHeartRate,PhysTrax Apple Watch,11.6.1,"Watch7,1","<<HKDevice: 0x133e943c0>, name:Apple Watch, manufacturer:Apple Inc., model:Watch, hardware:Watch7,1, software:11.6.1, creation date:2025-09-13 14:18:16 +0000>",2025-10-02 01:48:00 +0000,2025-10-02 01:48:00 +0000,count/min,61.0,2
HKQuantityTypeIdentifierHeartRate,PhysTrax Apple Watch,11.6.1,"Watch7,1","<<HKDevice: 0x133e943c0>, name:Apple Watch, manufacturer:Apple Inc., model:Watch, hardware:Watch7,1, software:11.6.1, creation date:2025-09-13 14:18:16 +0000>",2025-10-02 01:48:07 +0000,2025-10-02 01:48:07 +0000,count/min,61.0,2
HKQuantityTypeIdentifierHeartRate,PhysTrax Apple Watch,11.6.1,"Watch7,1","<<HKDevice: 0x133e943c0>, name:Apple Watch, manufacturer:Apple Inc., model:Watch, hardware:Watch7,1, software:11.6.1, creation date:2025-09-13 14:18:16 +0000>",2025-10-02 01:48:10 +0000,2025-10-02 01:48:10 +0000,count/min,61.0,2
HKQuantityTypeIdentifierHeartRate,PhysTrax Apple Watch,11.6.1,"Watch7,1","<<HKDevice: 0x133e943c0>, name:Apple Watch, manufacturer:Apple Inc., model:Watch, hardware:Watch7,1, software:11.6.1, creation date:2025-09-13 14:18:16 +0000>",2025-10-02 01:48:18 +0000,2025-10-02 01:48:18 +0000,count/min,64.0,2
HKQuantityTypeIdentifierHeartRate,PhysTrax Apple Watch,11.6.1,"Watch7,1","<<HKDevice: 0x133e943c0>, name:Apple Watch, manufacturer:Apple Inc., model:Watch, hardware:Watch7,1, software:11.6.1, creation date:2025-09-13 14:18:16 +0000>",2025-10-02 01:48:22 +0000,2025-10-02 01:48:22 +0000,count/min,63.0,2
HKQuantityTypeIdentifierHeartRate,PhysTrax Apple Watch,11.6.1,"Watch7,1","<<HKDevice: 0x133e943c0>, name:Apple Watch, manufacturer:Apple Inc., model:Watch, hardware:Watch7,1, software:11.6.1, creation date:2025-09-13 14:18:16 +0000>",2025-10-02 01:48:26 +0000,2025-10-02 01:48:26 +0000,count/min,62.00000000000001,2
HKQuantityTypeIdentifierHeartRate,PhysTrax Apple Watch,11.6.1,"Watch7,1","<<HKDevice: 0x133e943c0>, name:Apple Watch, manufacturer:Apple Inc., model:Watch, hardware:Watch7,1, software:11.6.1, creation date:2025-09-13 14:18:16 +0000>",2025-10-02 01:48:29 +0000,2025-10-02 01:48:29 +0000,count/min,62.00000000000001,2
HKQuantityTypeIdentifierHeartRate,PhysTrax Apple Watch,11.6.1,"Watch7,1","<<HKDevice: 0x133e943c0>, name:Apple Watch, manufacturer:Apple Inc., model:Watch, hardware:Watch7,1, software:11.6.1, creation date:2025-09-13 14:18:16 +0000>",2025-10-02 01:48:37 +0000,2025-10-02 01:48:37 +0000,count/min,62.00000000000001,2
HKQuantityTypeIdentifierHeartRate,PhysTrax Apple Watch,11.6.1,"Watch7,1","<<HKDevice: 0x133e943c0>, name:Apple Watch, manufacturer:Apple Inc., model:Watch, hardware:Watch7,1, software:11.6.1, creation date:2025-09-13 14:18:16 +0000>",2025-10-02 01:48:40 +0000,2025-10-02 01:48:40 +0000,count/min,61.0,2
HKQuantityTypeIdentifierHeartRate,PhysTrax Apple Watch,11.6.1,"Watch7,1","<<HKDevice: 0x133e943c0>, name:Apple Watch, manufacturer:Apple Inc., model:Watch, hardware:Watch7,1, software:11.6.1, creation date:2025-09-13 14:18:16 +0000>",2025-10-02 01:48:45 +0000,2025-10-02 01:48:45 +0000,count/min,60.0,2
HKQuantityTypeIdentifierHeartRate,PhysTrax Apple Watch,11.6.1,"Watch7,1","<<HKDevice: 0x133e943c0>, name:Apple Watch, manufacturer:Apple Inc., model:Watch, hardware:Watch7,1, software:11.6.1, creation date:2025-09-13 14:18:16 +0000>",2025-10-02 01:48:51 +0000,2025-10-02 01:48:51 +0000,count/min,60.0,2
HKQuantityTypeIdentifierHeartRate,PhysTrax Apple Watch,11.6.1,"Watch7,1","<<HKDevice: 0x133e943c0>, name:Apple Watch, manufacturer:Apple Inc., model:Watch, hardware:Watch7,1, software:11.6.1, creation date:2025-09-13 14:18:16 +0000>",2025-10-02 01:48:58 +0000,2025-10-02 01:48:58 +0000,count/min,60.0,2
HKQuantityTypeIdentifierHeartRate,PhysTrax Apple Watch,11.6.1,"Watch7,1","<<HKDevice: 0x133e943c0>, name:Apple Watch, manufacturer:Apple Inc., model:Watch, hardware:Watch7,1, software:11.6.1, creation date:2025-09-13 14:18:16 +0000>",2025-10-02 01:48:59 +0000,2025-10-02 01:48:59 +0000,count/min,60.0,2
HKQuantityTypeIdentifierHeartRate,PhysTrax Apple Watch,11.6.1,"Watch7,1","<<HKDevice: 0x133e943c0>, name:Apple Watch, manufacturer:Apple Inc., model:Watch, hardware:Watch7,1, software:11.6.1, creation date:2025-09-13 14:18:16 +0000>",2025-10-02 01:49:08 +0000,2025-10-02 01:49:08 +0000,count/min,60.0,2
HKQuantityTypeIdentifierHeartRate,PhysTrax Apple Watch,11.6.1,"Watch7,1","<<HKDevice: 0x133e943c0>, name:Apple Watch, manufacturer:Apple Inc., model:Watch, hardware:Watch7,1, software:11.6.1, creation date:2025-09-13 14:18:16 +0000>",2025-10-02 01:49:09 +0000,2025-10-02 01:49:09 +0000,count/min,60.0,2
HKQuantityTypeIdentifierHeartRate,PhysTrax Apple Watch,11.6.1,"Watch7,1","<<HKDevice: 0x133e943c0>, name:Apple Watch, manufacturer:Apple Inc., model:Watch, hardware:Watch7,1, software:11.6.1, creation date:2025-09-13 14:18:16 +0000>",2025-10-02 01:49:18 +0000,2025-10-02 01:49:18 +0000,count/min,61.0,2
HKQuantityTypeIdentifierHeartRate,PhysTrax Apple Watch,11.6.1,"Watch7,1","<<HKDevice: 0x133e943c0>, name:Apple Watch, manufacturer:Apple Inc., model:Watch, hardware:Watch7,1, software:11.6.1, creation date:2025-09-13 14:18:16 +0000>",2025-10-02 01:49:19 +0000,2025-10-02 01:49:19 +0000,count/min,61.0,2
HKQuantityTypeIdentifierHeartRate,PhysTrax Apple Watch,11.6.1,"Watch7,1","<<HKDevice: 0x133e943c0>, name:Apple Watch, manufacturer:Apple Inc., model:Watch, hardware:Watch7,1, software:11.6.1, creation date:2025-09-13 14:18:16 +0000>",2025-10-02 01:49:28 +0000,2025-10-02 01:49:28 +0000,count/min,63.0,2
HKQuantityTypeIdentifierHeartRate,PhysTrax Apple Watch,11.6.1,"Watch7,1","<<HKDevice: 0x133e943c0>, name:Apple Watch, manufacturer:Apple Inc., model:Watch, hardware:Watch7,1, software:11.6.1, creation date:2025-09-13 14:18:16 +0000>",2025-10-02 01:49:29 +0000,2025-10-02 01:49:29 +0000,count/min,64.0,2
HKQuantityTypeIdentifierHeartRate,PhysTrax Apple Watch,11.6.1,"Watch7,1","<<HKDevice: 0x133e943c0>, name:Apple Watch, manufacturer:Apple Inc., model:Watch, hardware:Watch7,1, software:11.6.1, creation date:2025-09-13 14:18:16 +0000>",2025-10-02 01:49:38 +0000,2025-10-02 01:49:38 +0000,count/min,61.0,2
HKQuantityTypeIdentifierHeartRate,PhysTrax Apple Watch,11.6.1,"Watch7,1","<<HKDevice: 0x133e943c0>, name:Apple Watch, manufacturer:Apple Inc., model:Watch, hardware:Watch7,1, software:11.6.1, creation date:2025-09-13 14:18:16 +0000>",2025-10-02 01:49:43 +0000,2025-10-02 01:49:43 +0000,count/min,61.0,2
HKQuantityTypeIdentifierHeartRate,PhysTrax Apple Watch,11.6.1,"Watch7,1","<<HKDevice: 0x133e943c0>, name:Apple Watch, manufacturer:Apple Inc., model:Watch, hardware:Watch7,1, software:11.6.1, creation date:2025-09-13 14:18:16 +0000>",2025-10-02 01:49:44 +0000,2025-10-02 01:49:44 +0000,count/min,61.0,2
HKQuantityTypeIdentifierHeartRate,PhysTrax Apple Watch,11.6.1,"Watch7,1","<<HKDevice: 0x133e943c0>, name:Apple Watch, manufacturer:Apple Inc., model:Watch, hardware:Watch7,1, software:11.6.1, creation date:2025-09-13 14:18:16 +0000>",2025-10-02 01:49:53 +0000,2025-10-02 01:49:53 +0000,count/min,59.0,2
HKQuantityTypeIdentifierHeartRate,PhysTrax Apple Watch,11.6.1,"Watch7,1","<<HKDevice: 0x133e943c0>, name:Apple Watch, manufacturer:Apple Inc., model:Watch, hardware:Watch7,1, software:11.6.1, creation date:2025-09-13 14:18:16 +0000>",2025-10-02 01:49:54 +0000,2025-10-02 01:49:54 +0000,count/min,59.0,2
HKQuantityTypeIdentifierHeartRate,PhysTrax Apple Watch,11.6.1,"Watch7,1","<<HKDevice: 0x133e943c0>, name:Apple Watch, manufacturer:Apple Inc., model:Watch, hardware:Watch7,1, software:11.6.1, creation date:2025-09-13 14:18:16 +0000>",2025-10-02 01:50:03 +0000,2025-10-02 01:50:03 +0000,count/min,62.00000000000001,2
HKQuantityTypeIdentifierHeartRate,PhysTrax Apple Watch,11.6.1,"Watch7,1","<<HKDevice: 0x133e943c0>, name:Apple Watch, manufacturer:Apple Inc., model:Watch, hardware:Watch7,1, software:11.6.1, creation date:2025-09-13 14:18:16 +0000>",2025-10-02 01:50:04 +0000,2025-10-02 01:50:04 +0000,count/min,62.00000000000001,2
HKQuantityTypeIdentifierHeartRate,PhysTrax Apple Watch,11.6.1,"Watch7,1","<<HKDevice: 0x133e943c0>, name:Apple Watch, manufacturer:Apple Inc., model:Watch, hardware:Watch7,1, software:11.6.1, creation date:2025-09-13 14:18:16 +0000>",2025-10-02 01:50:09 +0000,2025-10-02 01:50:09 +0000,count/min,64.0,2
HKQuantityTypeIdentifierHeartRate,PhysTrax Apple Watch,11.6.1,"Watch7,1","<<HKDevice: 0x133e943c0>, name:Apple Watch, manufacturer:Apple Inc., model:Watch, hardware:Watch7,1, software:11.6.1, creation date:2025-09-13 14:18:16 +0000>",2025-10-02 01:50:14 +0000,2025-10-02 01:50:14 +0000,count/min,63.0,2
HKQuantityTypeIdentifierHeartRate,PhysTrax Apple Watch,11.6.1,"Watch7,1","<<HKDevice: 0x133e943c0>, name:Apple Watch, manufacturer:Apple Inc., model:Watch, hardware:Watch7,1, software:11.6.1, creation date:2025-09-13 14:18:16 +0000>",2025-10-02 01:50:21 +0000,2025-10-02 01:50:21 +0000,count/min,61.0,2
HKQuantityTypeIdentifierHeartRate,PhysTrax Apple Watch,11.6.1,"Watch7,1","<<HKDevice: 0x133e943c0>, name:Apple Watch, manufacturer:Apple Inc., model:Watch, hardware:Watch7,1, software:11.6.1, creation date:2025-09-13 14:18:16 +0000>",2025-10-02 01:50:28 +0000,2025-10-02 01:50:28 +0000,count/min,59.0,2
HKQuantityTypeIdentifierHeartRate,PhysTrax Apple Watch,11.6.1,"Watch7,1","<<HKDevice: 0x133e943c0>, name:Apple Watch, manufacturer:Apple Inc., model:Watch, hardware:Watch7,1, software:11.6.1, creation date:2025-09-13 14:18:16 +0000>",2025-10-02 01:50:31 +0000,2025-10-02 01:50:31 +0000,count/min,59.0,2
HKQuantityTypeIdentifierHeartRate,PhysTrax Apple Watch,11.6.1,"Watch7,1","<<HKDevice: 0x133e943c0>, name:Apple Watch, manufacturer:Apple Inc., model:Watch, hardware:Watch7,1, software:11.6.1, creation date:2025-09-13 14:18:16 +0000>",2025-10-02 01:50:34 +0000,2025-10-02 01:50:34 +0000,count/min,61.0,2
HKQuantityTypeIdentifierHeartRate,PhysTrax Apple Watch,11.6.1,"Watch7,1","<<HKDevice: 0x133e943c0>, name:Apple Watch, manufacturer:Apple Inc., model:Watch, hardware:Watch7,1, software:11.6.1, creation date:2025-09-13 14:18:16 +0000>",2025-10-02 01:50:41 +0000,2025-10-02 01:50:41 +0000,count/min,61.0,2
HKQuantityTypeIdentifierHeartRate,PhysTrax Apple Watch,11.6.1,"Watch7,1","<<HKDevice: 0x133e943c0>, name:Apple Watch, manufacturer:Apple Inc., model:Watch, hardware:Watch7,1, software:11.6.1, creation date:2025-09-13 14:18:16 +0000>",2025-10-02 01:50:48 +0000,2025-10-02 01:50:48 +0000,count/min,60.0,2
HKQuantityTypeIdentifierHeartRate,PhysTrax Apple Watch,11.6.1,"Watch7,1","<<HKDevice: 0x133e943c0>, name:Apple Watch, manufacturer:Apple Inc., model:Watch, hardware:Watch7,1, software:11.6.1, creation date:2025-09-13 14:18:16 +0000>",2025-10-02 01:50:49 +0000,2025-10-02 01:50:49 +0000,count/min,60.0,2
HKQuantityTypeIdentifierHeartRate,PhysTrax Apple Watch,11.6.1,"Watch7,1","<<HKDevice: 0x133e943c0>, name:Apple Watch, manufacturer:Apple Inc., model:Watch, hardware:Watch7,1, software:11.6.1, creation date:2025-09-13 14:18:16 +0000>",2025-10-02 01:50:58 +0000,2025-10-02 01:50:58 +0000,count/min,64.0,2
HKQuantityTypeIdentifierHeartRate,PhysTrax Apple Watch,11.6.1,"Watch7,1","<<HKDevice: 0x133e943c0>, name:Apple Watch, manufacturer:Apple Inc., model:Watch, hardware:Watch7,1, software:11.6.1, creation date:2025-09-13 14:18:16 +0000>",2025-10-02 01:51:03 +0000,2025-10-02 01:51:03 +0000,count/min,63.0,2
HKQuantityTypeIdentifierHeartRate,PhysTrax Apple Watch,11.6.1,"Watch7,1","<<HKDevice: 0x133e943c0>, name:Apple Watch, manufacturer:Apple Inc., model:Watch, hardware:Watch7,1, software:11.6.1, creation date:2025-09-13 14:18:16 +0000>",2025-10-02 01:51:05 +0000,2025-10-02 01:51:05 +0000,count/min,63.0,2
HKQuantityTypeIdentifierHeartRate,PhysTrax Apple Watch,11.6.1,"Watch7,1","<<HKDevice: 0x133e943c0>, name:Apple Watch, manufacturer:Apple Inc., model:Watch, hardware:Watch7,1, software:11.6.1, creation date:2025-09-13 14:18:16 +0000>",2025-10-02 01:51:12 +0000,2025-10-02 01:51:12 +0000,count/min,64.0,2
HKQuantityTypeIdentifierHeartRate,PhysTrax Apple Watch,11.6.1,"Watch7,1","<<HKDevice: 0x133e943c0>, name:Apple Watch, manufacturer:Apple Inc., model:Watch, hardware:Watch7,1, software:11.6.1, creation date:2025-09-13 14:18:16 +0000>",2025-10-02 01:51:18 +0000,2025-10-02 01:51:18 +0000,count/min,65.0,2
HKQuantityTypeIdentifierHeartRate,PhysTrax Apple Watch,11.6.1,"Watch7,1","<<HKDevice: 0x133e943c0>, name:Apple Watch, manufacturer:Apple Inc., model:Watch, hardware:Watch7,1, software:11.6.1, creation date:2025-09-13 14:18:16 +0000>",2025-10-02 01:51:19 +0000,2025-10-02 01:51:19 +0000,count/min,66.0,2
HKQuantityTypeIdentifierHeartRate,PhysTrax Apple Watch,11.6.1,"Watch7,1","<<HKDevice: 0x133e943c0>, name:Apple Watch, manufacturer:Apple Inc., model:Watch, hardware:Watch7,1, software:11.6.1, creation date:2025-09-13 14:18:16 +0000>",2025-10-02 01:51:28 +0000,2025-10-02 01:51:28 +0000,count/min,62.00000000000001,2
HKQuantityTypeIdentifierHeartRate,PhysTrax Apple Watch,11.6.1,"Watch7,1","<<HKDevice: 0x133e943c0>, name:Apple Watch, manufacturer:Apple Inc., model:Watch, hardware:Watch7,1, software:11.6.1, creation date:2025-09-13 14:18:16 +0000>",2025-10-02 01:51:33 +0000,2025-10-02 01:51:33 +0000,count/min,61.0,2
HKQuantityTypeIdentifierHeartRate,PhysTrax Apple Watch,11.6.1,"Watch7,1","<<HKDevice: 0x133e943c0>, name:Apple Watch, manufacturer:Apple Inc., model:Watch, hardware:Watch7,1, software:11.6.1, creation date:2025-09-13 14:18:16 +0000>",2025-10-02 01:51:38 +0000,2025-10-02 01:51:38 +0000,count/min,61.0,2
HKQuantityTypeIdentifierHeartRate,PhysTrax Apple Watch,11.6.1,"Watch7,1","<<HKDevice: 0x133e943c0>, name:Apple Watch, manufacturer:Apple Inc., model:Watch, hardware:Watch7,1, software:11.6.1, creation date:2025-09-13 14:18:16 +0000>",2025-10-02 01:51:39 +0000,2025-10-02 01:51:39 +0000,count/min,61.0,2
HKQuantityTypeIdentifierHeartRate,PhysTrax Apple Watch,11.6.1,"Watch7,1","<<HKDevice: 0x133e943c0>, name:Apple Watch, manufacturer:Apple Inc., model:Watch, hardware:Watch7,1, software:11.6.1, creation date:2025-09-13 14:18:16 +0000>",2025-10-02 01:51:48 +0000,2025-10-02 01:51:48 +0000,count/min,61.0,2
HKQuantityTypeIdentifierHeartRate,PhysTrax Apple Watch,11.6.1,"Watch7,1","<<HKDevice: 0x133e943c0>, name:Apple Watch, manufacturer:Apple Inc., model:Watch, hardware:Watch7,1, software:11.6.1, creation date:2025-09-13 14:18:16 +0000>",2025-10-02 01:51:49 +0000,2025-10-02 01:51:49 +0000,count/min,61.0,2
HKQuantityTypeIdentifierHeartRate,PhysTrax Apple Watch,11.6.1,"Watch7,1","<<HKDevice: 0x133e943c0>, name:Apple Watch, manufacturer:Apple Inc., model:Watch, hardware:Watch7,1, software:11.6.1, creation date:2025-09-13 14:18:16 +0000>",2025-10-02 01:51:55 +0000,2025-10-02 01:51:55 +0000,count/min,62.00000000000001,2
HKQuantityTypeIdentifierHeartRate,PhysTrax Apple Watch,11.6.1,"Watch7,1","<<HKDevice: 0x133e943c0>, name:Apple Watch, manufacturer:Apple Inc., model:Watch, hardware:Watch7,1, software:11.6.1, creation date:2025-09-13 14:18:16 +0000>",2025-10-02 01:52:00 +0000,2025-10-02 01:52:00 +0000,count/min,63.0,2
HKQuantityTypeIdentifierHeartRate,PhysTrax Apple Watch,11.6.1,"Watch7,1","<<HKDevice: 0x133e943c0>, name:Apple Watch, manufacturer:Apple Inc., model:Watch, hardware:Watch7,1, software:11.6.1, creation date:2025-09-13 14:18:16 +0000>",2025-10-02 01:52:07 +0000,2025-10-02 01:52:07 +0000,count/min,64.0,2
HKQuantityTypeIdentifierHeartRate,PhysTrax Apple Watch,11.6.1,"Watch7,1","<<HKDevice: 0x133e943c0>, name:Apple Watch, manufacturer:Apple Inc., model:Watch, hardware:Watch7,1, software:11.6.1, creation date:2025-09-13 14:18:16 +0000>",2025-10-02 01:52:13 +0000,2025-10-02 01:52:13 +0000,count/min,64.0,2
HKQuantityTypeIdentifierHeartRate,PhysTrax Apple Watch,11.6.1,"Watch7,1","<<HKDevice: 0x133e943c0>, name:Apple Watch, manufacturer:Apple Inc., model:Watch, hardware:Watch7,1, software:11.6.1, creation date:2025-09-13 14:18:16 +0000>",2025-10-02 01:52:18 +0000,2025-10-02 01:52:18 +0000,count/min,63.0,2
HKQuantityTypeIdentifierHeartRate,PhysTrax Apple Watch,11.6.1,"Watch7,1","<<HKDevice: 0x133e943c0>, name:Apple Watch, manufacturer:Apple Inc., model:Watch, hardware:Watch7,1, software:11.6.1, creation date:2025-09-13 14:18:16 +0000>",2025-10-02 01:52:22 +0000,2025-10-02 01:52:22 +0000,count/min,63.0,2
HKQuantityTypeIdentifierHeartRate,PhysTrax Apple Watch,11.6.1,"Watch7,1","<<HKDevice: 0x133e943c0>, name:Apple Watch, manufacturer:Apple Inc., model:Watch, hardware:Watch7,1, software:11.6.1, creation date:2025-09-13 14:18:16 +0000>",2025-10-02 01:52:26 +0000,2025-10-02 01:52:26 +0000,count/min,63.0,2
HKQuantityTypeIdentifierHeartRate,PhysTrax Apple Watch,11.6.1,"Watch7,1","<<HKDevice: 0x133e943c0>, name:Apple Watch, manufacturer:Apple Inc., model:Watch, hardware:Watch7,1, software:11.6.1, creation date:2025-09-13 14:18:16 +0000>",2025-10-02 01:52:29 +0000,2025-10-02 01:52:29 +0000,count/min,63.0,2
HKQuantityTypeIdentifierHeartRate,PhysTrax Apple Watch,11.6.1,"Watch7,1","<<HKDevice: 0x133e943c0>, name:Apple Watch, manufacturer:Apple Inc., model:Watch, hardware:Watch7,1, software:11.6.1, creation date:2025-09-13 14:18:16 +0000>",2025-10-02 01:52:38 +0000,2025-10-02 01:52:38 +0000,count/min,64.0,2
HKQuantityTypeIdentifierHeartRate,PhysTrax Apple Watch,11.6.1,"Watch7,1","<<HKDevice: 0x133e943c0>, name:Apple Watch, manufacturer:Apple Inc., model:Watch, hardware:Watch7,1, software:11.6.1, creation date:2025-09-13 14:18:16 +0000>",2025-10-02 01:52:42 +0000,2025-10-02 01:52:42 +0000,count/min,64.0,2
HKQuantityTypeIdentifierHeartRate,PhysTrax Apple Watch,11.6.1,"Watch7,1","<<HKDevice: 0x133e943c0>, name:Apple Watch, manufacturer:Apple Inc., model:Watch, hardware:Watch7,1, software:11.6.1, creation date:2025-09-13 14:18:16 +0000>",2025-10-02 01:52:48 +0000,2025-10-02 01:52:48 +0000,count/min,63.0,2
HKQuantityTypeIdentifierHeartRate,PhysTrax Apple Watch,11.6.1,"Watch7,1","<<HKDevice: 0x133e943c0>, name:Apple Watch, manufacturer:Apple Inc., model:Watch, hardware:Watch7,1, software:11.6.1, creation date:2025-09-13 14:18:16 +0000>",2025-10-02 01:52:49 +0000,2025-10-02 01:52:49 +0000,count/min,63.0,2
HKQuantityTypeIdentifierHeartRate,PhysTrax Apple Watch,11.6.1,"Watch7,1","<<HKDevice: 0x133e943c0>, name:Apple Watch, manufacturer:Apple Inc., model:Watch, hardware:Watch7,1, software:11.6.1, creation date:2025-09-13 14:18:16 +0000>",2025-10-02 01:52:54 +0000,2025-10-02 01:52:54 +0000,count/min,63.0,2
HKQuantityTypeIdentifierHeartRate,PhysTrax Apple Watch,11.6.1,"Watch7,1","<<HKDevice: 0x133e943c0>, name:Apple Watch, manufacturer:Apple Inc., model:Watch, hardware:Watch7,1, software:11.6.1, creation date:2025-09-13 14:18:16 +0000>",2025-10-02 01:53:00 +0000,2025-10-02 01:53:00 +0000,count/min,63.0,2
HKQuantityTypeIdentifierHeartRate,PhysTrax Apple Watch,11.6.1,"Watch7,1","<<HKDevice: 0x133e943c0>, name:Apple Watch, manufacturer:Apple Inc., model:Watch, hardware:Watch7,1, software:11.6.1, creation date:2025-09-13 14:18:16 +0000>",2025-10-02 01:53:07 +0000,2025-10-02 01:53:07 +0000,count/min,62.00000000000001,2
HKQuantityTypeIdentifierHeartRate,PhysTrax Apple Watch,11.6.1,"Watch7,1","<<HKDevice: 0x133e943c0>, name:Apple Watch, manufacturer:Apple Inc., model:Watch, hardware:Watch7,1, software:11.6.1, creation date:2025-09-13 14:18:16 +0000>",2025-10-02 01:53:10 +0000,2025-10-02 01:53:10 +0000,count/min,62.00000000000001,2
HKQuantityTypeIdentifierHeartRate,PhysTrax Apple Watch,11.6.1,"Watch7,1","<<HKDevice: 0x133e943c0>, name:Apple Watch, manufacturer:Apple Inc., model:Watch, hardware:Watch7,1, software:11.6.1, creation date:2025-09-13 14:18:16 +0000>",2025-10-02 01:53:14 +0000,2025-10-02 01:53:14 +0000,count/min,62.00000000000001,2
HKQuantityTypeIdentifierHeartRate,PhysTrax Apple Watch,11.6.1,"Watch7,1","<<HKDevice: 0x133e943c0>, name:Apple Watch, manufacturer:Apple Inc., model:Watch, hardware:Watch7,1, software:11.6.1, creation date:2025-09-13 14:18:16 +0000>",2025-10-02 01:53:23 +0000,2025-10-02 01:53:23 +0000,count/min,62.00000000000001,2
HKQuantityTypeIdentifierHeartRate,PhysTrax Apple Watch,11.6.1,"Watch7,1","<<HKDevice: 0x133e943c0>, name:Apple Watch, manufacturer:Apple Inc., model:Watch, hardware:Watch7,1, software:11.6.1, creation date:2025-09-13 14:18:16 +0000>",2025-10-02 01:53:25 +0000,2025-10-02 01:53:25 +0000,count/min,62.00000000000001,2
HKQuantityTypeIdentifierHeartRate,PhysTrax Apple Watch,11.6.1,"Watch7,1","<<HKDevice: 0x133e943c0>, name:Apple Watch, manufacturer:Apple Inc., model:Watch, hardware:Watch7,1, software:11.6.1, creation date:2025-09-13 14:18:16 +0000>",2025-10-02 01:53:29 +0000,2025-10-02 01:53:29 +0000,count/min,62.00000000000001,2
HKQuantityTypeIdentifierHeartRate,PhysTrax Apple Watch,11.6.1,"Watch7,1","<<HKDevice: 0x133e943c0>, name:Apple Watch, manufacturer:Apple Inc., model:Watch, hardware:Watch7,1, software:11.6.1, creation date:2025-09-13 14:18:16 +0000>",2025-10-02 01:53:34 +0000,2025-10-02 01:53:34 +0000,count/min,62.00000000000001,2
HKQuantityTypeIdentifierHeartRate,PhysTrax Apple Watch,11.6.1,"Watch7,1","<<HKDevice: 0x133e943c0>, name:Apple Watch, manufacturer:Apple Inc., model:Watch, hardware:Watch7,1, software:11.6.1, creation date:2025-09-13 14:18:16 +0000>",2025-10-02 01:53:39 +0000,2025-10-02 01:53:39 +0000,count/min,66.0,2
HKQuantityTypeIdentifierHeartRate,PhysTrax Apple Watch,11.6.1,"Watch7,1","<<HKDevice: 0x133e943c0>, name:Apple Watch, manufacturer:Apple Inc., model:Watch, hardware:Watch7,1, software:11.6.1, creation date:2025-09-13 14:18:16 +0000>",2025-10-02 01:53:48 +0000,2025-10-02 01:53:48 +0000,count/min,69.0,2
HKQuantityTypeIdentifierHeartRate,PhysTrax Apple Watch,11.6.1,"Watch7,1","<<HKDevice: 0x133e943c0>, name:Apple Watch, manufacturer:Apple Inc., model:Watch, hardware:Watch7,1, software:11.6.1, creation date:2025-09-13 14:18:16 +0000>",2025-10-02 01:53:53 +0000,2025-10-02 01:53:53 +0000,count/min,65.0,2
HKQuantityTypeIdentifierHeartRate,PhysTrax Apple Watch,11.6.1,"Watch7,1","<<HKDevice: 0x133e943c0>, name:Apple Watch, manufacturer:Apple Inc., model:Watch, hardware:Watch7,1, software:11.6.1, creation date:2025-09-13 14:18:16 +0000>",2025-10-02 01:53:58 +0000,2025-10-02 01:53:58 +0000,count/min,63.0,2
HKQuantityTypeIdentifierHeartRate,PhysTrax Apple Watch,11.6.1,"Watch7,1","<<HKDevice: 0x133e943c0>, name:Apple Watch, manufacturer:Apple Inc., model:Watch, hardware:Watch7,1, software:11.6.1, creation date:2025-09-13 14:18:16 +0000>",2025-10-02 01:54:03 +0000,2025-10-02 01:54:03 +0000,count/min,61.0,2
HKQuantityTypeIdentifierHeartRate,PhysTrax Apple Watch,11.6.1,"Watch7,1","<<HKDevice: 0x133e943c0>, name:Apple Watch, manufacturer:Apple Inc., model:Watch, hardware:Watch7,1, software:11.6.1, creation date:2025-09-13 14:18:16 +0000>",2025-10-02 01:54:08 +0000,2025-10-02 01:54:08 +0000,count/min,60.0,2
HKQuantityTypeIdentifierHeartRate,PhysTrax Apple Watch,11.6.1,"Watch7,1","<<HKDevice: 0x133e943c0>, name:Apple Watch, manufacturer:Apple Inc., model:Watch, hardware:Watch7,1, software:11.6.1, creation date:2025-09-13 14:18:16 +0000>",2025-10-02 01:54:13 +0000,2025-10-02 01:54:13 +0000,count/min,59.0,2
HKQuantityTypeIdentifierHeartRate,PhysTrax Apple Watch,11.6.1,"Watch7,1","<<HKDevice: 0x133e943c0>, name:Apple Watch, manufacturer:Apple Inc., model:Watch, hardware:Watch7,1, software:11.6.1, creation date:2025-09-13 14:18:16 +0000>",2025-10-02 01:54:14 +0000,2025-10-02 01:54:14 +0000,count/min,59.0,2
HKQuantityTypeIdentifierHeartRate,PhysTrax Apple Watch,11.6.1,"Watch7,1","<<HKDevice: 0x133e943c0>, name:Apple Watch, manufacturer:Apple Inc., model:Watch, hardware:Watch7,1, software:11.6.1, creation date:2025-09-13 14:18:16 +0000>",2025-10-02 01:54:21 +0000,2025-10-02 01:54:21 +0000,count/min,61.0,2
HKQuantityTypeIdentifierHeartRate,PhysTrax Apple Watch,11.6.1,"Watch7,1","<<HKDevice: 0x133e943c0>, name:Apple Watch, manufacturer:Apple Inc., model:Watch, hardware:Watch7,1, software:11.6.1, creation date:2025-09-13 14:18:16 +0000>",2025-10-02 01:54:24 +0000,2025-10-02 01:54:24 +0000,count/min,62.00000000000001,2
HKQuantityTypeIdentifierHeartRate,PhysTrax Apple Watch,11.6.1,"Watch7,1","<<HKDevice: 0x133e943c0>, name:Apple Watch, manufacturer:Apple Inc., model:Watch, hardware:Watch7,1, software:11.6.1, creation date:2025-09-13 14:18:16 +0000>",2025-10-02 01:54:33 +0000,2025-10-02 01:54:33 +0000,count/min,59.0,2
HKQuantityTypeIdentifierHeartRate,PhysTrax Apple Watch,11.6.1,"Watch7,1","<<HKDevice: 0x133e943c0>, name:Apple Watch, manufacturer:Apple Inc., model:Watch, hardware:Watch7,1, software:11.6.1, creation date:2025-09-13 14:18:16 +0000>",2025-10-02 01:54:37 +0000,2025-10-02 01:54:37 +0000,count/min,58.0,2
HKQuantityTypeIdentifierHeartRate,PhysTrax Apple Watch,11.6.1,"Watch7,1","<<HKDevice: 0x133e943c0>, name:Apple Watch, manufacturer:Apple Inc., model:Watch, hardware:Watch7,1, software:11.6.1, creation date:2025-09-13 14:18:16 +0000>",2025-10-02 01:54:40 +0000,2025-10-02 01:54:40 +0000,count/min,59.0,2
HKQuantityTypeIdentifierHeartRate,PhysTrax Apple Watch,11.6.1,"Watch7,1","<<HKDevice: 0x133e943c0>, name:Apple Watch, manufacturer:Apple Inc., model:Watch, hardware:Watch7,1, software:11.6.1, creation date:2025-09-13 14:18:16 +0000>",2025-10-02 01:54:48 +0000,2025-10-02 01:54:48 +0000,count/min,58.0,2
HKQuantityTypeIdentifierHeartRate,PhysTrax Apple Watch,11.6.1,"Watch7,1","<<HKDevice: 0x133e943c0>, name:Apple Watch, manufacturer:Apple Inc., model:Watch, hardware:Watch7,1, software:11.6.1, creation date:2025-09-13 14:18:16 +0000>",2025-10-02 01:54:49 +0000,2025-10-02 01:54:49 +0000,count/min,58.0,2
HKQuantityTypeIdentifierHeartRate,PhysTrax Apple Watch,11.6.1,"Watch7,1","<<HKDevice: 0x133e943c0>, name:Apple Watch, manufacturer:Apple Inc., model:Watch, hardware:Watch7,1, software:11.6.1, creation date:2025-09-13 14:18:16 +0000>",2025-10-02 01:54:54 +0000,2025-10-02 01:54:54 +0000,count/min,58.0,2
HKQuantityTypeIdentifierHeartRate,PhysTrax Apple Watch,11.6.1,"Watch7,1","<<HKDevice: 0x133e943c0>, name:Apple Watch, manufacturer:Apple Inc., model:Watch, hardware:Watch7,1, software:11.6.1, creation date:2025-09-13 14:18:16 +0000>",2025-10-02 01:54:59 +0000,2025-10-02 01:54:59 +0000,count/min,63.0,2
HKQuantityTypeIdentifierHeartRate,PhysTrax Apple Watch,11.6.1,"Watch7,1","<<HKDevice: 0x133e943c0>, name:Apple Watch, manufacturer:Apple Inc., model:Watch, hardware:Watch7,1, software:11.6.1, creation date:2025-09-13 14:18:16 +0000>",2025-10-02 01:55:08 +0000,2025-10-02 01:55:08 +0000,count/min,62.00000000000001,2
HKQuantityTypeIdentifierHeartRate,PhysTrax Apple Watch,11.6.1,"Watch7,1","<<HKDevice: 0x133e943c0>, name:Apple Watch, manufacturer:Apple Inc., model:Watch, hardware:Watch7,1, software:11.6.1, creation date:2025-09-13 14:18:16 +0000>",2025-10-02 01:55:13 +0000,2025-10-02 01:55:13 +0000,count/min,59.0,2
HKQuantityTypeIdentifierHeartRate,PhysTrax Apple Watch,11.6.1,"Watch7,1","<<HKDevice: 0x133e943c0>, name:Apple Watch, manufacturer:Apple Inc., model:Watch, hardware:Watch7,1, software:11.6.1, creation date:2025-09-13 14:18:16 +0000>",2025-10-02 01:55:17 +0000,2025-10-02 01:55:17 +0000,count/min,59.0,2
HKQuantityTypeIdentifierHeartRate,PhysTrax Apple Watch,11.6.1,"Watch7,1","<<HKDevice: 0x133e943c0>, name:Apple Watch, manufacturer:Apple Inc., model:Watch, hardware:Watch7,1, software:11.6.1, creation date:2025-09-13 14:18:16 +0000>",2025-10-02 01:55:23 +0000,2025-10-02 01:55:23 +0000,count/min,61.0,2
HKQuantityTypeIdentifierHeartRate,PhysTrax Apple Watch,11.6.1,"Watch7,1","<<HKDevice: 0x133e943c0>, name:Apple Watch, manufacturer:Apple Inc., model:Watch, hardware:Watch7,1, software:11.6.1, creation date:2025-09-13 14:18:16 +0000>",2025-10-02 01:55:28 +0000,2025-10-02 01:55:28 +0000,count/min,61.0,2
HKQuantityTypeIdentifierHeartRate,PhysTrax Apple Watch,11.6.1,"Watch7,1","<<HKDevice: 0x133e943c0>, name:Apple Watch, manufacturer:Apple Inc., model:Watch, hardware:Watch7,1, software:11.6.1, creation date:2025-09-13 14:18:16 +0000>",2025-10-02 01:55:31 +0000,2025-10-02 01:55:31 +0000,count/min,61.0,2
HKQuantityTypeIdentifierHeartRate,PhysTrax Apple Watch,11.6.1,"Watch7,1","<<HKDevice: 0x133e94300>, name:Apple Watch, manufacturer:Apple Inc., model:Watch, hardware:Watch7,1, software:11.6.1, creation date:2025-09-13 14:18:16 +0000>",2025-10-02 01:55:36 +0000,2025-10-02 01:55:36 +0000,count/min,62.00000000000001,2
HKQuantityTypeIdentifierHeartRate,PhysTrax Apple Watch,11.6.1,"Watch7,1","<<HKDevice: 0x133e94300>, name:Apple Watch, manufacturer:Apple Inc., model:Watch, hardware:Watch7,1, software:11.6.1, creation date:2025-09-13 14:18:16 +0000>",2025-10-02 01:55:42 +0000,2025-10-02 01:55:42 +0000,count/min,61.0,2
HKQuantityTypeIdentifierHeartRate,PhysTrax Apple Watch,11.6.1,"Watch7,1","<<HKDevice: 0x133e94300>, name:Apple Watch, manufacturer:Apple Inc., model:Watch, hardware:Watch7,1, software:11.6.1, creation date:2025-09-13 14:18:16 +0000>",2025-10-02 01:55:47 +0000,2025-10-02 01:55:47 +0000,count/min,59.0,2
HKQuantityTypeIdentifierHeartRate,PhysTrax Apple Watch,11.6.1,"Watch7,1","<<HKDevice: 0x133e94300>, name:Apple Watch, manufacturer:Apple Inc., model:Watch, hardware:Watch7,1, software:11.6.1, creation date:2025-09-13 14:18:16 +0000>",2025-10-02 01:55:50 +0000,2025-10-02 01:55:50 +0000,count/min,58.0,2
HKQuantityTypeIdentifierHeartRate,PhysTrax Apple Watch,11.6.1,"Watch7,1","<<HKDevice: 0x133e94300>, name:Apple Watch, manufacturer:Apple Inc., model:Watch, hardware:Watch7,1, software:11.6.1, creation date:2025-09-13 14:18:16 +0000>",2025-10-02 01:55:58 +0000,2025-10-02 01:55:58 +0000,count/min,60.0,2
HKQuantityTypeIdentifierHeartRate,PhysTrax Apple Watch,11.6.1,"Watch7,1","<<HKDevice: 0x133e94300>, name:Apple Watch, manufacturer:Apple Inc., model:Watch, hardware:Watch7,1, software:11.6.1, creation date:2025-09-13 14:18:16 +0000>",2025-10-02 01:56:01 +0000,2025-10-02 01:56:01 +0000,count/min,60.0,2
HKQuantityTypeIdentifierHeartRate,PhysTrax Apple Watch,11.6.1,"Watch7,1","<<HKDevice: 0x133e94300>, name:Apple Watch, manufacturer:Apple Inc., model:Watch, hardware:Watch7,1, software:11.6.1, creation date:2025-09-13 14:18:16 +0000>",2025-10-02 01:56:08 +0000,2025-10-02 01:56:08 +0000,count/min,58.0,2
HKQuantityTypeIdentifierHeartRate,PhysTrax Apple Watch,11.6.1,"Watch7,1","<<HKDevice: 0x133e94300>, name:Apple Watch, manufacturer:Apple Inc., model:Watch, hardware:Watch7,1, software:11.6.1, creation date:2025-09-13 14:18:16 +0000>",2025-10-02 01:56:13 +0000,2025-10-02 01:56:13 +0000,count/min,58.0,2
HKQuantityTypeIdentifierHeartRate,PhysTrax Apple Watch,11.6.1,"Watch7,1","<<HKDevice: 0x133e94300>, name:Apple Watch, manufacturer:Apple Inc., model:Watch, hardware:Watch7,1, software:11.6.1, creation date:2025-09-13 14:18:16 +0000>",2025-10-02 01:56:14 +0000,2025-10-02 01:56:14 +0000,count/min,58.0,2
HKQuantityTypeIdentifierHeartRate,PhysTrax Apple Watch,11.6.1,"Watch7,1","<<HKDevice: 0x133e94300>, name:Apple Watch, manufacturer:Apple Inc., model:Watch, hardware:Watch7,1, software:11.6.1, creation date:2025-09-13 14:18:16 +0000>",2025-10-02 01:56:23 +0000,2025-10-02 01:56:23 +0000,count/min,60.0,2
HKQuantityTypeIdentifierHeartRate,PhysTrax Apple Watch,11.6.1,"Watch7,1","<<HKDevice: 0x133e94300>, name:Apple Watch, manufacturer:Apple Inc., model:Watch, hardware:Watch7,1, software:11.6.1, creation date:2025-09-13 14:18:16 +0000>",2025-10-02 01:56:24 +0000,2025-10-02 01:56:24 +0000,count/min,61.0,2
HKQuantityTypeIdentifierHeartRate,PhysTrax Apple Watch,11.6.1,"Watch7,1","<<HKDevice: 0x133e94300>, name:Apple Watch, manufacturer:Apple Inc., model:Watch, hardware:Watch7,1, software:11.6.1, creation date:2025-09-13 14:18:16 +0000>",2025-10-02 01:56:29 +0000,2025-10-02 01:56:29 +0000,count/min,62.00000000000001,2
HKQuantityTypeIdentifierHeartRate,PhysTrax Apple Watch,11.6.1,"Watch7,1","<<HKDevice: 0x133e94300>, name:Apple Watch, manufacturer:Apple Inc., model:Watch, hardware:Watch7,1, software:11.6.1, creation date:2025-09-13 14:18:16 +0000>",2025-10-02 01:56:38 +0000,2025-10-02 01:56:38 +0000,count/min,67.0,2
HKQuantityTypeIdentifierHeartRate,PhysTrax Apple Watch,11.6.1,"Watch7,1","<<HKDevice: 0x133e94300>, name:Apple Watch, manufacturer:Apple Inc., model:Watch, hardware:Watch7,1, software:11.6.1, creation date:2025-09-13 14:18:16 +0000>",2025-10-02 01:56:43 +0000,2025-10-02 01:56:43 +0000,count/min,66.0,2
HKQuantityTypeIdentifierHeartRate,PhysTrax Apple Watch,11.6.1,"Watch7,1","<<HKDevice: 0x133e94300>, name:Apple Watch, manufacturer:Apple Inc., model:Watch, hardware:Watch7,1, software:11.6.1, creation date:2025-09-13 14:18:16 +0000>",2025-10-02 01:56:48 +0000,2025-10-02 01:56:48 +0000,count/min,63.0,2
HKQuantityTypeIdentifierHeartRate,PhysTrax Apple Watch,11.6.1,"Watch7,1","<<HKDevice: 0x133e94300>, name:Apple Watch, manufacturer:Apple Inc., model:Watch, hardware:Watch7,1, software:11.6.1, creation date:2025-09-13 14:18:16 +0000>",2025-10-02 01:56:52 +0000,2025-10-02 01:56:52 +0000,count/min,61.0,2
HKQuantityTypeIdentifierHeartRate,PhysTrax Apple Watch,11.6.1,"Watch7,1","<<HKDevice: 0x133e94300>, name:Apple Watch, manufacturer:Apple Inc., model:Watch, hardware:Watch7,1, software:11.6.1, creation date:2025-09-13 14:18:16 +0000>",2025-10-02 01:56:57 +0000,2025-10-02 01:56:57 +0000,count/min,59.0,2
HKQuantityTypeIdentifierHeartRate,PhysTrax Apple Watch,11.6.1,"Watch7,1","<<HKDevice: 0x133e94300>, name:Apple Watch, manufacturer:Apple Inc., model:Watch, hardware:Watch7,1, software:11.6.1, creation date:2025-09-13 14:18:16 +0000>",2025-10-02 01:57:02 +0000,2025-10-02 01:57:02 +0000,count/min,59.0,2
HKQuantityTypeIdentifierHeartRate,PhysTrax Apple Watch,11.6.1,"Watch7,1","<<HKDevice: 0x133e94300>, name:Apple Watch, manufacturer:Apple Inc., model:Watch, hardware:Watch7,1, software:11.6.1, creation date:2025-09-13 14:18:16 +0000>",2025-10-02 01:57:06 +0000,2025-10-02 01:57:06 +0000,count/min,59.0,2
HKQuantityTypeIdentifierHeartRate,PhysTrax Apple Watch,11.6.1,"Watch7,1","<<HKDevice: 0x133e94300>, name:Apple Watch, manufacturer:Apple Inc., model:Watch, hardware:Watch7,1, software:11.6.1, creation date:2025-09-13 14:18:16 +0000>",2025-10-02 01:57:10 +0000,2025-10-02 01:57:10 +0000,count/min,60.0,2
HKQuantityTypeIdentifierHeartRate,PhysTrax Apple Watch,11.6.1,"Watch7,1","<<HKDevice: 0x133e94300>, name:Apple Watch, manufacturer:Apple Inc., model:Watch, hardware:Watch7,1, software:11.6.1, creation date:2025-09-13 14:18:16 +0000>",2025-10-02 01:57:17 +0000,2025-10-02 01:57:17 +0000,count/min,61.0,2
HKQuantityTypeIdentifierHeartRate,PhysTrax Apple Watch,11.6.1,"Watch7,1","<<HKDevice: 0x133e94300>, name:Apple Watch, manufacturer:Apple Inc., model:Watch, hardware:Watch7,1, software:11.6.1, creation date:2025-09-13 14:18:16 +0000>",2025-10-02 01:57:23 +0000,2025-10-02 01:57:23 +0000,count/min,61.0,2
HKQuantityTypeIdentifierHeartRate,PhysTrax Apple Watch,11.6.1,"Watch7,1","<<HKDevice: 0x133e94300>, name:Apple Watch, manufacturer:Apple Inc., model:Watch, hardware:Watch7,1, software:11.6.1, creation date:2025-09-13 14:18:16 +0000>",2025-10-02 01:57:28 +0000,2025-10-02 01:57:28 +0000,count/min,60.0,2
HKQuantityTypeIdentifierHeartRate,PhysTrax Apple Watch,11.6.1,"Watch7,1","<<HKDevice: 0x133e94300>, name:Apple Watch, manufacturer:Apple Inc., model:Watch, hardware:Watch7,1, software:11.6.1, creation date:2025-09-13 14:18:16 +0000>",2025-10-02 01:57:31 +0000,2025-10-02 01:57:31 +0000,count/min,60.0,2
HKQuantityTypeIdentifierHeartRate,PhysTrax Apple Watch,11.6.1,"Watch7,1","<<HKDevice: 0x133e94300>, name:Apple Watch, manufacturer:Apple Inc., model:Watch, hardware:Watch7,1, software:11.6.1, creation date:2025-09-13 14:18:16 +0000>",2025-10-02 01:57:36 +0000,2025-10-02 01:57:36 +0000,count/min,60.0,2
HKQuantityTypeIdentifierHeartRate,PhysTrax Apple Watch,11.6.1,"Watch7,1","<<HKDevice: 0x133e94300>, name:Apple Watch, manufacturer:Apple Inc., model:Watch, hardware:Watch7,1, software:11.6.1, creation date:2025-09-13 14:18:16 +0000>",2025-10-02 01:57:43 +0000,2025-10-02 01:57:43 +0000,count/min,60.0,2
HKQuantityTypeIdentifierHeartRate,PhysTrax Apple Watch,11.6.1,"Watch7,1","<<HKDevice: 0x133e94300>, name:Apple Watch, manufacturer:Apple Inc., model:Watch, hardware:Watch7,1, software:11.6.1, creation date:2025-09-13 14:18:16 +0000>",2025-10-02 01:57:44 +0000,2025-10-02 01:57:44 +0000,count/min,60.0,2
HKQuantityTypeIdentifierHeartRate,PhysTrax Apple Watch,11.6.1,"Watch7,1","<<HKDevice: 0x133e94300>, name:Apple Watch, manufacturer:Apple Inc., model:Watch, hardware:Watch7,1, software:11.6.1, creation date:2025-09-13 14:18:16 +0000>",2025-10-02 01:57:53 +0000,2025-10-02 01:57:53 +0000,count/min,62.00000000000001,2
HKQuantityTypeIdentifierHeartRate,PhysTrax Apple Watch,11.6.1,"Watch7,1","<<HKDevice: 0x133e94300>, name:Apple Watch, manufacturer:Apple Inc., model:Watch, hardware:Watch7,1, software:11.6.1, creation date:2025-09-13 14:18:16 +0000>",2025-10-02 01:57:58 +0000,2025-10-02 01:57:58 +0000,count/min,62.00000000000001,2
HKQuantityTypeIdentifierHeartRate,PhysTrax Apple Watch,11.6.1,"Watch7,1","<<HKDevice: 0x133e94300>, name:Apple Watch, manufacturer:Apple Inc., model:Watch, hardware:Watch7,1, software:11.6.1, creation date:2025-09-13 14:18:16 +0000>",2025-10-02 01:58:01 +0000,2025-10-02 01:58:01 +0000,count/min,62.00000000000001,2
HKQuantityTypeIdentifierHeartRate,PhysTrax Apple Watch,11.6.1,"Watch7,1","<<HKDevice: 0x133e94300>, name:Apple Watch, manufacturer:Apple Inc., model:Watch, hardware:Watch7,1, software:11.6.1, creation date:2025-09-13 14:18:16 +0000>",2025-10-02 01:58:05 +0000,2025-10-02 01:58:05 +0000,count/min,62.00000000000001,2
HKQuantityTypeIdentifierHeartRate,PhysTrax Apple Watch,11.6.1,"Watch7,1","<<HKDevice: 0x133e94300>, name:Apple Watch, manufacturer:Apple Inc., model:Watch, hardware:Watch7,1, software:11.6.1, creation date:2025-09-13 14:18:16 +0000>",2025-10-02 01:58:13 +0000,2025-10-02 01:58:13 +0000,count/min,65.0,2
HKQuantityTypeIdentifierHeartRate,PhysTrax Apple Watch,11.6.1,"Watch7,1","<<HKDevice: 0x133e94300>, name:Apple Watch, manufacturer:Apple Inc., model:Watch, hardware:Watch7,1, software:11.6.1, creation date:2025-09-13 14:18:16 +0000>",2025-10-02 01:58:15 +0000,2025-10-02 01:58:15 +0000,count/min,65.0,2
HKQuantityTypeIdentifierHeartRate,PhysTrax Apple Watch,11.6.1,"Watch7,1","<<HKDevice: 0x133e94300>, name:Apple Watch, manufacturer:Apple Inc., model:Watch, hardware:Watch7,1, software:11.6.1, creation date:2025-09-13 14:18:16 +0000>",2025-10-02 01:58:22 +0000,2025-10-02 01:58:22 +0000,count/min,64.0,2
HKQuantityTypeIdentifierHeartRate,PhysTrax Apple Watch,11.6.1,"Watch7,1","<<HKDevice: 0x133e94300>, name:Apple Watch, manufacturer:Apple Inc., model:Watch, hardware:Watch7,1, software:11.6.1, creation date:2025-09-13 14:18:16 +0000>",2025-10-02 01:58:28 +0000,2025-10-02 01:58:28 +0000,count/min,64.0,2
HKQuantityTypeIdentifierHeartRate,PhysTrax Apple Watch,11.6.1,"Watch7,1","<<HKDevice: 0x133e94300>, name:Apple Watch, manufacturer:Apple Inc., model:Watch, hardware:Watch7,1, software:11.6.1, creation date:2025-09-13 14:18:16 +0000>",2025-10-02 01:58:29 +0000,2025-10-02 01:58:29 +0000,count/min,64.0,2
HKQuantityTypeIdentifierHeartRate,PhysTrax Apple Watch,11.6.1,"Watch7,1","<<HKDevice: 0x133e94300>, name:Apple Watch, manufacturer:Apple Inc., model:Watch, hardware:Watch7,1, software:11.6.1, creation date:2025-09-13 14:18:16 +0000>",2025-10-02 01:58:36 +0000,2025-10-02 01:58:36 +0000,count/min,69.0,2
HKQuantityTypeIdentifierHeartRate,PhysTrax Apple Watch,11.6.1,"Watch7,1","<<HKDevice: 0x133e94300>, name:Apple Watch, manufacturer:Apple Inc., model:Watch, hardware:Watch7,1, software:11.6.1, creation date:2025-09-13 14:18:16 +0000>",2025-10-02 01:58:39 +0000,2025-10-02 01:58:39 +0000,count/min,69.0,2
HKQuantityTypeIdentifierHeartRate,PhysTrax Apple Watch,11.6.1,"Watch7,1","<<HKDevice: 0x133e94300>, name:Apple Watch, manufacturer:Apple Inc., model:Watch, hardware:Watch7,1, software:11.6.1, creation date:2025-09-13 14:18:16 +0000>",2025-10-02 01:58:47 +0000,2025-10-02 01:58:47 +0000,count/min,63.0,2
HKQuantityTypeIdentifierHeartRate,PhysTrax Apple Watch,11.6.1,"Watch7,1","<<HKDevice: 0x133e94300>, name:Apple Watch, manufacturer:Apple Inc., model:Watch, hardware:Watch7,1, software:11.6.1, creation date:2025-09-13 14:18:16 +0000>",2025-10-02 01:58:53 +0000,2025-10-02 01:58:53 +0000,count/min,61.0,2
HKQuantityTypeIdentifierHeartRate,PhysTrax Apple Watch,11.6.1,"Watch7,1","<<HKDevice: 0x133e94300>, name:Apple Watch, manufacturer:Apple Inc., model:Watch, hardware:Watch7,1, software:11.6.1, creation date:2025-09-13 14:18:16 +0000>",2025-10-02 01:58:54 +0000,2025-10-02 01:58:54 +0000,count/min,61.0,2
HKQuantityTypeIdentifierHeartRate,PhysTrax Apple Watch,11.6.1,"Watch7,1","<<HKDevice: 0x133e94300>, name:Apple Watch, manufacturer:Apple Inc., model:Watch, hardware:Watch7,1, software:11.6.1, creation date:2025-09-13 14:18:16 +0000>",2025-10-02 01:59:00 +0000,2025-10-02 01:59:00 +0000,count/min,62.00000000000001,2
HKQuantityTypeIdentifierHeartRate,PhysTrax Apple Watch,11.6.1,"Watch7,1","<<HKDevice: 0x133e94300>, name:Apple Watch, manufacturer:Apple Inc., model:Watch, hardware:Watch7,1, software:11.6.1, creation date:2025-09-13 14:18:16 +0000>",2025-10-02 01:59:08 +0000,2025-10-02 01:59:08 +0000,count/min,61.0,2
HKQuantityTypeIdentifierHeartRate,PhysTrax Apple Watch,11.6.1,"Watch7,1","<<HKDevice: 0x133e94300>, name:Apple Watch, manufacturer:Apple Inc., model:Watch, hardware:Watch7,1, software:11.6.1, creation date:2025-09-13 14:18:16 +0000>",2025-10-02 01:59:09 +0000,2025-10-02 01:59:09 +0000,count/min,61.0,2
HKQuantityTypeIdentifierHeartRate,PhysTrax Apple Watch,11.6.1,"Watch7,1","<<HKDevice: 0x133e94300>, name:Apple Watch, manufacturer:Apple Inc., model:Watch, hardware:Watch7,1, software:11.6.1, creation date:2025-09-13 14:18:16 +0000>",2025-10-02 01:59:15 +0000,2025-10-02 01:59:15 +0000,count/min,61.0,2
HKQuantityTypeIdentifierHeartRate,PhysTrax Apple Watch,11.6.1,"Watch7,1","<<HKDevice: 0x133e94300>, name:Apple Watch, manufacturer:Apple Inc., model:Watch, hardware:Watch7,1, software:11.6.1, creation date:2025-09-13 14:18:16 +0000>",2025-10-02 01:59:21 +0000,2025-10-02 01:59:21 +0000,count/min,61.0,2
HKQuantityTypeIdentifierHeartRate,PhysTrax Apple Watch,11.6.1,"Watch7,1","<<HKDevice: 0x133e94300>, name:Apple Watch, manufacturer:Apple Inc., model:Watch, hardware:Watch7,1, software:11.6.1, creation date:2025-09-13 14:18:16 +0000>",2025-10-02 01:59:25 +0000,2025-10-02 01:59:25 +0000,count/min,61.0,2
HKQuantityTypeIdentifierHeartRate,PhysTrax Apple Watch,11.6.1,"Watch7,1","<<HKDevice: 0x133e94300>, name:Apple Watch, manufacturer:Apple Inc., model:Watch, hardware:Watch7,1, software:11.6.1, creation date:2025-09-13 14:18:16 +0000>",2025-10-02 01:59:29 +0000,2025-10-02 01:59:29 +0000,count/min,61.0,2
HKQuantityTypeIdentifierHeartRate,PhysTrax Apple Watch,11.6.1,"Watch7,1","<<HKDevice: 0x133e94300>, name:Apple Watch, manufacturer:Apple Inc., model:Watch, hardware:Watch7,1, software:11.6.1, creation date:2025-09-13 14:18:16 +0000>",2025-10-02 01:59:37 +0000,2025-10-02 01:59:37 +0000,count/min,69.0,2
HKQuantityTypeIdentifierHeartRate,PhysTrax Apple Watch,11.6.1,"Watch7,1","<<HKDevice: 0x133e94300>, name:Apple Watch, manufacturer:Apple Inc., model:Watch, hardware:Watch7,1, software:11.6.1, creation date:2025-09-13 14:18:16 +0000>",2025-10-02 01:59:39 +0000,2025-10-02 01:59:39 +0000,count/min,70.0,2
HKQuantityTypeIdentifierHeartRate,PhysTrax Apple Watch,11.6.1,"Watch7,1","<<HKDevice: 0x133e94300>, name:Apple Watch, manufacturer:Apple Inc., model:Watch, hardware:Watch7,1, software:11.6.1, creation date:2025-09-13 14:18:16 +0000>",2025-10-02 01:59:44 +0000,2025-10-02 01:59:44 +0000,count/min,80.0,2
HKQuantityTypeIdentifierHeartRate,PhysTrax Apple Watch,11.6.1,"Watch7,1","<<HKDevice: 0x133e94300>, name:Apple Watch, manufacturer:Apple Inc., model:Watch, hardware:Watch7,1, software:11.6.1, creation date:2025-09-13 14:18:16 +0000>",2025-10-02 01:59:49 +0000,2025-10-02 01:59:49 +0000,count/min,86.0,2
HKQuantityTypeIdentifierHeartRate,PhysTrax Apple Watch,11.6.1,"Watch7,1","<<HKDevice: 0x133e94300>, name:Apple Watch, manufacturer:Apple Inc., model:Watch, hardware:Watch7,1, software:11.6.1, creation date:2025-09-13 14:18:16 +0000>",2025-10-02 01:59:58 +0000,2025-10-02 01:59:58 +0000,count/min,94.0,2
HKQuantityTypeIdentifierHeartRate,PhysTrax Apple Watch,11.6.1,"Watch7,1","<<HKDevice: 0x133e94300>, name:Apple Watch, manufacturer:Apple Inc., model:Watch, hardware:Watch7,1, software:11.6.1, creation date:2025-09-13 14:18:16 +0000>",2025-10-02 01:59:59 +0000,2025-10-02 01:59:59 +0000,count/min,94.0,2
HKQuantityTypeIdentifierHeartRate,PhysTrax Apple Watch,11.6.1,"Watch7,1","<<HKDevice: 0x133e94300>, name:Apple Watch, manufacturer:Apple Inc., model:Watch, hardware:Watch7,1, software:11.6.1, creation date:2025-09-13 14:18:16 +0000>",2025-10-02 02:00:06 +0000,2025-10-02 02:00:06 +0000,count/min,84.0,2
HKQuantityTypeIdentifierHeartRate,PhysTrax Apple Watch,11.6.1,"Watch7,1","<<HKDevice: 0x133e94300>, name:Apple Watch, manufacturer:Apple Inc., model:Watch, hardware:Watch7,1, software:11.6.1, creation date:2025-09-13 14:18:16 +0000>",2025-10-02 02:00:13 +0000,2025-10-02 02:00:13 +0000,count/min,86.0,2
HKQuantityTypeIdentifierHeartRate,PhysTrax Apple Watch,11.6.1,"Watch7,1","<<HKDevice: 0x133e94300>, name:Apple Watch, manufacturer:Apple Inc., model:Watch, hardware:Watch7,1, software:11.6.1, creation date:2025-09-13 14:18:16 +0000>",2025-10-02 02:00:16 +0000,2025-10-02 02:00:16 +0000,count/min,88.0,2
HKQuantityTypeIdentifierHeartRate,PhysTrax Apple Watch,11.6.1,"Watch7,1","<<HKDevice: 0x133e94300>, name:Apple Watch, manufacturer:Apple Inc., model:Watch, hardware:Watch7,1, software:11.6.1, creation date:2025-09-13 14:18:16 +0000>",2025-10-02 02:00:22 +0000,2025-10-02 02:00:22 +0000,count/min,96.0,2
HKQuantityTypeIdentifierHeartRate,PhysTrax Apple Watch,11.6.1,"Watch7,1","<<HKDevice: 0x133e94300>, name:Apple Watch, manufacturer:Apple Inc., model:Watch, hardware:Watch7,1, software:11.6.1, creation date:2025-09-13 14:18:16 +0000>",2025-10-02 02:00:24 +0000,2025-10-02 02:00:24 +0000,count/min,95.0,2
HKQuantityTypeIdentifierHeartRate,PhysTrax Apple Watch,11.6.1,"Watch7,1","<<HKDevice: 0x133e94300>, name:Apple Watch, manufacturer:Apple Inc., model:Watch, hardware:Watch7,1, software:11.6.1, creation date:2025-09-13 14:18:16 +0000>",2025-10-02 02:00:29 +0000,2025-10-02 02:00:29 +0000,count/min,94.0,2
HKQuantityTypeIdentifierHeartRate,PhysTrax Apple Watch,11.6.1,"Watch7,1","<<HKDevice: 0x133e94300>, name:Apple Watch, manufacturer:Apple Inc., model:Watch, hardware:Watch7,1, software:11.6.1, creation date:2025-09-13 14:18:16 +0000>",2025-10-02 02:00:38 +0000,2025-10-02 02:00:38 +0000,count/min,92.00000000000001,2
HKQuantityTypeIdentifierHeartRate,PhysTrax Apple Watch,11.6.1,"Watch7,1","<<HKDevice: 0x133e94300>, name:Apple Watch, manufacturer:Apple Inc., model:Watch, hardware:Watch7,1, software:11.6.1, creation date:2025-09-13 14:18:16 +0000>",2025-10-02 02:00:43 +0000,2025-10-02 02:00:43 +0000,count/min,96.0,2
HKQuantityTypeIdentifierHeartRate,PhysTrax Apple Watch,11.6.1,"Watch7,1","<<HKDevice: 0x133e94300>, name:Apple Watch, manufacturer:Apple Inc., model:Watch, hardware:Watch7,1, software:11.6.1, creation date:2025-09-13 14:18:16 +0000>",2025-10-02 02:00:48 +0000,2025-10-02 02:00:48 +0000,count/min,97.0,2
HKQuantityTypeIdentifierHeartRate,PhysTrax Apple Watch,11.6.1,"Watch7,1","<<HKDevice: 0x133e94300>, name:Apple Watch, manufacturer:Apple Inc., model:Watch, hardware:Watch7,1, software:11.6.1, creation date:2025-09-13 14:18:16 +0000>",2025-10-02 02:00:49 +0000,2025-10-02 02:00:49 +0000,count/min,97.0,2
HKQuantityTypeIdentifierHeartRate,PhysTrax Apple Watch,11.6.1,"Watch7,1","<<HKDevice: 0x133e94300>, name:Apple Watch, manufacturer:Apple Inc., model:Watch, hardware:Watch7,1, software:11.6.1, creation date:2025-09-13 14:18:16 +0000>",2025-10-02 02:00:58 +0000,2025-10-02 02:00:58 +0000,count/min,84.0,2
HKQuantityTypeIdentifierHeartRate,PhysTrax Apple Watch,11.6.1,"Watch7,1","<<HKDevice: 0x133e94300>, name:Apple Watch, manufacturer:Apple Inc., model:Watch, hardware:Watch7,1, software:11.6.1, creation date:2025-09-13 14:18:16 +0000>",2025-10-02 02:01:03 +0000,2025-10-02 02:01:03 +0000,count/min,82.0,2
HKQuantityTypeIdentifierHeartRate,PhysTrax Apple Watch,11.6.1,"Watch7,1","<<HKDevice: 0x133e94300>, name:Apple Watch, manufacturer:Apple Inc., model:Watch, hardware:Watch7,1, software:11.6.1, creation date:2025-09-13 14:18:16 +0000>",2025-10-02 02:01:04 +0000,2025-10-02 02:01:04 +0000,count/min,83.0,2
HKQuantityTypeIdentifierHeartRate,PhysTrax Apple Watch,11.6.1,"Watch7,1","<<HKDevice: 0x133e94300>, name:Apple Watch, manufacturer:Apple Inc., model:Watch, hardware:Watch7,1, software:11.6.1, creation date:2025-09-13 14:18:16 +0000>",2025-10-02 02:01:12 +0000,2025-10-02 02:01:12 +0000,count/min,85.0,2
HKQuantityTypeIdentifierHeartRate,PhysTrax Apple Watch,11.6.1,"Watch7,1","<<HKDevice: 0x133e94300>, name:Apple Watch, manufacturer:Apple Inc., model:Watch, hardware:Watch7,1, software:11.6.1, creation date:2025-09-13 14:18:16 +0000>",2025-10-02 02:01:14 +0000,2025-10-02 02:01:14 +0000,count/min,85.0,2
HKQuantityTypeIdentifierHeartRate,PhysTrax Apple Watch,11.6.1,"Watch7,1","<<HKDevice: 0x133e94300>, name:Apple Watch, manufacturer:Apple Inc., model:Watch, hardware:Watch7,1, software:11.6.1, creation date:2025-09-13 14:18:16 +0000>",2025-10-02 02:01:23 +0000,2025-10-02 02:01:23 +0000,count/min,93.0,2
HKQuantityTypeIdentifierHeartRate,PhysTrax Apple Watch,11.6.1,"Watch7,1","<<HKDevice: 0x133e94300>, name:Apple Watch, manufacturer:Apple Inc., model:Watch, hardware:Watch7,1, software:11.6.1, creation date:2025-09-13 14:18:16 +0000>",2025-10-02 02:01:28 +0000,2025-10-02 02:01:28 +0000,count/min,95.0,2
HKQuantityTypeIdentifierHeartRate,PhysTrax Apple Watch,11.6.1,"Watch7,1","<<HKDevice: 0x133e94300>, name:Apple Watch, manufacturer:Apple Inc., model:Watch, hardware:Watch7,1, software:11.6.1, creation date:2025-09-13 14:18:16 +0000>",2025-10-02 02:01:33 +0000,2025-10-02 02:01:33 +0000,count/min,94.0,2
HKQuantityTypeIdentifierHeartRate,PhysTrax Apple Watch,11.6.1,"Watch7,1","<<HKDevice: 0x133e94300>, name:Apple Watch, manufacturer:Apple Inc., model:Watch, hardware:Watch7,1, software:11.6.1, creation date:2025-09-13 14:18:16 +0000>",2025-10-02 02:01:34 +0000,2025-10-02 02:01:34 +0000,count/min,95.0,2
HKQuantityTypeIdentifierHeartRate,PhysTrax Apple Watch,11.6.1,"Watch7,1","<<HKDevice: 0x133e94300>, name:Apple Watch, manufacturer:Apple Inc., model:Watch, hardware:Watch7,1, software:11.6.1, creation date:2025-09-13 14:18:16 +0000>",2025-10-02 02:01:43 +0000,2025-10-02 02:01:43 +0000,count/min,95.0,2
HKQuantityTypeIdentifierHeartRate,PhysTrax Apple Watch,11.6.1,"Watch7,1","<<HKDevice: 0x133e94300>, name:Apple Watch, manufacturer:Apple Inc., model:Watch, hardware:Watch7,1, software:11.6.1, creation date:2025-09-13 14:18:16 +0000>",2025-10-02 02:01:48 +0000,2025-10-02 02:01:48 +0000,count/min,94.0,2
HKQuantityTypeIdentifierHeartRate,PhysTrax Apple Watch,11.6.1,"Watch7,1","<<HKDevice: 0x133e94300>, name:Apple Watch, manufacturer:Apple Inc., model:Watch, hardware:Watch7,1, software:11.6.1, creation date:2025-09-13 14:18:16 +0000>",2025-10-02 02:01:53 +0000,2025-10-02 02:01:53 +0000,count/min,97.0,2
HKQuantityTypeIdentifierHeartRate,PhysTrax Apple Watch,11.6.1,"Watch7,1","<<HKDevice: 0x133e94300>, name:Apple Watch, manufacturer:Apple Inc., model:Watch, hardware:Watch7,1, software:11.6.1, creation date:2025-09-13 14:18:16 +0000>",2025-10-02 02:01:55 +0000,2025-10-02 02:01:55 +0000,count/min,98.0,2
HKQuantityTypeIdentifierHeartRate,PhysTrax Apple Watch,11.6.1,"Watch7,1","<<HKDevice: 0x133e94300>, name:Apple Watch, manufacturer:Apple Inc., model:Watch, hardware:Watch7,1, software:11.6.1, creation date:2025-09-13 14:18:16 +0000>",2025-10-02 02:01:59 +0000,2025-10-02 02:01:59 +0000,count/min,102.0,2
HKQuantityTypeIdentifierHeartRate,PhysTrax Apple Watch,11.6.1,"Watch7,1","<<HKDevice: 0x133e94300>, name:Apple Watch, manufacturer:Apple Inc., model:Watch, hardware:Watch7,1, software:11.6.1, creation date:2025-09-13 14:18:16 +0000>",2025-10-02 02:02:05 +0000,2025-10-02 02:02:05 +0000,count/min,100.0,2
HKQuantityTypeIdentifierHeartRate,PhysTrax Apple Watch,11.6.1,"Watch7,1","<<HKDevice: 0x133e94300>, name:Apple Watch, manufacturer:Apple Inc., model:Watch, hardware:Watch7,1, software:11.6.1, creation date:2025-09-13 14:18:16 +0000>",2025-10-02 02:02:09 +0000,2025-10-02 02:02:09 +0000,count/min,108.0,2
HKQuantityTypeIdentifierHeartRate,PhysTrax Apple Watch,11.6.1,"Watch7,1","<<HKDevice: 0x133e94300>, name:Apple Watch, manufacturer:Apple Inc., model:Watch, hardware:Watch7,1, software:11.6.1, creation date:2025-09-13 14:18:16 +0000>",2025-10-02 02:02:18 +0000,2025-10-02 02:02:18 +0000,count/min,111.0,2
HKQuantityTypeIdentifierHeartRate,PhysTrax Apple Watch,11.6.1,"Watch7,1","<<HKDevice: 0x133e94300>, name:Apple Watch, manufacturer:Apple Inc., model:Watch, hardware:Watch7,1, software:11.6.1, creation date:2025-09-13 14:18:16 +0000>",2025-10-02 02:02:20 +0000,2025-10-02 02:02:20 +0000,count/min,111.0,2
HKQuantityTypeIdentifierHeartRate,PhysTrax Apple Watch,11.6.1,"Watch7,1","<<HKDevice: 0x133e94300>, name:Apple Watch, manufacturer:Apple Inc., model:Watch, hardware:Watch7,1, software:11.6.1, creation date:2025-09-13 14:18:16 +0000>",2025-10-02 02:02:24 +0000,2025-10-02 02:02:24 +0000,count/min,104.0,2
HKQuantityTypeIdentifierHeartRate,PhysTrax Apple Watch,11.6.1,"Watch7,1","<<HKDevice: 0x133e94300>, name:Apple Watch, manufacturer:Apple Inc., model:Watch, hardware:Watch7,1, software:11.6.1, creation date:2025-09-13 14:18:16 +0000>",2025-10-02 02:02:33 +0000,2025-10-02 02:02:33 +0000,count/min,96.0,2
HKQuantityTypeIdentifierHeartRate,PhysTrax Apple Watch,11.6.1,"Watch7,1","<<HKDevice: 0x133e94300>, name:Apple Watch, manufacturer:Apple Inc., model:Watch, hardware:Watch7,1, software:11.6.1, creation date:2025-09-13 14:18:16 +0000>",2025-10-02 02:02:34 +0000,2025-10-02 02:02:34 +0000,count/min,98.0,2
HKQuantityTypeIdentifierHeartRate,PhysTrax Apple Watch,11.6.1,"Watch7,1","<<HKDevice: 0x133e94300>, name:Apple Watch, manufacturer:Apple Inc., model:Watch, hardware:Watch7,1, software:11.6.1, creation date:2025-09-13 14:18:16 +0000>",2025-10-02 02:02:43 +0000,2025-10-02 02:02:43 +0000,count/min,99.0,2
HKQuantityTypeIdentifierHeartRate,PhysTrax Apple Watch,11.6.1,"Watch7,1","<<HKDevice: 0x133e94300>, name:Apple Watch, manufacturer:Apple Inc., model:Watch, hardware:Watch7,1, software:11.6.1, creation date:2025-09-13 14:18:16 +0000>",2025-10-02 02:02:48 +0000,2025-10-02 02:02:48 +0000,count/min,101.0,2
HKQuantityTypeIdentifierHeartRate,PhysTrax Apple Watch,11.6.1,"Watch7,1","<<HKDevice: 0x133e94300>, name:Apple Watch, manufacturer:Apple Inc., model:Watch, hardware:Watch7,1, software:11.6.1, creation date:2025-09-13 14:18:16 +0000>",2025-10-02 02:02:50 +0000,2025-10-02 02:02:50 +0000,count/min,99.0,2
HKQuantityTypeIdentifierHeartRate,PhysTrax Apple Watch,11.6.1,"Watch7,1","<<HKDevice: 0x133e94300>, name:Apple Watch, manufacturer:Apple Inc., model:Watch, hardware:Watch7,1, software:11.6.1, creation date:2025-09-13 14:18:16 +0000>",2025-10-02 02:02:54 +0000,2025-10-02 02:02:54 +0000,count/min,98.0,2
HKQuantityTypeIdentifierHeartRate,PhysTrax Apple Watch,11.6.1,"Watch7,1","<<HKDevice: 0x133e94300>, name:Apple Watch, manufacturer:Apple Inc., model:Watch, hardware:Watch7,1, software:11.6.1, creation date:2025-09-13 14:18:16 +0000>",2025-10-02 02:05:55 +0000,2025-10-02 02:05:55 +0000,count/min,67.0,0
HKQuantityTypeIdentifierHeartRate,PhysTrax Apple Watch,11.6.1,"Watch7,1","<<HKDevice: 0x133e94300>, name:Apple Watch, manufacturer:Apple Inc., model:Watch, hardware:Watch7,1, software:11.6.1, creation date:2025-09-13 14:18:16 +0000>",2025-10-02 02:09:59 +0000,2025-10-02 02:09:59 +0000,count/min,108.0,2
HKQuantityTypeIdentifierHeartRate,PhysTrax Apple Watch,11.6.1,"Watch7,1","<<HKDevice: 0x133e94300>, name:Apple Watch, manufacturer:Apple Inc., model:Watch, hardware:Watch7,1, software:11.6.1, creation date:2025-09-13 14:18:16 +0000>",2025-10-02 02:16:02 +0000,2025-10-02 02:16:02 +0000,count/min,97.0,2
HKQuantityTypeIdentifierHeartRate,PhysTrax Apple Watch,11.6.1,"Watch7,1","<<HKDevice: 0x133e94300>, name:Apple Watch, manufacturer:Apple Inc., model:Watch, hardware:Watch7,1, software:11.6.1, creation date:2025-09-13 14:18:16 +0000>",2025-10-02 02:18:13 +0000,2025-10-02 02:18:13 +0000,count/min,95.0,1
HKQuantityTypeIdentifierHeartRate,PhysTrax Apple Watch,11.6.1,"Watch7,1","<<HKDevice: 0x133e94300>, name:Apple Watch, manufacturer:Apple Inc., model:Watch, hardware:Watch7,1, software:11.6.1, creation date:2025-09-13 14:18:16 +0000>",2025-10-02 02:24:07 +0000,2025-10-02 02:24:07 +0000,count/min,63.16538619995117,0
HKQuantityTypeIdentifierHeartRate,PhysTrax Apple Watch,11.6.1,"Watch7,1","<<HKDevice: 0x133e94300>, name:Apple Watch, manufacturer:Apple Inc., model:Watch, hardware:Watch7,1, software:11.6.1, creation date:2025-09-13 14:18:16 +0000>",2025-10-02 02:24:43 +0000,2025-10-02 02:24:43 +0000,count/min,68.0,1
HKQuantityTypeIdentifierHeartRate,PhysTrax Apple Watch,11.6.1,"Watch7,1","<<HKDevice: 0x133e94300>, name:Apple Watch, manufacturer:Apple Inc., model:Watch, hardware:Watch7,1, software:11.6.1, creation date:2025-09-13 14:18:16 +0000>",2025-10-02 02:27:05 +0000,2025-10-02 02:27:05 +0000,count/min,63.0,0
HKQuantityTypeIdentifierHeartRate,PhysTrax Apple Watch,11.6.1,"Watch7,1","<<HKDevice: 0x133e94300>, name:Apple Watch, manufacturer:Apple Inc., model:Watch, hardware:Watch7,1, software:11.6.1, creation date:2025-09-13 14:18:16 +0000>",2025-10-02 02:27:57 +0000,2025-10-02 02:27:57 +0000,count/min,64.0,1
HKQuantityTypeIdentifierHeartRate,PhysTrax Apple Watch,11.6.1,"Watch7,1","<<HKDevice: 0x133e94300>, name:Apple Watch, manufacturer:Apple Inc., model:Watch, hardware:Watch7,1, software:11.6.1, creation date:2025-09-13 14:18:16 +0000>",2025-10-02 02:34:45 +0000,2025-10-02 02:34:45 +0000,count/min,60.0,1
HKQuantityTypeIdentifierHeartRate,PhysTrax Apple Watch,11.6.1,"Watch7,1","<<HKDevice: 0x133e94300>, name:Apple Watch, manufacturer:Apple Inc., model:Watch, hardware:Watch7,1, software:11.6.1, creation date:2025-09-13 14:18:16 +0000>",2025-10-02 02:39:44 +0000,2025-10-02 02:39:44 +0000,count/min,59.0,1
HKQuantityTypeIdentifierHeartRate,PhysTrax Apple Watch,11.6.1,"Watch7,1","<<HKDevice: 0x133e94300>, name:Apple Watch, manufacturer:Apple Inc., model:Watch, hardware:Watch7,1, software:11.6.1, creation date:2025-09-13 14:18:16 +0000>",2025-10-02 02:41:18 +0000,2025-10-02 02:41:18 +0000,count/min,58.0,1
HKQuantityTypeIdentifierHeartRate,PhysTrax Apple Watch,11.6.1,"Watch7,1","<<HKDevice: 0x133e94300>, name:Apple Watch, manufacturer:Apple Inc., model:Watch, hardware:Watch7,1, software:11.6.1, creation date:2025-09-13 14:18:16 +0000>",2025-10-02 02:47:04 +0000,2025-10-02 02:47:04 +0000,count/min,58.0,0
HKQuantityTypeIdentifierHeartRate,PhysTrax Apple Watch,11.6.1,"Watch7,1","<<HKDevice: 0x133e94300>, name:Apple Watch, manufacturer:Apple Inc., model:Watch, hardware:Watch7,1, software:11.6.1, creation date:2025-09-13 14:18:16 +0000>",2025-10-02 02:51:06 +0000,2025-10-02 02:51:06 +0000,count/min,57.0,0
HKQuantityTypeIdentifierHeartRate,PhysTrax Apple Watch,11.6.1,"Watch7,1","<<HKDevice: 0x133e94300>, name:Apple Watch, manufacturer:Apple Inc., model:Watch, hardware:Watch7,1, software:11.6.1, creation date:2025-09-13 14:18:16 +0000>",2025-10-02 02:57:06 +0000,2025-10-02 02:57:06 +0000,count/min,51.0,0
HKQuantityTypeIdentifierHeartRate,PhysTrax Apple Watch,11.6.1,"Watch7,1","<<HKDevice: 0x133e94300>, name:Apple Watch, manufacturer:Apple Inc., model:Watch, hardware:Watch7,1, software:11.6.1, creation date:2025-09-13 14:18:16 +0000>",2025-10-02 02:58:57 +0000,2025-10-02 02:58:57 +0000,count/min,52.0,0
HKQuantityTypeIdentifierHeartRate,PhysTrax Apple Watch,11.6.1,"Watch7,1","<<HKDevice: 0x133e94300>, name:Apple Watch, manufacturer:Apple Inc., model:Watch, hardware:Watch7,1, software:11.6.1, creation date:2025-09-13 14:18:16 +0000>",2025-10-02 03:04:33 +0000,2025-10-02 03:04:33 +0000,count/min,52.0,0
HKQuantityTypeIdentifierHeartRate,PhysTrax Apple Watch,11.6.1,"Watch7,1","<<HKDevice: 0x133e94300>, name:Apple Watch, manufacturer:Apple Inc., model:Watch, hardware:Watch7,1, software:11.6.1, creation date:2025-09-13 14:18:16 +0000>",2025-10-02 03:08:25 +0000,2025-10-02 03:08:25 +0000,count/min,52.0,0
HKQuantityTypeIdentifierHeartRate,PhysTrax Apple Watch,11.6.1,"Watch7,1","<<HKDevice: 0x133e94300>, name:Apple Watch, manufacturer:Apple Inc., model:Watch, hardware:Watch7,1, software:11.6.1, creation date:2025-09-13 14:18:16 +0000>",2025-10-02 03:12:49 +0000,2025-10-02 03:12:49 +0000,count/min,52.0,0
HKQuantityTypeIdentifierHeartRate,PhysTrax Apple Watch,11.6.1,"Watch7,1","<<HKDevice: 0x133e94300>, name:Apple Watch, manufacturer:Apple Inc., model:Watch, hardware:Watch7,1, software:11.6.1, creation date:2025-09-13 14:18:16 +0000>",2025-10-02 03:16:59 +0000,2025-10-02 03:16:59 +0000,count/min,52.0,0
HKQuantityTypeIdentifierHeartRate,PhysTrax Apple Watch,11.6.1,"Watch7,1","<<HKDevice: 0x133e94300>, name:Apple Watch, manufacturer:Apple Inc., model:Watch, hardware:Watch7,1, software:11.6.1, creation date:2025-09-13 14:18:16 +0000>",2025-10-02 03:25:40 +0000,2025-10-02 03:25:40 +0000,count/min,52.0,0
HKQuantityTypeIdentifierHeartRate,PhysTrax Apple Watch,11.6.1,"Watch7,1","<<HKDevice: 0x133e94300>, name:Apple Watch, manufacturer:Apple Inc., model:Watch, hardware:Watch7,1, software:11.6.1, creation date:2025-09-13 14:18:16 +0000>",2025-10-02 03:27:07 +0000,2025-10-02 03:27:07 +0000,count/min,50.0,0
HKQuantityTypeIdentifierHeartRate,PhysTrax Apple Watch,11.6.1,"Watch7,1","<<HKDevice: 0x133e94300>, name:Apple Watch, manufacturer:Apple Inc., model:Watch, hardware:Watch7,1, software:11.6.1, creation date:2025-09-13 14:18:16 +0000>",2025-10-02 03:28:00 +0000,2025-10-02 03:28:00 +0000,count/min,52.0,0
HKQuantityTypeIdentifierHeartRate,PhysTrax Apple Watch,11.6.1,"Watch7,1","<<HKDevice: 0x133e94300>, name:Apple Watch, manufacturer:Apple Inc., model:Watch, hardware:Watch7,1, software:11.6.1, creation date:2025-09-13 14:18:16 +0000>",2025-10-02 03:32:18 +0000,2025-10-02 03:32:18 +0000,count/min,50.0,0
HKQuantityTypeIdentifierHeartRate,PhysTrax Apple Watch,11.6.1,"Watch7,1","<<HKDevice: 0x133e94300>, name:Apple Watch, manufacturer:Apple Inc., model:Watch, hardware:Watch7,1, software:11.6.1, creation date:2025-09-13 14:18:16 +0000>",2025-10-02 03:36:03 +0000,2025-10-02 03:36:03 +0000,count/min,49.0,0
HKQuantityTypeIdentifierHeartRate,PhysTrax Apple Watch,11.6.1,"Watch7,1","<<HKDevice: 0x133e94300>, name:Apple Watch, manufacturer:Apple Inc., model:Watch, hardware:Watch7,1, software:11.6.1, creation date:2025-09-13 14:18:16 +0000>",2025-10-02 03:41:03 +0000,2025-10-02 03:41:03 +0000,count/min,49.0,0
HKQuantityTypeIdentifierHeartRate,PhysTrax Apple Watch,11.6.1,"Watch7,1","<<HKDevice: 0x133e94300>, name:Apple Watch, manufacturer:Apple Inc., model:Watch, hardware:Watch7,1, software:11.6.1, creation date:2025-09-13 14:18:16 +0000>",2025-10-02 03:46:09 +0000,2025-10-02 03:46:09 +0000,count/min,45.0,0
HKQuantityTypeIdentifierHeartRate,PhysTrax Apple Watch,11.6.1,"Watch7,1","<<HKDevice: 0x133e94300>, name:Apple Watch, manufacturer:Apple Inc., model:Watch, hardware:Watch7,1, software:11.6.1, creation date:2025-09-13 14:18:16 +0000>",2025-10-02 03:53:04 +0000,2025-10-02 03:53:04 +0000,count/min,56.0,0
HKQuantityTypeIdentifierHeartRate,PhysTrax Apple Watch,11.6.1,"Watch7,1","<<HKDevice: 0x133e94300>, name:Apple Watch, manufacturer:Apple Inc., model:Watch, hardware:Watch7,1, software:11.6.1, creation date:2025-09-13 14:18:16 +0000>",2025-10-02 03:57:08 +0000,2025-10-02 03:57:08 +0000,count/min,50.0,0
HKQuantityTypeIdentifierHeartRate,PhysTrax Apple Watch,11.6.1,"Watch7,1","<<HKDevice: 0x133e94300>, name:Apple Watch, manufacturer:Apple Inc., model:Watch, hardware:Watch7,1, software:11.6.1, creation date:2025-09-13 14:18:16 +0000>",2025-10-02 03:57:35 +0000,2025-10-02 03:57:35 +0000,count/min,47.0,0
HKQuantityTypeIdentifierHeartRate,PhysTrax Apple Watch,11.6.1,"Watch7,1","<<HKDevice: 0x133e94300>, name:Apple Watch, manufacturer:Apple Inc., model:Watch, hardware:Watch7,1, software:11.6.1, creation date:2025-09-13 14:18:16 +0000>",2025-10-02 04:05:30 +0000,2025-10-02 04:05:30 +0000,count/min,52.0,0
HKQuantityTypeIdentifierHeartRate,PhysTrax Apple Watch,11.6.1,"Watch7,1","<<HKDevice: 0x133e94300>, name:Apple Watch, manufacturer:Apple Inc., model:Watch, hardware:Watch7,1, software:11.6.1, creation date:2025-09-13 14:18:16 +0000>",2025-10-02 04:06:32 +0000,2025-10-02 04:06:32 +0000,count/min,51.0,0
HKQuantityTypeIdentifierHeartRate,PhysTrax Apple Watch,11.6.1,"Watch7,1","<<HKDevice: 0x133e94300>, name:Apple Watch, manufacturer:Apple Inc., model:Watch, hardware:Watch7,1, software:11.6.1, creation date:2025-09-13 14:18:16 +0000>",2025-10-02 04:13:59 +0000,2025-10-02 04:13:59 +0000,count/min,47.0,0
HKQuantityTypeIdentifierHeartRate,PhysTrax Apple Watch,11.6.1,"Watch7,1","<<HKDevice: 0x133e94300>, name:Apple Watch, manufacturer:Apple Inc., model:Watch, hardware:Watch7,1, software:11.6.1, creation date:2025-09-13 14:18:16 +0000>",2025-10-02 04:15:50 +0000,2025-10-02 04:15:50 +0000,count/min,46.915382385253906,0
HKQuantityTypeIdentifierHeartRate,PhysTrax Apple Watch,11.6.1,"Watch7,1","<<HKDevice: 0x133e94300>, name:Apple Watch, manufacturer:Apple Inc., model:Watch, hardware:Watch7,1, software:11.6.1, creation date:2025-09-13 14:18:16 +0000>",2025-10-02 04:20:33 +0000,2025-10-02 04:20:33 +0000,count/min,49.0,0
HKQuantityTypeIdentifierHeartRate,PhysTrax Apple Watch,11.6.1,"Watch7,1","<<HKDevice: 0x133e94300>, name:Apple Watch, manufacturer:Apple Inc., model:Watch, hardware:Watch7,1, software:11.6.1, creation date:2025-09-13 14:18:16 +0000>",2025-10-02 04:24:02 +0000,2025-10-02 04:24:02 +0000,count/min,49.0,0
HKQuantityTypeIdentifierHeartRate,PhysTrax Apple Watch,11.6.1,"Watch7,1","<<HKDevice: 0x133e94300>, name:Apple Watch, manufacturer:Apple Inc., model:Watch, hardware:Watch7,1, software:11.6.1, creation date:2025-09-13 14:18:16 +0000>",2025-10-02 04:27:08 +0000,2025-10-02 04:27:08 +0000,count/min,48.0,0
HKQuantityTypeIdentifierHeartRate,PhysTrax Apple Watch,11.6.1,"Watch7,1","<<HKDevice: 0x133e94300>, name:Apple Watch, manufacturer:Apple Inc., model:Watch, hardware:Watch7,1, software:11.6.1, creation date:2025-09-13 14:18:16 +0000>",2025-10-02 04:28:27 +0000,2025-10-02 04:28:27 +0000,count/min,48.0,0
HKQuantityTypeIdentifierHeartRate,PhysTrax Apple Watch,11.6.1,"Watch7,1","<<HKDevice: 0x133e94300>, name:Apple Watch, manufacturer:Apple Inc., model:Watch, hardware:Watch7,1, software:11.6.1, creation date:2025-09-13 14:18:16 +0000>",2025-10-02 04:32:16 +0000,2025-10-02 04:32:16 +0000,count/min,49.0,0
HKQuantityTypeIdentifierHeartRate,PhysTrax Apple Watch,11.6.1,"Watch7,1","<<HKDevice: 0x133e94300>, name:Apple Watch, manufacturer:Apple Inc., model:Watch, hardware:Watch7,1, software:11.6.1, creation date:2025-09-13 14:18:16 +0000>",2025-10-02 04:38:12 +0000,2025-10-02 04:38:12 +0000,count/min,49.0,0
HKQuantityTypeIdentifierHeartRate,PhysTrax Apple Watch,11.6.1,"Watch7,1","<<HKDevice: 0x133e94300>, name:Apple Watch, manufacturer:Apple Inc., model:Watch, hardware:Watch7,1, software:11.6.1, creation date:2025-09-13 14:18:16 +0000>",2025-10-02 04:41:27 +0000,2025-10-02 04:41:27 +0000,count/min,48.0,0
HKQuantityTypeIdentifierHeartRate,PhysTrax Apple Watch,11.6.1,"Watch7,1","<<HKDevice: 0x133e94300>, name:Apple Watch, manufacturer:Apple Inc., model:Watch, hardware:Watch7,1, software:11.6.1, creation date:2025-09-13 14:18:16 +0000>",2025-10-02 04:48:10 +0000,2025-10-02 04:48:10 +0000,count/min,47.0,0
HKQuantityTypeIdentifierHeartRate,PhysTrax Apple Watch,11.6.1,"Watch7,1","<<HKDevice: 0x133e94300>, name:Apple Watch, manufacturer:Apple Inc., model:Watch, hardware:Watch7,1, software:11.6.1, creation date:2025-09-13 14:18:16 +0000>",2025-10-02 04:52:46 +0000,2025-10-02 04:52:46 +0000,count/min,44.0,0
HKQuantityTypeIdentifierHeartRate,PhysTrax Apple Watch,11.6.1,"Watch7,1","<<HKDevice: 0x133e94300>, name:Apple Watch, manufacturer:Apple Inc., model:Watch, hardware:Watch7,1, software:11.6.1, creation date:2025-09-13 14:18:16 +0000>",2025-10-02 04:57:14 +0000,2025-10-02 04:57:14 +0000,count/min,42.0,0
HKQuantityTypeIdentifierHeartRate,PhysTrax Apple Watch,11.6.1,"Watch7,1","<<HKDevice: 0x133e94300>, name:Apple Watch, manufacturer:Apple Inc., model:Watch, hardware:Watch7,1, software:11.6.1, creation date:2025-09-13 14:18:16 +0000>",2025-10-02 04:58:41 +0000,2025-10-02 04:58:41 +0000,count/min,45.0,0
HKQuantityTypeIdentifierHeartRate,PhysTrax Apple Watch,11.6.1,"Watch7,1","<<HKDevice: 0x133e94300>, name:Apple Watch, manufacturer:Apple Inc., model:Watch, hardware:Watch7,1, software:11.6.1, creation date:2025-09-13 14:18:16 +0000>",2025-10-02 05:01:42 +0000,2025-10-02 05:01:42 +0000,count/min,46.00000000000001,0
HKQuantityTypeIdentifierHeartRate,PhysTrax Apple Watch,11.6.1,"Watch7,1","<<HKDevice: 0x133e94300>, name:Apple Watch, manufacturer:Apple Inc., model:Watch, hardware:Watch7,1, software:11.6.1, creation date:2025-09-13 14:18:16 +0000>",2025-10-02 05:09:24 +0000,2025-10-02 05:09:24 +0000,count/min,47.0,0
HKQuantityTypeIdentifierHeartRate,PhysTrax Apple Watch,11.6.1,"Watch7,1","<<HKDevice: 0x133e94300>, name:Apple Watch, manufacturer:Apple Inc., model:Watch, hardware:Watch7,1, software:11.6.1, creation date:2025-09-13 14:18:16 +0000>",2025-10-02 05:11:28 +0000,2025-10-02 05:11:28 +0000,count/min,47.0,0
HKQuantityTypeIdentifierHeartRate,PhysTrax Apple Watch,11.6.1,"Watch7,1","<<HKDevice: 0x133e94300>, name:Apple Watch, manufacturer:Apple Inc., model:Watch, hardware:Watch7,1, software:11.6.1, creation date:2025-09-13 14:18:16 +0000>",2025-10-02 05:20:46 +0000,2025-10-02 05:20:46 +0000,count/min,48.0,0
HKQuantityTypeIdentifierHeartRate,PhysTrax Apple Watch,11.6.1,"Watch7,1","<<HKDevice: 0x133e94300>, name:Apple Watch, manufacturer:Apple Inc., model:Watch, hardware:Watch7,1, software:11.6.1, creation date:2025-09-13 14:18:16 +0000>",2025-10-02 05:23:29 +0000,2025-10-02 05:23:29 +0000,count/min,45.0,0
HKQuantityTypeIdentifierHeartRate,PhysTrax Apple Watch,11.6.1,"Watch7,1","<<HKDevice: 0x133e94300>, name:Apple Watch, manufacturer:Apple Inc., model:Watch, hardware:Watch7,1, software:11.6.1, creation date:2025-09-13 14:18:16 +0000>",2025-10-02 05:27:15 +0000,2025-10-02 05:27:15 +0000,count/min,47.0,0
HKQuantityTypeIdentifierHeartRate,PhysTrax Apple Watch,11.6.1,"Watch7,1","<<HKDevice: 0x133e94300>, name:Apple Watch, manufacturer:Apple Inc., model:Watch, hardware:Watch7,1, software:11.6.1, creation date:2025-09-13 14:18:16 +0000>",2025-10-02 05:27:16 +0000,2025-10-02 05:27:16 +0000,count/min,47.0,0
HKQuantityTypeIdentifierHeartRate,PhysTrax Apple Watch,11.6.1,"Watch7,1","<<HKDevice: 0x133e94300>, name:Apple Watch, manufacturer:Apple Inc., model:Watch, hardware:Watch7,1, software:11.6.1, creation date:2025-09-13 14:18:16 +0000>",2025-10-02 05:34:44 +0000,2025-10-02 05:34:44 +0000,count/min,47.0,0
HKQuantityTypeIdentifierHeartRate,PhysTrax Apple Watch,11.6.1,"Watch7,1","<<HKDevice: 0x133e94300>, name:Apple Watch, manufacturer:Apple Inc., model:Watch, hardware:Watch7,1, software:11.6.1, creation date:2025-09-13 14:18:16 +0000>",2025-10-02 05:38:43 +0000,2025-10-02 05:38:43 +0000,count/min,50.0,0
HKQuantityTypeIdentifierHeartRate,PhysTrax Apple Watch,11.6.1,"Watch7,1","<<HKDevice: 0x133e94300>, name:Apple Watch, manufacturer:Apple Inc., model:Watch, hardware:Watch7,1, software:11.6.1, creation date:2025-09-13 14:18:16 +0000>",2025-10-02 05:43:10 +0000,2025-10-02 05:43:10 +0000,count/min,47.0,0
HKQuantityTypeIdentifierHeartRate,PhysTrax Apple Watch,11.6.1,"Watch7,1","<<HKDevice: 0x133e94300>, name:Apple Watch, manufacturer:Apple Inc., model:Watch, hardware:Watch7,1, software:11.6.1, creation date:2025-09-13 14:18:16 +0000>",2025-10-02 05:47:29 +0000,2025-10-02 05:47:29 +0000,count/min,48.0,0
HKQuantityTypeIdentifierHeartRate,PhysTrax Apple Watch,11.6.1,"Watch7,1","<<HKDevice: 0x133e94300>, name:Apple Watch, manufacturer:Apple Inc., model:Watch, hardware:Watch7,1, software:11.6.1, creation date:2025-09-13 14:18:16 +0000>",2025-10-02 05:51:55 +0000,2025-10-02 05:51:55 +0000,count/min,48.0,0
HKQuantityTypeIdentifierHeartRate,PhysTrax Apple Watch,11.6.1,"Watch7,1","<<HKDevice: 0x133e94300>, name:Apple Watch, manufacturer:Apple Inc., model:Watch, hardware:Watch7,1, software:11.6.1, creation date:2025-09-13 14:18:16 +0000>",2025-10-02 05:57:16 +0000,2025-10-02 05:57:16 +0000,count/min,44.0,0
HKQuantityTypeIdentifierHeartRate,PhysTrax Apple Watch,11.6.1,"Watch7,1","<<HKDevice: 0x133e94300>, name:Apple Watch, manufacturer:Apple Inc., model:Watch, hardware:Watch7,1, software:11.6.1, creation date:2025-09-13 14:18:16 +0000>",2025-10-02 05:58:00 +0000,2025-10-02 05:58:00 +0000,count/min,44.0,0
HKQuantityTypeIdentifierHeartRate,PhysTrax Apple Watch,11.6.1,"Watch7,1","<<HKDevice: 0x133e94300>, name:Apple Watch, manufacturer:Apple Inc., model:Watch, hardware:Watch7,1, software:11.6.1, creation date:2025-09-13 14:18:16 +0000>",2025-10-02 06:02:42 +0000,2025-10-02 06:02:42 +0000,count/min,45.0,0
HKQuantityTypeIdentifierHeartRate,PhysTrax Apple Watch,11.6.1,"Watch7,1","<<HKDevice: 0x133e94300>, name:Apple Watch, manufacturer:Apple Inc., model:Watch, hardware:Watch7,1, software:11.6.1, creation date:2025-09-13 14:18:16 +0000>",2025-10-02 06:06:33 +0000,2025-10-02 06:06:33 +0000,count/min,44.0,0
HKQuantityTypeIdentifierHeartRate,PhysTrax Apple Watch,11.6.1,"Watch7,1","<<HKDevice: 0x133e94300>, name:Apple Watch, manufacturer:Apple Inc., model:Watch, hardware:Watch7,1, software:11.6.1, creation date:2025-09-13 14:18:16 +0000>",2025-10-02 06:12:31 +0000,2025-10-02 06:12:31 +0000,count/min,45.0,0
HKQuantityTypeIdentifierHeartRate,PhysTrax Apple Watch,11.6.1,"Watch7,1","<<HKDevice: 0x133e94300>, name:Apple Watch, manufacturer:Apple Inc., model:Watch, hardware:Watch7,1, software:11.6.1, creation date:2025-09-13 14:18:16 +0000>",2025-10-02 06:15:52 +0000,2025-10-02 06:15:52 +0000,count/min,43.947391510009766,0
HKQuantityTypeIdentifierHeartRate,PhysTrax Apple Watch,11.6.1,"Watch7,1","<<HKDevice: 0x133e94300>, name:Apple Watch, manufacturer:Apple Inc., model:Watch, hardware:Watch7,1, software:11.6.1, creation date:2025-09-13 14:18:16 +0000>",2025-10-02 06:19:05 +0000,2025-10-02 06:19:05 +0000,count/min,45.0,0
HKQuantityTypeIdentifierHeartRate,PhysTrax Apple Watch,11.6.1,"Watch7,1","<<HKDevice: 0x133e94300>, name:Apple Watch, manufacturer:Apple Inc., model:Watch, hardware:Watch7,1, software:11.6.1, creation date:2025-09-13 14:18:16 +0000>",2025-10-02 06:23:53 +0000,2025-10-02 06:23:53 +0000,count/min,46.00000000000001,0
HKQuantityTypeIdentifierHeartRate,PhysTrax Apple Watch,11.6.1,"Watch7,1","<<HKDevice: 0x133e94300>, name:Apple Watch, manufacturer:Apple Inc., model:Watch, hardware:Watch7,1, software:11.6.1, creation date:2025-09-13 14:18:16 +0000>",2025-10-02 06:27:16 +0000,2025-10-02 06:27:16 +0000,count/min,46.0,0
HKQuantityTypeIdentifierHeartRate,PhysTrax Apple Watch,11.6.1,"Watch7,1","<<HKDevice: 0x133e94300>, name:Apple Watch, manufacturer:Apple Inc., model:Watch, hardware:Watch7,1, software:11.6.1, creation date:2025-09-13 14:18:16 +0000>",2025-10-02 06:28:11 +0000,2025-10-02 06:28:11 +0000,count/min,45.0,0
HKQuantityTypeIdentifierHeartRate,PhysTrax Apple Watch,11.6.1,"Watch7,1","<<HKDevice: 0x133e94300>, name:Apple Watch, manufacturer:Apple Inc., model:Watch, hardware:Watch7,1, software:11.6.1, creation date:2025-09-13 14:18:16 +0000>",2025-10-02 06:35:22 +0000,2025-10-02 06:35:22 +0000,count/min,45.0,0
HKQuantityTypeIdentifierHeartRate,PhysTrax Apple Watch,11.6.1,"Watch7,1","<<HKDevice: 0x133e94300>, name:Apple Watch, manufacturer:Apple Inc., model:Watch, hardware:Watch7,1, software:11.6.1, creation date:2025-09-13 14:18:16 +0000>",2025-10-02 06:36:28 +0000,2025-10-02 06:36:28 +0000,count/min,45.0,0
HKQuantityTypeIdentifierHeartRate,PhysTrax Apple Watch,11.6.1,"Watch7,1","<<HKDevice: 0x133e94300>, name:Apple Watch, manufacturer:Apple Inc., model:Watch, hardware:Watch7,1, software:11.6.1, creation date:2025-09-13 14:18:16 +0000>",2025-10-02 06:45:35 +0000,2025-10-02 06:45:35 +0000,count/min,43.0,0
HKQuantityTypeIdentifierHeartRate,PhysTrax Apple Watch,11.6.1,"Watch7,1","<<HKDevice: 0x133e94300>, name:Apple Watch, manufacturer:Apple Inc., model:Watch, hardware:Watch7,1, software:11.6.1, creation date:2025-09-13 14:18:16 +0000>",2025-10-02 06:46:55 +0000,2025-10-02 06:46:55 +0000,count/min,45.0,0
HKQuantityTypeIdentifierHeartRate,PhysTrax Apple Watch,11.6.1,"Watch7,1","<<HKDevice: 0x133e94300>, name:Apple Watch, manufacturer:Apple Inc., model:Watch, hardware:Watch7,1, software:11.6.1, creation date:2025-09-13 14:18:16 +0000>",2025-10-02 06:52:37 +0000,2025-10-02 06:52:37 +0000,count/min,46.00000000000001,0
HKQuantityTypeIdentifierHeartRate,PhysTrax Apple Watch,11.6.1,"Watch7,1","<<HKDevice: 0x133e94300>, name:Apple Watch, manufacturer:Apple Inc., model:Watch, hardware:Watch7,1, software:11.6.1, creation date:2025-09-13 14:18:16 +0000>",2025-10-02 06:56:46 +0000,2025-10-02 06:56:46 +0000,count/min,46.00000000000001,0
HKQuantityTypeIdentifierHeartRate,PhysTrax Apple Watch,11.6.1,"Watch7,1","<<HKDevice: 0x133e94300>, name:Apple Watch, manufacturer:Apple Inc., model:Watch, hardware:Watch7,1, software:11.6.1, creation date:2025-09-13 14:18:16 +0000>",2025-10-02 06:57:17 +0000,2025-10-02 06:57:17 +0000,count/min,46.0,0
HKQuantityTypeIdentifierHeartRate,PhysTrax Apple Watch,11.6.1,"Watch7,1","<<HKDevice: 0x133e94300>, name:Apple Watch, manufacturer:Apple Inc., model:Watch, hardware:Watch7,1, software:11.6.1, creation date:2025-09-13 14:18:16 +0000>",2025-10-02 07:04:23 +0000,2025-10-02 07:04:23 +0000,count/min,41.0,0
HKQuantityTypeIdentifierHeartRate,PhysTrax Apple Watch,11.6.1,"Watch7,1","<<HKDevice: 0x133e94300>, name:Apple Watch, manufacturer:Apple Inc., model:Watch, hardware:Watch7,1, software:11.6.1, creation date:2025-09-13 14:18:16 +0000>",2025-10-02 07:06:30 +0000,2025-10-02 07:06:30 +0000,count/min,45.0,0
HKQuantityTypeIdentifierHeartRate,PhysTrax Apple Watch,11.6.1,"Watch7,1","<<HKDevice: 0x133e94300>, name:Apple Watch, manufacturer:Apple Inc., model:Watch, hardware:Watch7,1, software:11.6.1, creation date:2025-09-13 14:18:16 +0000>",2025-10-02 07:12:10 +0000,2025-10-02 07:12:10 +0000,count/min,41.0,0
HKQuantityTypeIdentifierHeartRate,PhysTrax Apple Watch,11.6.1,"Watch7,1","<<HKDevice: 0x133e94300>, name:Apple Watch, manufacturer:Apple Inc., model:Watch, hardware:Watch7,1, software:11.6.1, creation date:2025-09-13 14:18:16 +0000>",2025-10-02 07:17:56 +0000,2025-10-02 07:17:56 +0000,count/min,43.0,0
HKQuantityTypeIdentifierHeartRate,PhysTrax Apple Watch,11.6.1,"Watch7,1","<<HKDevice: 0x133e94300>, name:Apple Watch, manufacturer:Apple Inc., model:Watch, hardware:Watch7,1, software:11.6.1, creation date:2025-09-13 14:18:16 +0000>",2025-10-02 07:21:15 +0000,2025-10-02 07:21:15 +0000,count/min,43.0,0
HKQuantityTypeIdentifierHeartRate,PhysTrax Apple Watch,11.6.1,"Watch7,1","<<HKDevice: 0x133e94300>, name:Apple Watch, manufacturer:Apple Inc., model:Watch, hardware:Watch7,1, software:11.6.1, creation date:2025-09-13 14:18:16 +0000>",2025-10-02 07:26:13 +0000,2025-10-02 07:26:13 +0000,count/min,46.00000000000001,0
HKQuantityTypeIdentifierHeartRate,PhysTrax Apple Watch,11.6.1,"Watch7,1","<<HKDevice: 0x133e94300>, name:Apple Watch, manufacturer:Apple Inc., model:Watch, hardware:Watch7,1, software:11.6.1, creation date:2025-09-13 14:18:16 +0000>",2025-10-02 07:28:38 +0000,2025-10-02 07:28:38 +0000,count/min,47.0,0
HKQuantityTypeIdentifierHeartRate,PhysTrax Apple Watch,11.6.1,"Watch7,1","<<HKDevice: 0x133e94300>, name:Apple Watch, manufacturer:Apple Inc., model:Watch, hardware:Watch7,1, software:11.6.1, creation date:2025-09-13 14:18:16 +0000>",2025-10-02 07:33:14 +0000,2025-10-02 07:33:14 +0000,count/min,47.0,0
HKQuantityTypeIdentifierHeartRate,PhysTrax Apple Watch,11.6.1,"Watch7,1","<<HKDevice: 0x133e94300>, name:Apple Watch, manufacturer:Apple Inc., model:Watch, hardware:Watch7,1, software:11.6.1, creation date:2025-09-13 14:18:16 +0000>",2025-10-02 07:36:10 +0000,2025-10-02 07:36:10 +0000,count/min,52.0,0
HKQuantityTypeIdentifierHeartRate,PhysTrax Apple Watch,11.6.1,"Watch7,1","<<HKDevice: 0x133e94300>, name:Apple Watch, manufacturer:Apple Inc., model:Watch, hardware:Watch7,1, software:11.6.1, creation date:2025-09-13 14:18:16 +0000>",2025-10-02 07:41:19 +0000,2025-10-02 07:41:19 +0000,count/min,46.00000000000001,0
HKQuantityTypeIdentifierHeartRate,PhysTrax Apple Watch,11.6.1,"Watch7,1","<<HKDevice: 0x133e94300>, name:Apple Watch, manufacturer:Apple Inc., model:Watch, hardware:Watch7,1, software:11.6.1, creation date:2025-09-13 14:18:16 +0000>",2025-10-02 07:48:34 +0000,2025-10-02 07:48:34 +0000,count/min,47.0,0
HKQuantityTypeIdentifierHeartRate,PhysTrax Apple Watch,11.6.1,"Watch7,1","<<HKDevice: 0x133e94300>, name:Apple Watch, manufacturer:Apple Inc., model:Watch, hardware:Watch7,1, software:11.6.1, creation date:2025-09-13 14:18:16 +0000>",2025-10-02 07:55:58 +0000,2025-10-02 07:55:58 +0000,count/min,46.00000000000001,0
HKQuantityTypeIdentifierHeartRate,PhysTrax Apple Watch,11.6.1,"Watch7,1","<<HKDevice: 0x133e94300>, name:Apple Watch, manufacturer:Apple Inc., model:Watch, hardware:Watch7,1, software:11.6.1, creation date:2025-09-13 14:18:16 +0000>",2025-10-02 07:58:39 +0000,2025-10-02 07:58:39 +0000,count/min,46.0,0
HKQuantityTypeIdentifierHeartRate,PhysTrax Apple Watch,11.6.1,"Watch7,1","<<HKDevice: 0x133e94300>, name:Apple Watch, manufacturer:Apple Inc., model:Watch, hardware:Watch7,1, software:11.6.1, creation date:2025-09-13 14:18:16 +0000>",2025-10-02 07:59:15 +0000,2025-10-02 07:59:15 +0000,count/min,45.0,0
HKQuantityTypeIdentifierHeartRate,PhysTrax Apple Watch,11.6.1,"Watch7,1","<<HKDevice: 0x133e94300>, name:Apple Watch, manufacturer:Apple Inc., model:Watch, hardware:Watch7,1, software:11.6.1, creation date:2025-09-13 14:18:16 +0000>",2025-10-02 08:01:44 +0000,2025-10-02 08:01:44 +0000,count/min,45.0,0
HKQuantityTypeIdentifierHeartRate,PhysTrax Apple Watch,11.6.1,"Watch7,1","<<HKDevice: 0x133e94300>, name:Apple Watch, manufacturer:Apple Inc., model:Watch, hardware:Watch7,1, software:11.6.1, creation date:2025-09-13 14:18:16 +0000>",2025-10-02 08:09:20 +0000,2025-10-02 08:09:20 +0000,count/min,44.0,0
HKQuantityTypeIdentifierHeartRate,PhysTrax Apple Watch,11.6.1,"Watch7,1","<<HKDevice: 0x133e94300>, name:Apple Watch, manufacturer:Apple Inc., model:Watch, hardware:Watch7,1, software:11.6.1, creation date:2025-09-13 14:18:16 +0000>",2025-10-02 08:11:02 +0000,2025-10-02 08:11:02 +0000,count/min,44.0,0
HKQuantityTypeIdentifierHeartRate,PhysTrax Apple Watch,11.6.1,"Watch7,1","<<HKDevice: 0x133e94300>, name:Apple Watch, manufacturer:Apple Inc., model:Watch, hardware:Watch7,1, software:11.6.1, creation date:2025-09-13 14:18:16 +0000>",2025-10-02 08:15:54 +0000,2025-10-02 08:15:54 +0000,count/min,45.77708435058594,0
HKQuantityTypeIdentifierHeartRate,PhysTrax Apple Watch,11.6.1,"Watch7,1","<<HKDevice: 0x133e94300>, name:Apple Watch, manufacturer:Apple Inc., model:Watch, hardware:Watch7,1, software:11.6.1, creation date:2025-09-13 14:18:16 +0000>",2025-10-02 08:18:50 +0000,2025-10-02 08:18:50 +0000,count/min,44.0,0
HKQuantityTypeIdentifierHeartRate,PhysTrax Apple Watch,11.6.1,"Watch7,1","<<HKDevice: 0x133e94300>, name:Apple Watch, manufacturer:Apple Inc., model:Watch, hardware:Watch7,1, software:11.6.1, creation date:2025-09-13 14:18:16 +0000>",2025-10-02 08:23:09 +0000,2025-10-02 08:23:09 +0000,count/min,45.0,0
HKQuantityTypeIdentifierHeartRate,PhysTrax Apple Watch,11.6.1,"Watch7,1","<<HKDevice: 0x133e94300>, name:Apple Watch, manufacturer:Apple Inc., model:Watch, hardware:Watch7,1, software:11.6.1, creation date:2025-09-13 14:18:16 +0000>",2025-10-02 08:28:40 +0000,2025-10-02 08:28:40 +0000,count/min,45.0,0
HKQuantityTypeIdentifierHeartRate,PhysTrax Apple Watch,11.6.1,"Watch7,1","<<HKDevice: 0x133e94300>, name:Apple Watch, manufacturer:Apple Inc., model:Watch, hardware:Watch7,1, software:11.6.1, creation date:2025-09-13 14:18:16 +0000>",2025-10-02 08:29:17 +0000,2025-10-02 08:29:17 +0000,count/min,46.00000000000001,0
HKQuantityTypeIdentifierHeartRate,PhysTrax Apple Watch,11.6.1,"Watch7,1","<<HKDevice: 0x133e94300>, name:Apple Watch, manufacturer:Apple Inc., model:Watch, hardware:Watch7,1, software:11.6.1, creation date:2025-09-13 14:18:16 +0000>",2025-10-02 08:32:48 +0000,2025-10-02 08:32:48 +0000,count/min,47.0,0
HKQuantityTypeIdentifierHeartRate,PhysTrax Apple Watch,11.6.1,"Watch7,1","<<HKDevice: 0x133e94300>, name:Apple Watch, manufacturer:Apple Inc., model:Watch, hardware:Watch7,1, software:11.6.1, creation date:2025-09-13 14:18:16 +0000>",2025-10-02 08:38:03 +0000,2025-10-02 08:38:03 +0000,count/min,48.0,0
HKQuantityTypeIdentifierHeartRate,PhysTrax Apple Watch,11.6.1,"Watch7,1","<<HKDevice: 0x133e94300>, name:Apple Watch, manufacturer:Apple Inc., model:Watch, hardware:Watch7,1, software:11.6.1, creation date:2025-09-13 14:18:16 +0000>",2025-10-02 08:42:07 +0000,2025-10-02 08:42:07 +0000,count/min,46.00000000000001,0
HKQuantityTypeIdentifierHeartRate,PhysTrax Apple Watch,11.6.1,"Watch7,1","<<HKDevice: 0x133e94300>, name:Apple Watch, manufacturer:Apple Inc., model:Watch, hardware:Watch7,1, software:11.6.1, creation date:2025-09-13 14:18:16 +0000>",2025-10-02 08:50:35 +0000,2025-10-02 08:50:35 +0000,count/min,46.00000000000001,0
HKQuantityTypeIdentifierHeartRate,PhysTrax Apple Watch,11.6.1,"Watch7,1","<<HKDevice: 0x133e94300>, name:Apple Watch, manufacturer:Apple Inc., model:Watch, hardware:Watch7,1, software:11.6.1, creation date:2025-09-13 14:18:16 +0000>",2025-10-02 08:52:57 +0000,2025-10-02 08:52:57 +0000,count/min,48.0,0
HKQuantityTypeIdentifierHeartRate,PhysTrax Apple Watch,11.6.1,"Watch7,1","<<HKDevice: 0x133e94300>, name:Apple Watch, manufacturer:Apple Inc., model:Watch, hardware:Watch7,1, software:11.6.1, creation date:2025-09-13 14:18:16 +0000>",2025-10-02 08:56:09 +0000,2025-10-02 08:56:09 +0000,count/min,48.0,0
HKQuantityTypeIdentifierHeartRate,PhysTrax Apple Watch,11.6.1,"Watch7,1","<<HKDevice: 0x133e94300>, name:Apple Watch, manufacturer:Apple Inc., model:Watch, hardware:Watch7,1, software:11.6.1, creation date:2025-09-13 14:18:16 +0000>",2025-10-02 08:58:40 +0000,2025-10-02 08:58:40 +0000,count/min,46.0,0
HKQuantityTypeIdentifierHeartRate,PhysTrax Apple Watch,11.6.1,"Watch7,1","<<HKDevice: 0x133e94300>, name:Apple Watch, manufacturer:Apple Inc., model:Watch, hardware:Watch7,1, software:11.6.1, creation date:2025-09-13 14:18:16 +0000>",2025-10-02 09:05:21 +0000,2025-10-02 09:05:21 +0000,count/min,47.0,0
HKQuantityTypeIdentifierHeartRate,PhysTrax Apple Watch,11.6.1,"Watch7,1","<<HKDevice: 0x133e94300>, name:Apple Watch, manufacturer:Apple Inc., model:Watch, hardware:Watch7,1, software:11.6.1, creation date:2025-09-13 14:18:16 +0000>",2025-10-02 09:07:24 +0000,2025-10-02 09:07:24 +0000,count/min,49.0,0
HKQuantityTypeIdentifierHeartRate,PhysTrax Apple Watch,11.6.1,"Watch7,1","<<HKDevice: 0x133e94300>, name:Apple Watch, manufacturer:Apple Inc., model:Watch, hardware:Watch7,1, software:11.6.1, creation date:2025-09-13 14:18:16 +0000>",2025-10-02 09:14:39 +0000,2025-10-02 09:14:39 +0000,count/min,47.0,0
HKQuantityTypeIdentifierHeartRate,PhysTrax Apple Watch,11.6.1,"Watch7,1","<<HKDevice: 0x133e94300>, name:Apple Watch, manufacturer:Apple Inc., model:Watch, hardware:Watch7,1, software:11.6.1, creation date:2025-09-13 14:18:16 +0000>",2025-10-02 09:18:43 +0000,2025-10-02 09:18:43 +0000,count/min,52.0,0
HKQuantityTypeIdentifierHeartRate,PhysTrax Apple Watch,11.6.1,"Watch7,1","<<HKDevice: 0x133e94300>, name:Apple Watch, manufacturer:Apple Inc., model:Watch, hardware:Watch7,1, software:11.6.1, creation date:2025-09-13 14:18:16 +0000>",2025-10-02 09:21:08 +0000,2025-10-02 09:21:08 +0000,count/min,46.00000000000001,0
HKQuantityTypeIdentifierHeartRate,PhysTrax Apple Watch,11.6.1,"Watch7,1","<<HKDevice: 0x133e94300>, name:Apple Watch, manufacturer:Apple Inc., model:Watch, hardware:Watch7,1, software:11.6.1, creation date:2025-09-13 14:18:16 +0000>",2025-10-02 09:28:41 +0000,2025-10-02 09:28:41 +0000,count/min,42.0,0
HKQuantityTypeIdentifierHeartRate,PhysTrax Apple Watch,11.6.1,"Watch7,1","<<HKDevice: 0x133e94300>, name:Apple Watch, manufacturer:Apple Inc., model:Watch, hardware:Watch7,1, software:11.6.1, creation date:2025-09-13 14:18:16 +0000>",2025-10-02 09:30:27 +0000,2025-10-02 09:30:27 +0000,count/min,47.0,0
HKQuantityTypeIdentifierHeartRate,PhysTrax Apple Watch,11.6.1,"Watch7,1","<<HKDevice: 0x133e94300>, name:Apple Watch, manufacturer:Apple Inc., model:Watch, hardware:Watch7,1, software:11.6.1, creation date:2025-09-13 14:18:16 +0000>",2025-10-02 09:32:09 +0000,2025-10-02 09:32:09 +0000,count/min,46.00000000000001,0
HKQuantityTypeIdentifierHeartRate,PhysTrax Apple Watch,11.6.1,"Watch7,1","<<HKDevice: 0x133e94300>, name:Apple Watch, manufacturer:Apple Inc., model:Watch, hardware:Watch7,1, software:11.6.1, creation date:2025-09-13 14:18:16 +0000>",2025-10-02 09:36:41 +0000,2025-10-02 09:36:41 +0000,count/min,46.00000000000001,0
HKQuantityTypeIdentifierHeartRate,PhysTrax Apple Watch,11.6.1,"Watch7,1","<<HKDevice: 0x133e95140>, name:Apple Watch, manufacturer:Apple Inc., model:Watch, hardware:Watch7,1, software:11.6.1, creation date:2025-09-13 14:18:16 +0000>",2025-10-02 09:44:25 +0000,2025-10-02 09:44:25 +0000,count/min,46.00000000000001,0
HKQuantityTypeIdentifierHeartRate,PhysTrax Apple Watch,11.6.1,"Watch7,1","<<HKDevice: 0x133e95140>, name:Apple Watch, manufacturer:Apple Inc., model:Watch, hardware:Watch7,1, software:11.6.1, creation date:2025-09-13 14:18:16 +0000>",2025-10-02 09:49:20 +0000,2025-10-02 09:49:20 +0000,count/min,47.0,0
HKQuantityTypeIdentifierHeartRate,PhysTrax Apple Watch,11.6.1,"Watch7,1","<<HKDevice: 0x133e95140>, name:Apple Watch, manufacturer:Apple Inc., model:Watch, hardware:Watch7,1, software:11.6.1, creation date:2025-09-13 14:18:16 +0000>",2025-10-02 09:53:53 +0000,2025-10-02 09:53:53 +0000,count/min,48.0,0
HKQuantityTypeIdentifierHeartRate,PhysTrax Apple Watch,11.6.1,"Watch7,1","<<HKDevice: 0x133e95140>, name:Apple Watch, manufacturer:Apple Inc., model:Watch, hardware:Watch7,1, software:11.6.1, creation date:2025-09-13 14:18:16 +0000>",2025-10-02 09:58:42 +0000,2025-10-02 09:58:42 +0000,count/min,46.0,0
HKQuantityTypeIdentifierHeartRate,PhysTrax Apple Watch,11.6.1,"Watch7,1","<<HKDevice: 0x133e95140>, name:Apple Watch, manufacturer:Apple Inc., model:Watch, hardware:Watch7,1, software:11.6.1, creation date:2025-09-13 14:18:16 +0000>",2025-10-02 10:00:52 +0000,2025-10-02 10:00:52 +0000,count/min,46.00000000000001,0
HKQuantityTypeIdentifierHeartRate,PhysTrax Apple Watch,11.6.1,"Watch7,1","<<HKDevice: 0x133e95140>, name:Apple Watch, manufacturer:Apple Inc., model:Watch, hardware:Watch7,1, software:11.6.1, creation date:2025-09-13 14:18:16 +0000>",2025-10-02 10:02:35 +0000,2025-10-02 10:02:35 +0000,count/min,46.00000000000001,0
HKQuantityTypeIdentifierHeartRate,PhysTrax Apple Watch,11.6.1,"Watch7,1","<<HKDevice: 0x133e95140>, name:Apple Watch, manufacturer:Apple Inc., model:Watch, hardware:Watch7,1, software:11.6.1, creation date:2025-09-13 14:18:16 +0000>",2025-10-02 10:08:05 +0000,2025-10-02 10:08:05 +0000,count/min,44.0,0
HKQuantityTypeIdentifierHeartRate,PhysTrax Apple Watch,11.6.1,"Watch7,1","<<HKDevice: 0x133e95140>, name:Apple Watch, manufacturer:Apple Inc., model:Watch, hardware:Watch7,1, software:11.6.1, creation date:2025-09-13 14:18:16 +0000>",2025-10-02 10:12:07 +0000,2025-10-02 10:12:07 +0000,count/min,45.0,0
HKQuantityTypeIdentifierHeartRate,PhysTrax Apple Watch,11.6.1,"Watch7,1","<<HKDevice: 0x133e95140>, name:Apple Watch, manufacturer:Apple Inc., model:Watch, hardware:Watch7,1, software:11.6.1, creation date:2025-09-13 14:18:16 +0000>",2025-10-02 10:15:51 +0000,2025-10-02 10:15:51 +0000,count/min,44.29128646850586,0
HKQuantityTypeIdentifierHeartRate,PhysTrax Apple Watch,11.6.1,"Watch7,1","<<HKDevice: 0x133e95140>, name:Apple Watch, manufacturer:Apple Inc., model:Watch, hardware:Watch7,1, software:11.6.1, creation date:2025-09-13 14:18:16 +0000>",2025-10-02 10:17:15 +0000,2025-10-02 10:17:15 +0000,count/min,43.0,0
HKQuantityTypeIdentifierHeartRate,PhysTrax Apple Watch,11.6.1,"Watch7,1","<<HKDevice: 0x133e95140>, name:Apple Watch, manufacturer:Apple Inc., model:Watch, hardware:Watch7,1, software:11.6.1, creation date:2025-09-13 14:18:16 +0000>",2025-10-02 10:21:30 +0000,2025-10-02 10:21:30 +0000,count/min,45.0,0
HKQuantityTypeIdentifierHeartRate,PhysTrax Apple Watch,11.6.1,"Watch7,1","<<HKDevice: 0x133e95140>, name:Apple Watch, manufacturer:Apple Inc., model:Watch, hardware:Watch7,1, software:11.6.1, creation date:2025-09-13 14:18:16 +0000>",2025-10-02 10:29:18 +0000,2025-10-02 10:29:18 +0000,count/min,44.0,0
HKQuantityTypeIdentifierHeartRate,PhysTrax Apple Watch,11.6.1,"Watch7,1","<<HKDevice: 0x133e95140>, name:Apple Watch, manufacturer:Apple Inc., model:Watch, hardware:Watch7,1, software:11.6.1, creation date:2025-09-13 14:18:16 +0000>",2025-10-02 10:31:01 +0000,2025-10-02 10:31:01 +0000,count/min,45.0,0
HKQuantityTypeIdentifierHeartRate,PhysTrax Apple Watch,11.6.1,"Watch7,1","<<HKDevice: 0x133e95140>, name:Apple Watch, manufacturer:Apple Inc., model:Watch, hardware:Watch7,1, software:11.6.1, creation date:2025-09-13 14:18:16 +0000>",2025-10-02 10:33:16 +0000,2025-10-02 10:33:16 +0000,count/min,46.00000000000001,0
HKQuantityTypeIdentifierHeartRate,PhysTrax Apple Watch,11.6.1,"Watch7,1","<<HKDevice: 0x133e95140>, name:Apple Watch, manufacturer:Apple Inc., model:Watch, hardware:Watch7,1, software:11.6.1, creation date:2025-09-13 14:18:16 +0000>",2025-10-02 10:38:22 +0000,2025-10-02 10:38:22 +0000,count/min,45.0,0
HKQuantityTypeIdentifierHeartRate,PhysTrax Apple Watch,11.6.1,"Watch7,1","<<HKDevice: 0x133e95140>, name:Apple Watch, manufacturer:Apple Inc., model:Watch, hardware:Watch7,1, software:11.6.1, creation date:2025-09-13 14:18:16 +0000>",2025-10-02 10:43:30 +0000,2025-10-02 10:43:30 +0000,count/min,47.0,0
HKQuantityTypeIdentifierHeartRate,PhysTrax Apple Watch,11.6.1,"Watch7,1","<<HKDevice: 0x133e95140>, name:Apple Watch, manufacturer:Apple Inc., model:Watch, hardware:Watch7,1, software:11.6.1, creation date:2025-09-13 14:18:16 +0000>",2025-10-02 10:49:20 +0000,2025-10-02 10:49:20 +0000,count/min,48.0,0
HKQuantityTypeIdentifierHeartRate,PhysTrax Apple Watch,11.6.1,"Watch7,1","<<HKDevice: 0x133e95140>, name:Apple Watch, manufacturer:Apple Inc., model:Watch, hardware:Watch7,1, software:11.6.1, creation date:2025-09-13 14:18:16 +0000>",2025-10-02 10:51:05 +0000,2025-10-02 10:51:05 +0000,count/min,47.0,0
HKQuantityTypeIdentifierHeartRate,PhysTrax Apple Watch,11.6.1,"Watch7,1","<<HKDevice: 0x133e95140>, name:Apple Watch, manufacturer:Apple Inc., model:Watch, hardware:Watch7,1, software:11.6.1, creation date:2025-09-13 14:18:16 +0000>",2025-10-02 10:59:19 +0000,2025-10-02 10:59:19 +0000,count/min,47.0,0
HKQuantityTypeIdentifierHeartRate,PhysTrax Apple Watch,11.6.1,"Watch7,1","<<HKDevice: 0x133e95140>, name:Apple Watch, manufacturer:Apple Inc., model:Watch, hardware:Watch7,1, software:11.6.1, creation date:2025-09-13 14:18:16 +0000>",2025-10-02 10:59:52 +0000,2025-10-02 10:59:52 +0000,count/min,48.0,0
HKQuantityTypeIdentifierHeartRate,PhysTrax Apple Watch,11.6.1,"Watch7,1","<<HKDevice: 0x133e95140>, name:Apple Watch, manufacturer:Apple Inc., model:Watch, hardware:Watch7,1, software:11.6.1, creation date:2025-09-13 14:18:16 +0000>",2025-10-02 11:01:21 +0000,2025-10-02 11:01:21 +0000,count/min,44.0,0
HKQuantityTypeIdentifierHeartRate,PhysTrax Apple Watch,11.6.1,"Watch7,1","<<HKDevice: 0x133e95140>, name:Apple Watch, manufacturer:Apple Inc., model:Watch, hardware:Watch7,1, software:11.6.1, creation date:2025-09-13 14:18:16 +0000>",2025-10-02 11:06:06 +0000,2025-10-02 11:06:06 +0000,count/min,46.00000000000001,0
HKQuantityTypeIdentifierHeartRate,PhysTrax Apple Watch,11.6.1,"Watch7,1","<<HKDevice: 0x133e95140>, name:Apple Watch, manufacturer:Apple Inc., model:Watch, hardware:Watch7,1, software:11.6.1, creation date:2025-09-13 14:18:16 +0000>",2025-10-02 11:12:48 +0000,2025-10-02 11:12:48 +0000,count/min,50.0,0
HKQuantityTypeIdentifierHeartRate,PhysTrax Apple Watch,11.6.1,"Watch7,1","<<HKDevice: 0x133e95140>, name:Apple Watch, manufacturer:Apple Inc., model:Watch, hardware:Watch7,1, software:11.6.1, creation date:2025-09-13 14:18:16 +0000>",2025-10-02 11:18:08 +0000,2025-10-02 11:18:08 +0000,count/min,52.0,1
HKQuantityTypeIdentifierHeartRate,PhysTrax Apple Watch,11.6.1,"Watch7,1","<<HKDevice: 0x133e95140>, name:Apple Watch, manufacturer:Apple Inc., model:Watch, hardware:Watch7,1, software:11.6.1, creation date:2025-09-13 14:18:16 +0000>",2025-10-02 11:24:35 +0000,2025-10-02 11:24:35 +0000,count/min,78.0,0
HKQuantityTypeIdentifierHeartRate,PhysTrax Apple Watch,11.6.1,"Watch7,1","<<HKDevice: 0x133e95140>, name:Apple Watch, manufacturer:Apple Inc., model:Watch, hardware:Watch7,1, software:11.6.1, creation date:2025-09-13 14:18:16 +0000>",2025-10-02 11:28:08 +0000,2025-10-02 11:28:08 +0000,count/min,82.0,0
HKQuantityTypeIdentifierHeartRate,PhysTrax Apple Watch,11.6.1,"Watch7,1","<<HKDevice: 0x133e95140>, name:Apple Watch, manufacturer:Apple Inc., model:Watch, hardware:Watch7,1, software:11.6.1, creation date:2025-09-13 14:18:16 +0000>",2025-10-02 11:31:32 +0000,2025-10-02 11:31:32 +0000,count/min,74.0,1
HKQuantityTypeIdentifierHeartRate,PhysTrax Apple Watch,11.6.1,"Watch7,1","<<HKDevice: 0x133e95140>, name:Apple Watch, manufacturer:Apple Inc., model:Watch, hardware:Watch7,1, software:11.6.1, creation date:2025-09-13 14:18:16 +0000>",2025-10-02 11:41:01 +0000,2025-10-02 11:41:01 +0000,count/min,57.0,0
HKQuantityTypeIdentifierHeartRate,PhysTrax Apple Watch,11.6.1,"Watch7,1","<<HKDevice: 0x133e95140>, name:Apple Watch, manufacturer:Apple Inc., model:Watch, hardware:Watch7,1, software:11.6.1, creation date:2025-09-13 14:18:16 +0000>",2025-10-02 11:42:22 +0000,2025-10-02 11:42:22 +0000,count/min,53.0,0
HKQuantityTypeIdentifierHeartRate,PhysTrax Apple Watch,11.6.1,"Watch7,1","<<HKDevice: 0x133e95140>, name:Apple Watch, manufacturer:Apple Inc., model:Watch, hardware:Watch7,1, software:11.6.1, creation date:2025-09-13 14:18:16 +0000>",2025-10-02 11:45:43 +0000,2025-10-02 11:45:43 +0000,count/min,52.0,1
HKQuantityTypeIdentifierHeartRate,PhysTrax Apple Watch,11.6.1,"Watch7,1","<<HKDevice: 0x133e95140>, name:Apple Watch, manufacturer:Apple Inc., model:Watch, hardware:Watch7,1, software:11.6.1, creation date:2025-09-13 14:18:16 +0000>",2025-10-02 11:47:02 +0000,2025-10-02 11:47:02 +0000,count/min,51.0,1
HKQuantityTypeIdentifierHeartRate,PhysTrax Apple Watch,11.6.1,"Watch7,1","<<HKDevice: 0x133e95140>, name:Apple Watch, manufacturer:Apple Inc., model:Watch, hardware:Watch7,1, software:11.6.1, creation date:2025-09-13 14:18:16 +0000>",2025-10-02 11:51:33 +0000,2025-10-02 11:51:33 +0000,count/min,54.0,1
HKQuantityTypeIdentifierHeartRate,PhysTrax Apple Watch,11.6.1,"Watch7,1","<<HKDevice: 0x133e95140>, name:Apple Watch, manufacturer:Apple Inc., model:Watch, hardware:Watch7,1, software:11.6.1, creation date:2025-09-13 14:18:16 +0000>",2025-10-02 11:58:59 +0000,2025-10-02 11:58:59 +0000,count/min,60.0,1
HKQuantityTypeIdentifierHeartRate,PhysTrax Apple Watch,11.6.1,"Watch7,1","<<HKDevice: 0x133e95140>, name:Apple Watch, manufacturer:Apple Inc., model:Watch, hardware:Watch7,1, software:11.6.1, creation date:2025-09-13 14:18:16 +0000>",2025-10-02 12:02:00 +0000,2025-10-02 12:02:00 +0000,count/min,61.0,1
HKQuantityTypeIdentifierHeartRate,PhysTrax Apple Watch,11.6.1,"Watch7,1","<<HKDevice: 0x133e95140>, name:Apple Watch, manufacturer:Apple Inc., model:Watch, hardware:Watch7,1, software:11.6.1, creation date:2025-09-13 14:18:16 +0000>",2025-10-02 12:07:24 +0000,2025-10-02 12:07:24 +0000,count/min,71.0,1
HKQuantityTypeIdentifierHeartRate,PhysTrax Apple Watch,11.6.1,"Watch7,1","<<HKDevice: 0x133e95140>, name:Apple Watch, manufacturer:Apple Inc., model:Watch, hardware:Watch7,1, software:11.6.1, creation date:2025-09-13 14:18:16 +0000>",2025-10-02 12:14:49 +0000,2025-10-02 12:14:49 +0000,count/min,56.0,1
HKQuantityTypeIdentifierHeartRate,PhysTrax Apple Watch,11.6.1,"Watch7,1","<<HKDevice: 0x133e95140>, name:Apple Watch, manufacturer:Apple Inc., model:Watch, hardware:Watch7,1, software:11.6.1, creation date:2025-09-13 14:18:16 +0000>",2025-10-02 12:16:23 +0000,2025-10-02 12:16:23 +0000,count/min,55.0,1
HKQuantityTypeIdentifierHeartRate,PhysTrax Apple Watch,11.6.1,"Watch7,1","<<HKDevice: 0x133e95140>, name:Apple Watch, manufacturer:Apple Inc., model:Watch, hardware:Watch7,1, software:11.6.1, creation date:2025-09-13 14:18:16 +0000>",2025-10-02 12:32:14 +0000,2025-10-02 12:32:14 +0000,count/min,80.0,0
HKQuantityTypeIdentifierHeartRate,PhysTrax Apple Watch,11.6.1,"Watch7,1","<<HKDevice: 0x133e95140>, name:Apple Watch, manufacturer:Apple Inc., model:Watch, hardware:Watch7,1, software:11.6.1, creation date:2025-09-13 14:18:16 +0000>",2025-10-02 12:36:41 +0000,2025-10-02 12:36:41 +0000,count/min,103.0,0
HKQuantityTypeIdentifierHeartRate,PhysTrax Apple Watch,11.6.1,"Watch7,1","<<HKDevice: 0x133e95140>, name:Apple Watch, manufacturer:Apple Inc., model:Watch, hardware:Watch7,1, software:11.6.1, creation date:2025-09-13 14:18:16 +0000>",2025-10-02 12:36:45 +0000,2025-10-02 12:36:45 +0000,count/min,109.0,0
HKQuantityTypeIdentifierHeartRate,PhysTrax Apple Watch,11.6.1,"Watch7,1","<<HKDevice: 0x133e95140>, name:Apple Watch, manufacturer:Apple Inc., model:Watch, hardware:Watch7,1, software:11.6.1, creation date:2025-09-13 14:18:16 +0000>",2025-10-02 12:36:54 +0000,2025-10-02 12:36:54 +0000,count/min,101.0,0
HKQuantityTypeIdentifierHeartRate,PhysTrax Apple Watch,11.6.1,"Watch7,1","<<HKDevice: 0x133e95140>, name:Apple Watch, manufacturer:Apple Inc., model:Watch, hardware:Watch7,1, software:11.6.1, creation date:2025-09-13 14:18:16 +0000>",2025-10-02 12:36:59 +0000,2025-10-02 12:36:59 +0000,count/min,99.0,0
HKQuantityTypeIdentifierHeartRate,PhysTrax Apple Watch,11.6.1,"Watch7,1","<<HKDevice: 0x133e95140>, name:Apple Watch, manufacturer:Apple Inc., model:Watch, hardware:Watch7,1, software:11.6.1, creation date:2025-09-13 14:18:16 +0000>",2025-10-02 12:37:00 +0000,2025-10-02 12:37:00 +0000,count/min,98.0,0
HKQuantityTypeIdentifierHeartRate,PhysTrax Apple Watch,11.6.1,"Watch7,1","<<HKDevice: 0x133e95140>, name:Apple Watch, manufacturer:Apple Inc., model:Watch, hardware:Watch7,1, software:11.6.1, creation date:2025-09-13 14:18:16 +0000>",2025-10-02 12:37:05 +0000,2025-10-02 12:37:05 +0000,count/min,99.0,0
HKQuantityTypeIdentifierHeartRate,PhysTrax Apple Watch,11.6.1,"Watch7,1","<<HKDevice: 0x133e95140>, name:Apple Watch, manufacturer:Apple Inc., model:Watch, hardware:Watch7,1, software:11.6.1, creation date:2025-09-13 14:18:16 +0000>",2025-10-02 12:37:14 +0000,2025-10-02 12:37:14 +0000,count/min,97.0,2
HKQuantityTypeIdentifierHeartRate,PhysTrax Apple Watch,11.6.1,"Watch7,1","<<HKDevice: 0x133e95140>, name:Apple Watch, manufacturer:Apple Inc., model:Watch, hardware:Watch7,1, software:11.6.1, creation date:2025-09-13 14:18:16 +0000>",2025-10-02 12:37:19 +0000,2025-10-02 12:37:19 +0000,count/min,96.0,0
HKQuantityTypeIdentifierHeartRate,PhysTrax Apple Watch,11.6.1,"Watch7,1","<<HKDevice: 0x133e95140>, name:Apple Watch, manufacturer:Apple Inc., model:Watch, hardware:Watch7,1, software:11.6.1, creation date:2025-09-13 14:18:16 +0000>",2025-10-02 12:37:21 +0000,2025-10-02 12:37:21 +0000,count/min,93.0,2
HKQuantityTypeIdentifierHeartRate,PhysTrax Apple Watch,11.6.1,"Watch7,1","<<HKDevice: 0x133e95140>, name:Apple Watch, manufacturer:Apple Inc., model:Watch, hardware:Watch7,1, software:11.6.1, creation date:2025-09-13 14:18:16 +0000>",2025-10-02 12:37:26 +0000,2025-10-02 12:37:26 +0000,count/min,92.00000000000001,2
HKQuantityTypeIdentifierHeartRate,PhysTrax Apple Watch,11.6.1,"Watch7,1","<<HKDevice: 0x133e95140>, name:Apple Watch, manufacturer:Apple Inc., model:Watch, hardware:Watch7,1, software:11.6.1, creation date:2025-09-13 14:18:16 +0000>",2025-10-02 12:37:34 +0000,2025-10-02 12:37:34 +0000,count/min,98.0,2
HKQuantityTypeIdentifierHeartRate,PhysTrax Apple Watch,11.6.1,"Watch7,1","<<HKDevice: 0x133e95140>, name:Apple Watch, manufacturer:Apple Inc., model:Watch, hardware:Watch7,1, software:11.6.1, creation date:2025-09-13 14:18:16 +0000>",2025-10-02 12:37:35 +0000,2025-10-02 12:37:35 +0000,count/min,99.0,2
HKQuantityTypeIdentifierHeartRate,PhysTrax Apple Watch,11.6.1,"Watch7,1","<<HKDevice: 0x133e95140>, name:Apple Watch, manufacturer:Apple Inc., model:Watch, hardware:Watch7,1, software:11.6.1, creation date:2025-09-13 14:18:16 +0000>",2025-10-02 12:37:42 +0000,2025-10-02 12:37:42 +0000,count/min,104.0,2
HKQuantityTypeIdentifierHeartRate,PhysTrax Apple Watch,11.6.1,"Watch7,1","<<HKDevice: 0x133e95140>, name:Apple Watch, manufacturer:Apple Inc., model:Watch, hardware:Watch7,1, software:11.6.1, creation date:2025-09-13 14:18:16 +0000>",2025-10-02 12:37:48 +0000,2025-10-02 12:37:48 +0000,count/min,93.0,2
HKQuantityTypeIdentifierHeartRate,PhysTrax Apple Watch,11.6.1,"Watch7,1","<<HKDevice: 0x133e95140>, name:Apple Watch, manufacturer:Apple Inc., model:Watch, hardware:Watch7,1, software:11.6.1, creation date:2025-09-13 14:18:16 +0000>",2025-10-02 12:37:54 +0000,2025-10-02 12:37:54 +0000,count/min,93.0,2
HKQuantityTypeIdentifierHeartRate,PhysTrax Apple Watch,11.6.1,"Watch7,1","<<HKDevice: 0x133e95140>, name:Apple Watch, manufacturer:Apple Inc., model:Watch, hardware:Watch7,1, software:11.6.1, creation date:2025-09-13 14:18:16 +0000>",2025-10-02 12:37:56 +0000,2025-10-02 12:37:56 +0000,count/min,96.0,2
HKQuantityTypeIdentifierHeartRate,PhysTrax Apple Watch,11.6.1,"Watch7,1","<<HKDevice: 0x133e95140>, name:Apple Watch, manufacturer:Apple Inc., model:Watch, hardware:Watch7,1, software:11.6.1, creation date:2025-09-13 14:18:16 +0000>",2025-10-02 12:38:00 +0000,2025-10-02 12:38:00 +0000,count/min,101.0,2
HKQuantityTypeIdentifierHeartRate,PhysTrax Apple Watch,11.6.1,"Watch7,1","<<HKDevice: 0x133e95140>, name:Apple Watch, manufacturer:Apple Inc., model:Watch, hardware:Watch7,1, software:11.6.1, creation date:2025-09-13 14:18:16 +0000>",2025-10-02 12:38:05 +0000,2025-10-02 12:38:05 +0000,count/min,101.0,2
HKQuantityTypeIdentifierHeartRate,PhysTrax Apple Watch,11.6.1,"Watch7,1","<<HKDevice: 0x133e95140>, name:Apple Watch, manufacturer:Apple Inc., model:Watch, hardware:Watch7,1, software:11.6.1, creation date:2025-09-13 14:18:16 +0000>",2025-10-02 12:38:14 +0000,2025-10-02 12:38:14 +0000,count/min,102.0,2
HKQuantityTypeIdentifierHeartRate,PhysTrax Apple Watch,11.6.1,"Watch7,1","<<HKDevice: 0x133e95140>, name:Apple Watch, manufacturer:Apple Inc., model:Watch, hardware:Watch7,1, software:11.6.1, creation date:2025-09-13 14:18:16 +0000>",2025-10-02 12:38:19 +0000,2025-10-02 12:38:19 +0000,count/min,101.0,2
HKQuantityTypeIdentifierHeartRate,PhysTrax Apple Watch,11.6.1,"Watch7,1","<<HKDevice: 0x133e95140>, name:Apple Watch, manufacturer:Apple Inc., model:Watch, hardware:Watch7,1, software:11.6.1, creation date:2025-09-13 14:18:16 +0000>",2025-10-02 12:38:20 +0000,2025-10-02 12:38:20 +0000,count/min,100.0,2
HKQuantityTypeIdentifierHeartRate,PhysTrax Apple Watch,11.6.1,"Watch7,1","<<HKDevice: 0x133e95140>, name:Apple Watch, manufacturer:Apple Inc., model:Watch, hardware:Watch7,1, software:11.6.1, creation date:2025-09-13 14:18:16 +0000>",2025-10-02 12:38:29 +0000,2025-10-02 12:38:29 +0000,count/min,102.0,2
HKQuantityTypeIdentifierHeartRate,PhysTrax Apple Watch,11.6.1,"Watch7,1","<<HKDevice: 0x133e95140>, name:Apple Watch, manufacturer:Apple Inc., model:Watch, hardware:Watch7,1, software:11.6.1, creation date:2025-09-13 14:18:16 +0000>",2025-10-02 12:38:34 +0000,2025-10-02 12:38:34 +0000,count/min,97.0,2
HKQuantityTypeIdentifierHeartRate,PhysTrax Apple Watch,11.6.1,"Watch7,1","<<HKDevice: 0x133e95140>, name:Apple Watch, manufacturer:Apple Inc., model:Watch, hardware:Watch7,1, software:11.6.1, creation date:2025-09-13 14:18:16 +0000>",2025-10-02 12:38:39 +0000,2025-10-02 12:38:39 +0000,count/min,94.0,2
HKQuantityTypeIdentifierHeartRate,PhysTrax Apple Watch,11.6.1,"Watch7,1","<<HKDevice: 0x133e95140>, name:Apple Watch, manufacturer:Apple Inc., model:Watch, hardware:Watch7,1, software:11.6.1, creation date:2025-09-13 14:18:16 +0000>",2025-10-02 12:38:40 +0000,2025-10-02 12:38:40 +0000,count/min,94.0,2
HKQuantityTypeIdentifierHeartRate,PhysTrax Apple Watch,11.6.1,"Watch7,1","<<HKDevice: 0x133e95140>, name:Apple Watch, manufacturer:Apple Inc., model:Watch, hardware:Watch7,1, software:11.6.1, creation date:2025-09-13 14:18:16 +0000>",2025-10-02 12:38:45 +0000,2025-10-02 12:38:45 +0000,count/min,96.0,2
HKQuantityTypeIdentifierHeartRate,PhysTrax Apple Watch,11.6.1,"Watch7,1","<<HKDevice: 0x133e95140>, name:Apple Watch, manufacturer:Apple Inc., model:Watch, hardware:Watch7,1, software:11.6.1, creation date:2025-09-13 14:18:16 +0000>",2025-10-02 12:38:54 +0000,2025-10-02 12:38:54 +0000,count/min,94.0,2
HKQuantityTypeIdentifierHeartRate,PhysTrax Apple Watch,11.6.1,"Watch7,1","<<HKDevice: 0x133e95140>, name:Apple Watch, manufacturer:Apple Inc., model:Watch, hardware:Watch7,1, software:11.6.1, creation date:2025-09-13 14:18:16 +0000>",2025-10-02 12:38:59 +0000,2025-10-02 12:38:59 +0000,count/min,87.0,2
HKQuantityTypeIdentifierHeartRate,PhysTrax Apple Watch,11.6.1,"Watch7,1","<<HKDevice: 0x133e95140>, name:Apple Watch, manufacturer:Apple Inc., model:Watch, hardware:Watch7,1, software:11.6.1, creation date:2025-09-13 14:18:16 +0000>",2025-10-02 12:39:00 +0000,2025-10-02 12:39:00 +0000,count/min,87.0,2
HKQuantityTypeIdentifierHeartRate,PhysTrax Apple Watch,11.6.1,"Watch7,1","<<HKDevice: 0x133e95140>, name:Apple Watch, manufacturer:Apple Inc., model:Watch, hardware:Watch7,1, software:11.6.1, creation date:2025-09-13 14:18:16 +0000>",2025-10-02 12:39:05 +0000,2025-10-02 12:39:05 +0000,count/min,90.0,2
HKQuantityTypeIdentifierHeartRate,PhysTrax Apple Watch,11.6.1,"Watch7,1","<<HKDevice: 0x133e95140>, name:Apple Watch, manufacturer:Apple Inc., model:Watch, hardware:Watch7,1, software:11.6.1, creation date:2025-09-13 14:18:16 +0000>",2025-10-02 12:39:10 +0000,2025-10-02 12:39:10 +0000,count/min,97.0,2
HKQuantityTypeIdentifierHeartRate,PhysTrax Apple Watch,11.6.1,"Watch7,1","<<HKDevice: 0x133e95140>, name:Apple Watch, manufacturer:Apple Inc., model:Watch, hardware:Watch7,1, software:11.6.1, creation date:2025-09-13 14:18:16 +0000>",2025-10-02 12:39:15 +0000,2025-10-02 12:39:15 +0000,count/min,99.0,2
HKQuantityTypeIdentifierHeartRate,PhysTrax Apple Watch,11.6.1,"Watch7,1","<<HKDevice: 0x133e95140>, name:Apple Watch, manufacturer:Apple Inc., model:Watch, hardware:Watch7,1, software:11.6.1, creation date:2025-09-13 14:18:16 +0000>",2025-10-02 12:39:21 +0000,2025-10-02 12:39:21 +0000,count/min,100.0,2
HKQuantityTypeIdentifierHeartRate,PhysTrax Apple Watch,11.6.1,"Watch7,1","<<HKDevice: 0x133e95140>, name:Apple Watch, manufacturer:Apple Inc., model:Watch, hardware:Watch7,1, software:11.6.1, creation date:2025-09-13 14:18:16 +0000>",2025-10-02 12:39:29 +0000,2025-10-02 12:39:29 +0000,count/min,100.0,2
HKQuantityTypeIdentifierHeartRate,PhysTrax Apple Watch,11.6.1,"Watch7,1","<<HKDevice: 0x133e95140>, name:Apple Watch, manufacturer:Apple Inc., model:Watch, hardware:Watch7,1, software:11.6.1, creation date:2025-09-13 14:18:16 +0000>",2025-10-02 12:39:34 +0000,2025-10-02 12:39:34 +0000,count/min,100.0,2
HKQuantityTypeIdentifierHeartRate,PhysTrax Apple Watch,11.6.1,"Watch7,1","<<HKDevice: 0x133e95140>, name:Apple Watch, manufacturer:Apple Inc., model:Watch, hardware:Watch7,1, software:11.6.1, creation date:2025-09-13 14:18:16 +0000>",2025-10-02 12:39:36 +0000,2025-10-02 12:39:36 +0000,count/min,99.0,2
HKQuantityTypeIdentifierHeartRate,PhysTrax Apple Watch,11.6.1,"Watch7,1","<<HKDevice: 0x133e95140>, name:Apple Watch, manufacturer:Apple Inc., model:Watch, hardware:Watch7,1, software:11.6.1, creation date:2025-09-13 14:18:16 +0000>",2025-10-02 12:39:40 +0000,2025-10-02 12:39:40 +0000,count/min,96.0,2
HKQuantityTypeIdentifierHeartRate,PhysTrax Apple Watch,11.6.1,"Watch7,1","<<HKDevice: 0x133e95140>, name:Apple Watch, manufacturer:Apple Inc., model:Watch, hardware:Watch7,1, software:11.6.1, creation date:2025-09-13 14:18:16 +0000>",2025-10-02 12:39:45 +0000,2025-10-02 12:39:45 +0000,count/min,97.0,2
HKQuantityTypeIdentifierHeartRate,PhysTrax Apple Watch,11.6.1,"Watch7,1","<<HKDevice: 0x133e95140>, name:Apple Watch, manufacturer:Apple Inc., model:Watch, hardware:Watch7,1, software:11.6.1, creation date:2025-09-13 14:18:16 +0000>",2025-10-02 12:39:50 +0000,2025-10-02 12:39:50 +0000,count/min,95.0,2
HKQuantityTypeIdentifierHeartRate,PhysTrax Apple Watch,11.6.1,"Watch7,1","<<HKDevice: 0x133e95140>, name:Apple Watch, manufacturer:Apple Inc., model:Watch, hardware:Watch7,1, software:11.6.1, creation date:2025-09-13 14:18:16 +0000>",2025-10-02 12:39:59 +0000,2025-10-02 12:39:59 +0000,count/min,94.0,2
HKQuantityTypeIdentifierHeartRate,PhysTrax Apple Watch,11.6.1,"Watch7,1","<<HKDevice: 0x133e95140>, name:Apple Watch, manufacturer:Apple Inc., model:Watch, hardware:Watch7,1, software:11.6.1, creation date:2025-09-13 14:18:16 +0000>",2025-10-02 12:40:04 +0000,2025-10-02 12:40:04 +0000,count/min,96.0,2
HKQuantityTypeIdentifierHeartRate,PhysTrax Apple Watch,11.6.1,"Watch7,1","<<HKDevice: 0x133e95140>, name:Apple Watch, manufacturer:Apple Inc., model:Watch, hardware:Watch7,1, software:11.6.1, creation date:2025-09-13 14:18:16 +0000>",2025-10-02 12:40:08 +0000,2025-10-02 12:40:08 +0000,count/min,96.0,2
HKQuantityTypeIdentifierHeartRate,PhysTrax Apple Watch,11.6.1,"Watch7,1","<<HKDevice: 0x133e95140>, name:Apple Watch, manufacturer:Apple Inc., model:Watch, hardware:Watch7,1, software:11.6.1, creation date:2025-09-13 14:18:16 +0000>",2025-10-02 12:40:14 +0000,2025-10-02 12:40:14 +0000,count/min,100.0,2
HKQuantityTypeIdentifierHeartRate,PhysTrax Apple Watch,11.6.1,"Watch7,1","<<HKDevice: 0x133e95140>, name:Apple Watch, manufacturer:Apple Inc., model:Watch, hardware:Watch7,1, software:11.6.1, creation date:2025-09-13 14:18:16 +0000>",2025-10-02 12:40:19 +0000,2025-10-02 12:40:19 +0000,count/min,95.0,2
HKQuantityTypeIdentifierHeartRate,PhysTrax Apple Watch,11.6.1,"Watch7,1","<<HKDevice: 0x133e95140>, name:Apple Watch, manufacturer:Apple Inc., model:Watch, hardware:Watch7,1, software:11.6.1, creation date:2025-09-13 14:18:16 +0000>",2025-10-02 12:40:21 +0000,2025-10-02 12:40:21 +0000,count/min,93.0,2
HKQuantityTypeIdentifierHeartRate,PhysTrax Apple Watch,11.6.1,"Watch7,1","<<HKDevice: 0x133e95140>, name:Apple Watch, manufacturer:Apple Inc., model:Watch, hardware:Watch7,1, software:11.6.1, creation date:2025-09-13 14:18:16 +0000>",2025-10-02 12:40:26 +0000,2025-10-02 12:40:26 +0000,count/min,92.00000000000001,2
HKQuantityTypeIdentifierHeartRate,PhysTrax Apple Watch,11.6.1,"Watch7,1","<<HKDevice: 0x133e95140>, name:Apple Watch, manufacturer:Apple Inc., model:Watch, hardware:Watch7,1, software:11.6.1, creation date:2025-09-13 14:18:16 +0000>",2025-10-02 12:40:31 +0000,2025-10-02 12:40:31 +0000,count/min,96.0,2
HKQuantityTypeIdentifierHeartRate,PhysTrax Apple Watch,11.6.1,"Watch7,1","<<HKDevice: 0x133e95140>, name:Apple Watch, manufacturer:Apple Inc., model:Watch, hardware:Watch7,1, software:11.6.1, creation date:2025-09-13 14:18:16 +0000>",2025-10-02 12:40:36 +0000,2025-10-02 12:40:36 +0000,count/min,95.0,2
HKQuantityTypeIdentifierHeartRate,PhysTrax Apple Watch,11.6.1,"Watch7,1","<<HKDevice: 0x133e95140>, name:Apple Watch, manufacturer:Apple Inc., model:Watch, hardware:Watch7,1, software:11.6.1, creation date:2025-09-13 14:18:16 +0000>",2025-10-02 12:40:40 +0000,2025-10-02 12:40:40 +0000,count/min,98.0,2
HKQuantityTypeIdentifierHeartRate,PhysTrax Apple Watch,11.6.1,"Watch7,1","<<HKDevice: 0x133e95140>, name:Apple Watch, manufacturer:Apple Inc., model:Watch, hardware:Watch7,1, software:11.6.1, creation date:2025-09-13 14:18:16 +0000>",2025-10-02 12:40:45 +0000,2025-10-02 12:40:45 +0000,count/min,98.0,2
HKQuantityTypeIdentifierHeartRate,PhysTrax Apple Watch,11.6.1,"Watch7,1","<<HKDevice: 0x133e95140>, name:Apple Watch, manufacturer:Apple Inc., model:Watch, hardware:Watch7,1, software:11.6.1, creation date:2025-09-13 14:18:16 +0000>",2025-10-02 12:40:54 +0000,2025-10-02 12:40:54 +0000,count/min,94.0,2
HKQuantityTypeIdentifierHeartRate,PhysTrax Apple Watch,11.6.1,"Watch7,1","<<HKDevice: 0x133e95140>, name:Apple Watch, manufacturer:Apple Inc., model:Watch, hardware:Watch7,1, software:11.6.1, creation date:2025-09-13 14:18:16 +0000>",2025-10-02 12:40:59 +0000,2025-10-02 12:40:59 +0000,count/min,94.0,2
HKQuantityTypeIdentifierHeartRate,PhysTrax Apple Watch,11.6.1,"Watch7,1","<<HKDevice: 0x133e95140>, name:Apple Watch, manufacturer:Apple Inc., model:Watch, hardware:Watch7,1, software:11.6.1, creation date:2025-09-13 14:18:16 +0000>",2025-10-02 12:41:01 +0000,2025-10-02 12:41:01 +0000,count/min,94.0,2
HKQuantityTypeIdentifierHeartRate,PhysTrax Apple Watch,11.6.1,"Watch7,1","<<HKDevice: 0x133e95140>, name:Apple Watch, manufacturer:Apple Inc., model:Watch, hardware:Watch7,1, software:11.6.1, creation date:2025-09-13 14:18:16 +0000>",2025-10-02 12:41:05 +0000,2025-10-02 12:41:05 +0000,count/min,94.0,2
HKQuantityTypeIdentifierHeartRate,PhysTrax Apple Watch,11.6.1,"Watch7,1","<<HKDevice: 0x133e95140>, name:Apple Watch, manufacturer:Apple Inc., model:Watch, hardware:Watch7,1, software:11.6.1, creation date:2025-09-13 14:18:16 +0000>",2025-10-02 12:41:10 +0000,2025-10-02 12:41:10 +0000,count/min,97.0,2
HKQuantityTypeIdentifierHeartRate,PhysTrax Apple Watch,11.6.1,"Watch7,1","<<HKDevice: 0x133e95140>, name:Apple Watch, manufacturer:Apple Inc., model:Watch, hardware:Watch7,1, software:11.6.1, creation date:2025-09-13 14:18:16 +0000>",2025-10-02 12:41:15 +0000,2025-10-02 12:41:15 +0000,count/min,100.0,2
HKQuantityTypeIdentifierHeartRate,PhysTrax Apple Watch,11.6.1,"Watch7,1","<<HKDevice: 0x133e95140>, name:Apple Watch, manufacturer:Apple Inc., model:Watch, hardware:Watch7,1, software:11.6.1, creation date:2025-09-13 14:18:16 +0000>",2025-10-02 12:41:24 +0000,2025-10-02 12:41:24 +0000,count/min,103.0,2
HKQuantityTypeIdentifierHeartRate,PhysTrax Apple Watch,11.6.1,"Watch7,1","<<HKDevice: 0x133e95140>, name:Apple Watch, manufacturer:Apple Inc., model:Watch, hardware:Watch7,1, software:11.6.1, creation date:2025-09-13 14:18:16 +0000>",2025-10-02 12:41:29 +0000,2025-10-02 12:41:29 +0000,count/min,103.0,2
HKQuantityTypeIdentifierHeartRate,PhysTrax Apple Watch,11.6.1,"Watch7,1","<<HKDevice: 0x133e95140>, name:Apple Watch, manufacturer:Apple Inc., model:Watch, hardware:Watch7,1, software:11.6.1, creation date:2025-09-13 14:18:16 +0000>",2025-10-02 12:41:31 +0000,2025-10-02 12:41:31 +0000,count/min,104.0,2
HKQuantityTypeIdentifierHeartRate,PhysTrax Apple Watch,11.6.1,"Watch7,1","<<HKDevice: 0x133e95140>, name:Apple Watch, manufacturer:Apple Inc., model:Watch, hardware:Watch7,1, software:11.6.1, creation date:2025-09-13 14:18:16 +0000>",2025-10-02 12:41:35 +0000,2025-10-02 12:41:35 +0000,count/min,107.00000000000001,2
HKQuantityTypeIdentifierHeartRate,PhysTrax Apple Watch,11.6.1,"Watch7,1","<<HKDevice: 0x133e95140>, name:Apple Watch, manufacturer:Apple Inc., model:Watch, hardware:Watch7,1, software:11.6.1, creation date:2025-09-13 14:18:16 +0000>",2025-10-02 12:41:40 +0000,2025-10-02 12:41:40 +0000,count/min,112.0,2
HKQuantityTypeIdentifierHeartRate,PhysTrax Apple Watch,11.6.1,"Watch7,1","<<HKDevice: 0x133e95140>, name:Apple Watch, manufacturer:Apple Inc., model:Watch, hardware:Watch7,1, software:11.6.1, creation date:2025-09-13 14:18:16 +0000>",2025-10-02 12:41:49 +0000,2025-10-02 12:41:49 +0000,count/min,108.0,2
HKQuantityTypeIdentifierHeartRate,PhysTrax Apple Watch,11.6.1,"Watch7,1","<<HKDevice: 0x133e95140>, name:Apple Watch, manufacturer:Apple Inc., model:Watch, hardware:Watch7,1, software:11.6.1, creation date:2025-09-13 14:18:16 +0000>",2025-10-02 12:41:54 +0000,2025-10-02 12:41:54 +0000,count/min,107.00000000000001,2
HKQuantityTypeIdentifierHeartRate,PhysTrax Apple Watch,11.6.1,"Watch7,1","<<HKDevice: 0x133e95140>, name:Apple Watch, manufacturer:Apple Inc., model:Watch, hardware:Watch7,1, software:11.6.1, creation date:2025-09-13 14:18:16 +0000>",2025-10-02 12:41:55 +0000,2025-10-02 12:41:55 +0000,count/min,107.00000000000001,2
HKQuantityTypeIdentifierHeartRate,PhysTrax Apple Watch,11.6.1,"Watch7,1","<<HKDevice: 0x133e95140>, name:Apple Watch, manufacturer:Apple Inc., model:Watch, hardware:Watch7,1, software:11.6.1, creation date:2025-09-13 14:18:16 +0000>",2025-10-02 12:42:00 +0000,2025-10-02 12:42:00 +0000,count/min,110.0,2
HKQuantityTypeIdentifierHeartRate,PhysTrax Apple Watch,11.6.1,"Watch7,1","<<HKDevice: 0x133e95140>, name:Apple Watch, manufacturer:Apple Inc., model:Watch, hardware:Watch7,1, software:11.6.1, creation date:2025-09-13 14:18:16 +0000>",2025-10-02 12:42:05 +0000,2025-10-02 12:42:05 +0000,count/min,109.0,2
HKQuantityTypeIdentifierHeartRate,PhysTrax Apple Watch,11.6.1,"Watch7,1","<<HKDevice: 0x133e95140>, name:Apple Watch, manufacturer:Apple Inc., model:Watch, hardware:Watch7,1, software:11.6.1, creation date:2025-09-13 14:18:16 +0000>",2025-10-02 12:42:10 +0000,2025-10-02 12:42:10 +0000,count/min,109.0,2
HKQuantityTypeIdentifierHeartRate,PhysTrax Apple Watch,11.6.1,"Watch7,1","<<HKDevice: 0x133e95140>, name:Apple Watch, manufacturer:Apple Inc., model:Watch, hardware:Watch7,1, software:11.6.1, creation date:2025-09-13 14:18:16 +0000>",2025-10-02 12:42:15 +0000,2025-10-02 12:42:15 +0000,count/min,110.0,2
HKQuantityTypeIdentifierHeartRate,PhysTrax Apple Watch,11.6.1,"Watch7,1","<<HKDevice: 0x133e95140>, name:Apple Watch, manufacturer:Apple Inc., model:Watch, hardware:Watch7,1, software:11.6.1, creation date:2025-09-13 14:18:16 +0000>",2025-10-02 12:42:20 +0000,2025-10-02 12:42:20 +0000,count/min,110.0,2
HKQuantityTypeIdentifierHeartRate,PhysTrax Apple Watch,11.6.1,"Watch7,1","<<HKDevice: 0x133e95140>, name:Apple Watch, manufacturer:Apple Inc., model:Watch, hardware:Watch7,1, software:11.6.1, creation date:2025-09-13 14:18:16 +0000>",2025-10-02 12:42:28 +0000,2025-10-02 12:42:28 +0000,count/min,115.0,2
HKQuantityTypeIdentifierHeartRate,PhysTrax Apple Watch,11.6.1,"Watch7,1","<<HKDevice: 0x133e95140>, name:Apple Watch, manufacturer:Apple Inc., model:Watch, hardware:Watch7,1, software:11.6.1, creation date:2025-09-13 14:18:16 +0000>",2025-10-02 12:42:34 +0000,2025-10-02 12:42:34 +0000,count/min,114.0,2
HKQuantityTypeIdentifierHeartRate,PhysTrax Apple Watch,11.6.1,"Watch7,1","<<HKDevice: 0x133e95140>, name:Apple Watch, manufacturer:Apple Inc., model:Watch, hardware:Watch7,1, software:11.6.1, creation date:2025-09-13 14:18:16 +0000>",2025-10-02 12:42:36 +0000,2025-10-02 12:42:36 +0000,count/min,114.0,2
HKQuantityTypeIdentifierHeartRate,PhysTrax Apple Watch,11.6.1,"Watch7,1","<<HKDevice: 0x133e95140>, name:Apple Watch, manufacturer:Apple Inc., model:Watch, hardware:Watch7,1, software:11.6.1, creation date:2025-09-13 14:18:16 +0000>",2025-10-02 12:42:40 +0000,2025-10-02 12:42:40 +0000,count/min,109.0,2
HKQuantityTypeIdentifierHeartRate,PhysTrax Apple Watch,11.6.1,"Watch7,1","<<HKDevice: 0x133e95140>, name:Apple Watch, manufacturer:Apple Inc., model:Watch, hardware:Watch7,1, software:11.6.1, creation date:2025-09-13 14:18:16 +0000>",2025-10-02 12:42:45 +0000,2025-10-02 12:42:45 +0000,count/min,107.00000000000001,2
HKQuantityTypeIdentifierHeartRate,PhysTrax Apple Watch,11.6.1,"Watch7,1","<<HKDevice: 0x133e95140>, name:Apple Watch, manufacturer:Apple Inc., model:Watch, hardware:Watch7,1, software:11.6.1, creation date:2025-09-13 14:18:16 +0000>",2025-10-02 12:42:54 +0000,2025-10-02 12:42:54 +0000,count/min,104.0,2
HKQuantityTypeIdentifierHeartRate,PhysTrax Apple Watch,11.6.1,"Watch7,1","<<HKDevice: 0x133e95140>, name:Apple Watch, manufacturer:Apple Inc., model:Watch, hardware:Watch7,1, software:11.6.1, creation date:2025-09-13 14:18:16 +0000>",2025-10-02 12:42:59 +0000,2025-10-02 12:42:59 +0000,count/min,106.0,2
HKQuantityTypeIdentifierHeartRate,PhysTrax Apple Watch,11.6.1,"Watch7,1","<<HKDevice: 0x133e95140>, name:Apple Watch, manufacturer:Apple Inc., model:Watch, hardware:Watch7,1, software:11.6.1, creation date:2025-09-13 14:18:16 +0000>",2025-10-02 12:43:01 +0000,2025-10-02 12:43:01 +0000,count/min,105.0,2
HKQuantityTypeIdentifierHeartRate,PhysTrax Apple Watch,11.6.1,"Watch7,1","<<HKDevice: 0x133e95140>, name:Apple Watch, manufacturer:Apple Inc., model:Watch, hardware:Watch7,1, software:11.6.1, creation date:2025-09-13 14:18:16 +0000>",2025-10-02 12:43:09 +0000,2025-10-02 12:43:09 +0000,count/min,108.0,2
HKQuantityTypeIdentifierHeartRate,PhysTrax Apple Watch,11.6.1,"Watch7,1","<<HKDevice: 0x133e95140>, name:Apple Watch, manufacturer:Apple Inc., model:Watch, hardware:Watch7,1, software:11.6.1, creation date:2025-09-13 14:18:16 +0000>",2025-10-02 12:43:14 +0000,2025-10-02 12:43:14 +0000,count/min,107.00000000000001,2
HKQuantityTypeIdentifierHeartRate,PhysTrax Apple Watch,11.6.1,"Watch7,1","<<HKDevice: 0x133e95140>, name:Apple Watch, manufacturer:Apple Inc., model:Watch, hardware:Watch7,1, software:11.6.1, creation date:2025-09-13 14:18:16 +0000>",2025-10-02 12:43:17 +0000,2025-10-02 12:43:17 +0000,count/min,106.0,2
HKQuantityTypeIdentifierHeartRate,PhysTrax Apple Watch,11.6.1,"Watch7,1","<<HKDevice: 0x133e95140>, name:Apple Watch, manufacturer:Apple Inc., model:Watch, hardware:Watch7,1, software:11.6.1, creation date:2025-09-13 14:18:16 +0000>",2025-10-02 12:43:20 +0000,2025-10-02 12:43:20 +0000,count/min,103.0,2
HKQuantityTypeIdentifierHeartRate,PhysTrax Apple Watch,11.6.1,"Watch7,1","<<HKDevice: 0x133e95140>, name:Apple Watch, manufacturer:Apple Inc., model:Watch, hardware:Watch7,1, software:11.6.1, creation date:2025-09-13 14:18:16 +0000>",2025-10-02 12:43:25 +0000,2025-10-02 12:43:25 +0000,count/min,106.0,2
HKQuantityTypeIdentifierHeartRate,PhysTrax Apple Watch,11.6.1,"Watch7,1","<<HKDevice: 0x133e95140>, name:Apple Watch, manufacturer:Apple Inc., model:Watch, hardware:Watch7,1, software:11.6.1, creation date:2025-09-13 14:18:16 +0000>",2025-10-02 12:43:30 +0000,2025-10-02 12:43:30 +0000,count/min,104.0,2
HKQuantityTypeIdentifierHeartRate,PhysTrax Apple Watch,11.6.1,"Watch7,1","<<HKDevice: 0x133e95140>, name:Apple Watch, manufacturer:Apple Inc., model:Watch, hardware:Watch7,1, software:11.6.1, creation date:2025-09-13 14:18:16 +0000>",2025-10-02 12:43:36 +0000,2025-10-02 12:43:36 +0000,count/min,100.0,2
HKQuantityTypeIdentifierHeartRate,PhysTrax Apple Watch,11.6.1,"Watch7,1","<<HKDevice: 0x133e95140>, name:Apple Watch, manufacturer:Apple Inc., model:Watch, hardware:Watch7,1, software:11.6.1, creation date:2025-09-13 14:18:16 +0000>",2025-10-02 12:43:40 +0000,2025-10-02 12:43:40 +0000,count/min,100.0,2
HKQuantityTypeIdentifierHeartRate,PhysTrax Apple Watch,11.6.1,"Watch7,1","<<HKDevice: 0x133e95140>, name:Apple Watch, manufacturer:Apple Inc., model:Watch, hardware:Watch7,1, software:11.6.1, creation date:2025-09-13 14:18:16 +0000>",2025-10-02 12:43:49 +0000,2025-10-02 12:43:49 +0000,count/min,105.0,2
HKQuantityTypeIdentifierHeartRate,PhysTrax Apple Watch,11.6.1,"Watch7,1","<<HKDevice: 0x133e95140>, name:Apple Watch, manufacturer:Apple Inc., model:Watch, hardware:Watch7,1, software:11.6.1, creation date:2025-09-13 14:18:16 +0000>",2025-10-02 12:43:50 +0000,2025-10-02 12:43:50 +0000,count/min,107.00000000000001,2
HKQuantityTypeIdentifierHeartRate,PhysTrax Apple Watch,11.6.1,"Watch7,1","<<HKDevice: 0x133e95140>, name:Apple Watch, manufacturer:Apple Inc., model:Watch, hardware:Watch7,1, software:11.6.1, creation date:2025-09-13 14:18:16 +0000>",2025-10-02 12:43:59 +0000,2025-10-02 12:43:59 +0000,count/min,107.00000000000001,2
HKQuantityTypeIdentifierHeartRate,PhysTrax Apple Watch,11.6.1,"Watch7,1","<<HKDevice: 0x133e95140>, name:Apple Watch, manufacturer:Apple Inc., model:Watch, hardware:Watch7,1, software:11.6.1, creation date:2025-09-13 14:18:16 +0000>",2025-10-02 12:44:00 +0000,2025-10-02 12:44:00 +0000,count/min,106.0,2
HKQuantityTypeIdentifierHeartRate,PhysTrax Apple Watch,11.6.1,"Watch7,1","<<HKDevice: 0x133e95140>, name:Apple Watch, manufacturer:Apple Inc., model:Watch, hardware:Watch7,1, software:11.6.1, creation date:2025-09-13 14:18:16 +0000>",2025-10-02 12:44:05 +0000,2025-10-02 12:44:05 +0000,count/min,106.0,2
HKQuantityTypeIdentifierHeartRate,PhysTrax Apple Watch,11.6.1,"Watch7,1","<<HKDevice: 0x133e95140>, name:Apple Watch, manufacturer:Apple Inc., model:Watch, hardware:Watch7,1, software:11.6.1, creation date:2025-09-13 14:18:16 +0000>",2025-10-02 12:44:11 +0000,2025-10-02 12:44:11 +0000,count/min,104.0,2
HKQuantityTypeIdentifierHeartRate,PhysTrax Apple Watch,11.6.1,"Watch7,1","<<HKDevice: 0x133e95140>, name:Apple Watch, manufacturer:Apple Inc., model:Watch, hardware:Watch7,1, software:11.6.1, creation date:2025-09-13 14:18:16 +0000>",2025-10-02 12:44:19 +0000,2025-10-02 12:44:19 +0000,count/min,103.0,2
HKQuantityTypeIdentifierHeartRate,PhysTrax Apple Watch,11.6.1,"Watch7,1","<<HKDevice: 0x133e95140>, name:Apple Watch, manufacturer:Apple Inc., model:Watch, hardware:Watch7,1, software:11.6.1, creation date:2025-09-13 14:18:16 +0000>",2025-10-02 12:44:23 +0000,2025-10-02 12:44:23 +0000,count/min,103.0,2
HKQuantityTypeIdentifierHeartRate,PhysTrax Apple Watch,11.6.1,"Watch7,1","<<HKDevice: 0x133e95140>, name:Apple Watch, manufacturer:Apple Inc., model:Watch, hardware:Watch7,1, software:11.6.1, creation date:2025-09-13 14:18:16 +0000>",2025-10-02 12:44:29 +0000,2025-10-02 12:44:29 +0000,count/min,101.0,2
HKQuantityTypeIdentifierHeartRate,PhysTrax Apple Watch,11.6.1,"Watch7,1","<<HKDevice: 0x133e95140>, name:Apple Watch, manufacturer:Apple Inc., model:Watch, hardware:Watch7,1, software:11.6.1, creation date:2025-09-13 14:18:16 +0000>",2025-10-02 12:44:30 +0000,2025-10-02 12:44:30 +0000,count/min,101.0,2
HKQuantityTypeIdentifierHeartRate,PhysTrax Apple Watch,11.6.1,"Watch7,1","<<HKDevice: 0x133e95140>, name:Apple Watch, manufacturer:Apple Inc., model:Watch, hardware:Watch7,1, software:11.6.1, creation date:2025-09-13 14:18:16 +0000>",2025-10-02 12:44:37 +0000,2025-10-02 12:44:37 +0000,count/min,101.0,2
HKQuantityTypeIdentifierHeartRate,PhysTrax Apple Watch,11.6.1,"Watch7,1","<<HKDevice: 0x133e95140>, name:Apple Watch, manufacturer:Apple Inc., model:Watch, hardware:Watch7,1, software:11.6.1, creation date:2025-09-13 14:18:16 +0000>",2025-10-02 12:44:44 +0000,2025-10-02 12:44:44 +0000,count/min,100.0,2
HKQuantityTypeIdentifierHeartRate,PhysTrax Apple Watch,11.6.1,"Watch7,1","<<HKDevice: 0x133e95140>, name:Apple Watch, manufacturer:Apple Inc., model:Watch, hardware:Watch7,1, software:11.6.1, creation date:2025-09-13 14:18:16 +0000>",2025-10-02 12:44:46 +0000,2025-10-02 12:44:46 +0000,count/min,100.0,2
HKQuantityTypeIdentifierHeartRate,PhysTrax Apple Watch,11.6.1,"Watch7,1","<<HKDevice: 0x133e95140>, name:Apple Watch, manufacturer:Apple Inc., model:Watch, hardware:Watch7,1, software:11.6.1, creation date:2025-09-13 14:18:16 +0000>",2025-10-02 12:44:50 +0000,2025-10-02 12:44:50 +0000,count/min,100.0,2
HKQuantityTypeIdentifierHeartRate,PhysTrax Apple Watch,11.6.1,"Watch7,1","<<HKDevice: 0x133e95140>, name:Apple Watch, manufacturer:Apple Inc., model:Watch, hardware:Watch7,1, software:11.6.1, creation date:2025-09-13 14:18:16 +0000>",2025-10-02 12:44:59 +0000,2025-10-02 12:44:59 +0000,count/min,100.0,2
HKQuantityTypeIdentifierHeartRate,PhysTrax Apple Watch,11.6.1,"Watch7,1","<<HKDevice: 0x133e95140>, name:Apple Watch, manufacturer:Apple Inc., model:Watch, hardware:Watch7,1, software:11.6.1, creation date:2025-09-13 14:18:16 +0000>",2025-10-02 12:45:04 +0000,2025-10-02 12:45:04 +0000,count/min,99.0,2
HKQuantityTypeIdentifierHeartRate,PhysTrax Apple Watch,11.6.1,"Watch7,1","<<HKDevice: 0x133e95140>, name:Apple Watch, manufacturer:Apple Inc., model:Watch, hardware:Watch7,1, software:11.6.1, creation date:2025-09-13 14:18:16 +0000>",2025-10-02 12:45:07 +0000,2025-10-02 12:45:07 +0000,count/min,101.0,2
HKQuantityTypeIdentifierHeartRate,PhysTrax Apple Watch,11.6.1,"Watch7,1","<<HKDevice: 0x133e95140>, name:Apple Watch, manufacturer:Apple Inc., model:Watch, hardware:Watch7,1, software:11.6.1, creation date:2025-09-13 14:18:16 +0000>",2025-10-02 12:45:10 +0000,2025-10-02 12:45:10 +0000,count/min,102.0,2
HKQuantityTypeIdentifierHeartRate,PhysTrax Apple Watch,11.6.1,"Watch7,1","<<HKDevice: 0x133e95140>, name:Apple Watch, manufacturer:Apple Inc., model:Watch, hardware:Watch7,1, software:11.6.1, creation date:2025-09-13 14:18:16 +0000>",2025-10-02 12:45:15 +0000,2025-10-02 12:45:15 +0000,count/min,102.0,2
HKQuantityTypeIdentifierHeartRate,PhysTrax Apple Watch,11.6.1,"Watch7,1","<<HKDevice: 0x133e95140>, name:Apple Watch, manufacturer:Apple Inc., model:Watch, hardware:Watch7,1, software:11.6.1, creation date:2025-09-13 14:18:16 +0000>",2025-10-02 12:45:20 +0000,2025-10-02 12:45:20 +0000,count/min,107.00000000000001,2
HKQuantityTypeIdentifierHeartRate,PhysTrax Apple Watch,11.6.1,"Watch7,1","<<HKDevice: 0x133e95140>, name:Apple Watch, manufacturer:Apple Inc., model:Watch, hardware:Watch7,1, software:11.6.1, creation date:2025-09-13 14:18:16 +0000>",2025-10-02 12:45:28 +0000,2025-10-02 12:45:28 +0000,count/min,110.0,2
HKQuantityTypeIdentifierHeartRate,PhysTrax Apple Watch,11.6.1,"Watch7,1","<<HKDevice: 0x133e95140>, name:Apple Watch, manufacturer:Apple Inc., model:Watch, hardware:Watch7,1, software:11.6.1, creation date:2025-09-13 14:18:16 +0000>",2025-10-02 12:45:34 +0000,2025-10-02 12:45:34 +0000,count/min,111.0,2
HKQuantityTypeIdentifierHeartRate,PhysTrax Apple Watch,11.6.1,"Watch7,1","<<HKDevice: 0x133e95140>, name:Apple Watch, manufacturer:Apple Inc., model:Watch, hardware:Watch7,1, software:11.6.1, creation date:2025-09-13 14:18:16 +0000>",2025-10-02 12:45:39 +0000,2025-10-02 12:45:39 +0000,count/min,114.0,2
HKQuantityTypeIdentifierHeartRate,PhysTrax Apple Watch,11.6.1,"Watch7,1","<<HKDevice: 0x133e95140>, name:Apple Watch, manufacturer:Apple Inc., model:Watch, hardware:Watch7,1, software:11.6.1, creation date:2025-09-13 14:18:16 +0000>",2025-10-02 12:45:40 +0000,2025-10-02 12:45:40 +0000,count/min,114.0,2
HKQuantityTypeIdentifierHeartRate,PhysTrax Apple Watch,11.6.1,"Watch7,1","<<HKDevice: 0x133e95140>, name:Apple Watch, manufacturer:Apple Inc., model:Watch, hardware:Watch7,1, software:11.6.1, creation date:2025-09-13 14:18:16 +0000>",2025-10-02 12:45:45 +0000,2025-10-02 12:45:45 +0000,count/min,114.0,2
HKQuantityTypeIdentifierHeartRate,PhysTrax Apple Watch,11.6.1,"Watch7,1","<<HKDevice: 0x133e95140>, name:Apple Watch, manufacturer:Apple Inc., model:Watch, hardware:Watch7,1, software:11.6.1, creation date:2025-09-13 14:18:16 +0000>",2025-10-02 12:45:50 +0000,2025-10-02 12:45:50 +0000,count/min,113.0,2
HKQuantityTypeIdentifierHeartRate,PhysTrax Apple Watch,11.6.1,"Watch7,1","<<HKDevice: 0x133e95140>, name:Apple Watch, manufacturer:Apple Inc., model:Watch, hardware:Watch7,1, software:11.6.1, creation date:2025-09-13 14:18:16 +0000>",2025-10-02 12:45:58 +0000,2025-10-02 12:45:58 +0000,count/min,112.0,2
HKQuantityTypeIdentifierHeartRate,PhysTrax Apple Watch,11.6.1,"Watch7,1","<<HKDevice: 0x133e95140>, name:Apple Watch, manufacturer:Apple Inc., model:Watch, hardware:Watch7,1, software:11.6.1, creation date:2025-09-13 14:18:16 +0000>",2025-10-02 12:46:00 +0000,2025-10-02 12:46:00 +0000,count/min,111.0,2
HKQuantityTypeIdentifierHeartRate,PhysTrax Apple Watch,11.6.1,"Watch7,1","<<HKDevice: 0x133e95140>, name:Apple Watch, manufacturer:Apple Inc., model:Watch, hardware:Watch7,1, software:11.6.1, creation date:2025-09-13 14:18:16 +0000>",2025-10-02 12:46:09 +0000,2025-10-02 12:46:09 +0000,count/min,110.0,2
HKQuantityTypeIdentifierHeartRate,PhysTrax Apple Watch,11.6.1,"Watch7,1","<<HKDevice: 0x133e95140>, name:Apple Watch, manufacturer:Apple Inc., model:Watch, hardware:Watch7,1, software:11.6.1, creation date:2025-09-13 14:18:16 +0000>",2025-10-02 12:46:14 +0000,2025-10-02 12:46:14 +0000,count/min,109.0,2
HKQuantityTypeIdentifierHeartRate,PhysTrax Apple Watch,11.6.1,"Watch7,1","<<HKDevice: 0x133e95140>, name:Apple Watch, manufacturer:Apple Inc., model:Watch, hardware:Watch7,1, software:11.6.1, creation date:2025-09-13 14:18:16 +0000>",2025-10-02 12:46:19 +0000,2025-10-02 12:46:19 +0000,count/min,110.0,2
HKQuantityTypeIdentifierHeartRate,PhysTrax Apple Watch,11.6.1,"Watch7,1","<<HKDevice: 0x133e95140>, name:Apple Watch, manufacturer:Apple Inc., model:Watch, hardware:Watch7,1, software:11.6.1, creation date:2025-09-13 14:18:16 +0000>",2025-10-02 12:46:24 +0000,2025-10-02 12:46:24 +0000,count/min,110.0,2
HKQuantityTypeIdentifierHeartRate,PhysTrax Apple Watch,11.6.1,"Watch7,1","<<HKDevice: 0x133e95140>, name:Apple Watch, manufacturer:Apple Inc., model:Watch, hardware:Watch7,1, software:11.6.1, creation date:2025-09-13 14:18:16 +0000>",2025-10-02 12:46:25 +0000,2025-10-02 12:46:25 +0000,count/min,110.0,2
HKQuantityTypeIdentifierHeartRate,PhysTrax Apple Watch,11.6.1,"Watch7,1","<<HKDevice: 0x133e95140>, name:Apple Watch, manufacturer:Apple Inc., model:Watch, hardware:Watch7,1, software:11.6.1, creation date:2025-09-13 14:18:16 +0000>",2025-10-02 12:46:30 +0000,2025-10-02 12:46:30 +0000,count/min,108.0,2
HKQuantityTypeIdentifierHeartRate,PhysTrax Apple Watch,11.6.1,"Watch7,1","<<HKDevice: 0x133e95140>, name:Apple Watch, manufacturer:Apple Inc., model:Watch, hardware:Watch7,1, software:11.6.1, creation date:2025-09-13 14:18:16 +0000>",2025-10-02 12:46:38 +0000,2025-10-02 12:46:38 +0000,count/min,108.0,2
HKQuantityTypeIdentifierHeartRate,PhysTrax Apple Watch,11.6.1,"Watch7,1","<<HKDevice: 0x133e95140>, name:Apple Watch, manufacturer:Apple Inc., model:Watch, hardware:Watch7,1, software:11.6.1, creation date:2025-09-13 14:18:16 +0000>",2025-10-02 12:46:40 +0000,2025-10-02 12:46:40 +0000,count/min,108.0,2
HKQuantityTypeIdentifierHeartRate,PhysTrax Apple Watch,11.6.1,"Watch7,1","<<HKDevice: 0x133e95140>, name:Apple Watch, manufacturer:Apple Inc., model:Watch, hardware:Watch7,1, software:11.6.1, creation date:2025-09-13 14:18:16 +0000>",2025-10-02 12:46:49 +0000,2025-10-02 12:46:49 +0000,count/min,108.0,2
HKQuantityTypeIdentifierHeartRate,PhysTrax Apple Watch,11.6.1,"Watch7,1","<<HKDevice: 0x133e95140>, name:Apple Watch, manufacturer:Apple Inc., model:Watch, hardware:Watch7,1, software:11.6.1, creation date:2025-09-13 14:18:16 +0000>",2025-10-02 12:46:54 +0000,2025-10-02 12:46:54 +0000,count/min,112.0,2
HKQuantityTypeIdentifierHeartRate,PhysTrax Apple Watch,11.6.1,"Watch7,1","<<HKDevice: 0x133e95140>, name:Apple Watch, manufacturer:Apple Inc., model:Watch, hardware:Watch7,1, software:11.6.1, creation date:2025-09-13 14:18:16 +0000>",2025-10-02 12:46:57 +0000,2025-10-02 12:46:57 +0000,count/min,108.0,2
HKQuantityTypeIdentifierHeartRate,PhysTrax Apple Watch,11.6.1,"Watch7,1","<<HKDevice: 0x133e95140>, name:Apple Watch, manufacturer:Apple Inc., model:Watch, hardware:Watch7,1, software:11.6.1, creation date:2025-09-13 14:18:16 +0000>",2025-10-02 12:47:02 +0000,2025-10-02 12:47:02 +0000,count/min,111.0,2
HKQuantityTypeIdentifierHeartRate,PhysTrax Apple Watch,11.6.1,"Watch7,1","<<HKDevice: 0x133e95140>, name:Apple Watch, manufacturer:Apple Inc., model:Watch, hardware:Watch7,1, software:11.6.1, creation date:2025-09-13 14:18:16 +0000>",2025-10-02 12:47:05 +0000,2025-10-02 12:47:05 +0000,count/min,106.0,2
HKQuantityTypeIdentifierHeartRate,PhysTrax Apple Watch,11.6.1,"Watch7,1","<<HKDevice: 0x133e95140>, name:Apple Watch, manufacturer:Apple Inc., model:Watch, hardware:Watch7,1, software:11.6.1, creation date:2025-09-13 14:18:16 +0000>",2025-10-02 12:47:11 +0000,2025-10-02 12:47:11 +0000,count/min,104.0,2
HKQuantityTypeIdentifierHeartRate,PhysTrax Apple Watch,11.6.1,"Watch7,1","<<HKDevice: 0x133e95140>, name:Apple Watch, manufacturer:Apple Inc., model:Watch, hardware:Watch7,1, software:11.6.1, creation date:2025-09-13 14:18:16 +0000>",2025-10-02 12:47:19 +0000,2025-10-02 12:47:19 +0000,count/min,106.0,2
HKQuantityTypeIdentifierHeartRate,PhysTrax Apple Watch,11.6.1,"Watch7,1","<<HKDevice: 0x133e95140>, name:Apple Watch, manufacturer:Apple Inc., model:Watch, hardware:Watch7,1, software:11.6.1, creation date:2025-09-13 14:18:16 +0000>",2025-10-02 12:47:20 +0000,2025-10-02 12:47:20 +0000,count/min,105.0,2
HKQuantityTypeIdentifierHeartRate,PhysTrax Apple Watch,11.6.1,"Watch7,1","<<HKDevice: 0x133e95140>, name:Apple Watch, manufacturer:Apple Inc., model:Watch, hardware:Watch7,1, software:11.6.1, creation date:2025-09-13 14:18:16 +0000>",2025-10-02 12:47:29 +0000,2025-10-02 12:47:29 +0000,count/min,108.0,2
HKQuantityTypeIdentifierHeartRate,PhysTrax Apple Watch,11.6.1,"Watch7,1","<<HKDevice: 0x133e95140>, name:Apple Watch, manufacturer:Apple Inc., model:Watch, hardware:Watch7,1, software:11.6.1, creation date:2025-09-13 14:18:16 +0000>",2025-10-02 12:47:30 +0000,2025-10-02 12:47:30 +0000,count/min,109.0,2
HKQuantityTypeIdentifierHeartRate,PhysTrax Apple Watch,11.6.1,"Watch7,1","<<HKDevice: 0x133e95140>, name:Apple Watch, manufacturer:Apple Inc., model:Watch, hardware:Watch7,1, software:11.6.1, creation date:2025-09-13 14:18:16 +0000>",2025-10-02 12:47:39 +0000,2025-10-02 12:47:39 +0000,count/min,110.0,2
HKQuantityTypeIdentifierHeartRate,PhysTrax Apple Watch,11.6.1,"Watch7,1","<<HKDevice: 0x133e95140>, name:Apple Watch, manufacturer:Apple Inc., model:Watch, hardware:Watch7,1, software:11.6.1, creation date:2025-09-13 14:18:16 +0000>",2025-10-02 12:47:44 +0000,2025-10-02 12:47:44 +0000,count/min,111.0,2
HKQuantityTypeIdentifierHeartRate,PhysTrax Apple Watch,11.6.1,"Watch7,1","<<HKDevice: 0x133e95140>, name:Apple Watch, manufacturer:Apple Inc., model:Watch, hardware:Watch7,1, software:11.6.1, creation date:2025-09-13 14:18:16 +0000>",2025-10-02 12:47:48 +0000,2025-10-02 12:47:48 +0000,count/min,110.0,2
HKQuantityTypeIdentifierHeartRate,PhysTrax Apple Watch,11.6.1,"Watch7,1","<<HKDevice: 0x133e95140>, name:Apple Watch, manufacturer:Apple Inc., model:Watch, hardware:Watch7,1, software:11.6.1, creation date:2025-09-13 14:18:16 +0000>",2025-10-02 12:47:50 +0000,2025-10-02 12:47:50 +0000,count/min,110.0,2
HKQuantityTypeIdentifierHeartRate,PhysTrax Apple Watch,11.6.1,"Watch7,1","<<HKDevice: 0x133e95140>, name:Apple Watch, manufacturer:Apple Inc., model:Watch, hardware:Watch7,1, software:11.6.1, creation date:2025-09-13 14:18:16 +0000>",2025-10-02 12:47:59 +0000,2025-10-02 12:47:59 +0000,count/min,110.0,2
HKQuantityTypeIdentifierHeartRate,PhysTrax Apple Watch,11.6.1,"Watch7,1","<<HKDevice: 0x133e95140>, name:Apple Watch, manufacturer:Apple Inc., model:Watch, hardware:Watch7,1, software:11.6.1, creation date:2025-09-13 14:18:16 +0000>",2025-10-02 12:48:04 +0000,2025-10-02 12:48:04 +0000,count/min,108.0,2
HKQuantityTypeIdentifierHeartRate,PhysTrax Apple Watch,11.6.1,"Watch7,1","<<HKDevice: 0x133e95140>, name:Apple Watch, manufacturer:Apple Inc., model:Watch, hardware:Watch7,1, software:11.6.1, creation date:2025-09-13 14:18:16 +0000>",2025-10-02 12:48:06 +0000,2025-10-02 12:48:06 +0000,count/min,107.00000000000001,2
HKQuantityTypeIdentifierHeartRate,PhysTrax Apple Watch,11.6.1,"Watch7,1","<<HKDevice: 0x133e95140>, name:Apple Watch, manufacturer:Apple Inc., model:Watch, hardware:Watch7,1, software:11.6.1, creation date:2025-09-13 14:18:16 +0000>",2025-10-02 12:48:10 +0000,2025-10-02 12:48:10 +0000,count/min,108.0,2
HKQuantityTypeIdentifierHeartRate,PhysTrax Apple Watch,11.6.1,"Watch7,1","<<HKDevice: 0x133e95140>, name:Apple Watch, manufacturer:Apple Inc., model:Watch, hardware:Watch7,1, software:11.6.1, creation date:2025-09-13 14:18:16 +0000>",2025-10-02 12:48:15 +0000,2025-10-02 12:48:15 +0000,count/min,110.0,2
HKQuantityTypeIdentifierHeartRate,PhysTrax Apple Watch,11.6.1,"Watch7,1","<<HKDevice: 0x133e95140>, name:Apple Watch, manufacturer:Apple Inc., model:Watch, hardware:Watch7,1, software:11.6.1, creation date:2025-09-13 14:18:16 +0000>",2025-10-02 12:48:23 +0000,2025-10-02 12:48:23 +0000,count/min,110.0,2
HKQuantityTypeIdentifierHeartRate,PhysTrax Apple Watch,11.6.1,"Watch7,1","<<HKDevice: 0x133e95140>, name:Apple Watch, manufacturer:Apple Inc., model:Watch, hardware:Watch7,1, software:11.6.1, creation date:2025-09-13 14:18:16 +0000>",2025-10-02 12:48:25 +0000,2025-10-02 12:48:25 +0000,count/min,109.0,2
HKQuantityTypeIdentifierHeartRate,PhysTrax Apple Watch,11.6.1,"Watch7,1","<<HKDevice: 0x133e95140>, name:Apple Watch, manufacturer:Apple Inc., model:Watch, hardware:Watch7,1, software:11.6.1, creation date:2025-09-13 14:18:16 +0000>",2025-10-02 12:48:34 +0000,2025-10-02 12:48:34 +0000,count/min,113.0,2
HKQuantityTypeIdentifierHeartRate,PhysTrax Apple Watch,11.6.1,"Watch7,1","<<HKDevice: 0x133e95140>, name:Apple Watch, manufacturer:Apple Inc., model:Watch, hardware:Watch7,1, software:11.6.1, creation date:2025-09-13 14:18:16 +0000>",2025-10-02 12:48:36 +0000,2025-10-02 12:48:36 +0000,count/min,112.0,2
HKQuantityTypeIdentifierHeartRate,PhysTrax Apple Watch,11.6.1,"Watch7,1","<<HKDevice: 0x133e95140>, name:Apple Watch, manufacturer:Apple Inc., model:Watch, hardware:Watch7,1, software:11.6.1, creation date:2025-09-13 14:18:16 +0000>",2025-10-02 12:48:41 +0000,2025-10-02 12:48:41 +0000,count/min,112.0,2
HKQuantityTypeIdentifierHeartRate,PhysTrax Apple Watch,11.6.1,"Watch7,1","<<HKDevice: 0x133e95140>, name:Apple Watch, manufacturer:Apple Inc., model:Watch, hardware:Watch7,1, software:11.6.1, creation date:2025-09-13 14:18:16 +0000>",2025-10-02 12:48:49 +0000,2025-10-02 12:48:49 +0000,count/min,113.0,2
HKQuantityTypeIdentifierHeartRate,PhysTrax Apple Watch,11.6.1,"Watch7,1","<<HKDevice: 0x133e95140>, name:Apple Watch, manufacturer:Apple Inc., model:Watch, hardware:Watch7,1, software:11.6.1, creation date:2025-09-13 14:18:16 +0000>",2025-10-02 12:48:50 +0000,2025-10-02 12:48:50 +0000,count/min,113.0,2
HKQuantityTypeIdentifierHeartRate,PhysTrax Apple Watch,11.6.1,"Watch7,1","<<HKDevice: 0x133e95140>, name:Apple Watch, manufacturer:Apple Inc., model:Watch, hardware:Watch7,1, software:11.6.1, creation date:2025-09-13 14:18:16 +0000>",2025-10-02 12:48:56 +0000,2025-10-02 12:48:56 +0000,count/min,115.0,2
HKQuantityTypeIdentifierHeartRate,PhysTrax Apple Watch,11.6.1,"Watch7,1","<<HKDevice: 0x133e95140>, name:Apple Watch, manufacturer:Apple Inc., model:Watch, hardware:Watch7,1, software:11.6.1, creation date:2025-09-13 14:18:16 +0000>",2025-10-02 12:49:04 +0000,2025-10-02 12:49:04 +0000,count/min,116.0,2
HKQuantityTypeIdentifierHeartRate,PhysTrax Apple Watch,11.6.1,"Watch7,1","<<HKDevice: 0x133e95140>, name:Apple Watch, manufacturer:Apple Inc., model:Watch, hardware:Watch7,1, software:11.6.1, creation date:2025-09-13 14:18:16 +0000>",2025-10-02 12:49:05 +0000,2025-10-02 12:49:05 +0000,count/min,117.0,2
HKQuantityTypeIdentifierHeartRate,PhysTrax Apple Watch,11.6.1,"Watch7,1","<<HKDevice: 0x133e95140>, name:Apple Watch, manufacturer:Apple Inc., model:Watch, hardware:Watch7,1, software:11.6.1, creation date:2025-09-13 14:18:16 +0000>",2025-10-02 12:49:10 +0000,2025-10-02 12:49:10 +0000,count/min,117.0,2
HKQuantityTypeIdentifierHeartRate,PhysTrax Apple Watch,11.6.1,"Watch7,1","<<HKDevice: 0x133e95140>, name:Apple Watch, manufacturer:Apple Inc., model:Watch, hardware:Watch7,1, software:11.6.1, creation date:2025-09-13 14:18:16 +0000>",2025-10-02 12:49:19 +0000,2025-10-02 12:49:19 +0000,count/min,115.0,2
HKQuantityTypeIdentifierHeartRate,PhysTrax Apple Watch,11.6.1,"Watch7,1","<<HKDevice: 0x133e95140>, name:Apple Watch, manufacturer:Apple Inc., model:Watch, hardware:Watch7,1, software:11.6.1, creation date:2025-09-13 14:18:16 +0000>",2025-10-02 12:49:20 +0000,2025-10-02 12:49:20 +0000,count/min,116.0,2
HKQuantityTypeIdentifierHeartRate,PhysTrax Apple Watch,11.6.1,"Watch7,1","<<HKDevice: 0x133e95140>, name:Apple Watch, manufacturer:Apple Inc., model:Watch, hardware:Watch7,1, software:11.6.1, creation date:2025-09-13 14:18:16 +0000>",2025-10-02 12:49:26 +0000,2025-10-02 12:49:26 +0000,count/min,114.0,2
HKQuantityTypeIdentifierHeartRate,PhysTrax Apple Watch,11.6.1,"Watch7,1","<<HKDevice: 0x133e95140>, name:Apple Watch, manufacturer:Apple Inc., model:Watch, hardware:Watch7,1, software:11.6.1, creation date:2025-09-13 14:18:16 +0000>",2025-10-02 12:49:34 +0000,2025-10-02 12:49:34 +0000,count/min,116.0,2
HKQuantityTypeIdentifierHeartRate,PhysTrax Apple Watch,11.6.1,"Watch7,1","<<HKDevice: 0x133e95140>, name:Apple Watch, manufacturer:Apple Inc., model:Watch, hardware:Watch7,1, software:11.6.1, creation date:2025-09-13 14:18:16 +0000>",2025-10-02 12:49:37 +0000,2025-10-02 12:49:37 +0000,count/min,116.0,2
HKQuantityTypeIdentifierHeartRate,PhysTrax Apple Watch,11.6.1,"Watch7,1","<<HKDevice: 0x133e95140>, name:Apple Watch, manufacturer:Apple Inc., model:Watch, hardware:Watch7,1, software:11.6.1, creation date:2025-09-13 14:18:16 +0000>",2025-10-02 12:49:43 +0000,2025-10-02 12:49:43 +0000,count/min,119.0,2
HKQuantityTypeIdentifierHeartRate,PhysTrax Apple Watch,11.6.1,"Watch7,1","<<HKDevice: 0x133e95140>, name:Apple Watch, manufacturer:Apple Inc., model:Watch, hardware:Watch7,1, software:11.6.1, creation date:2025-09-13 14:18:16 +0000>",2025-10-02 12:49:48 +0000,2025-10-02 12:49:48 +0000,count/min,119.0,2
HKQuantityTypeIdentifierHeartRate,PhysTrax Apple Watch,11.6.1,"Watch7,1","<<HKDevice: 0x133e95140>, name:Apple Watch, manufacturer:Apple Inc., model:Watch, hardware:Watch7,1, software:11.6.1, creation date:2025-09-13 14:18:16 +0000>",2025-10-02 12:49:50 +0000,2025-10-02 12:49:50 +0000,count/min,119.0,2
HKQuantityTypeIdentifierHeartRate,PhysTrax Apple Watch,11.6.1,"Watch7,1","<<HKDevice: 0x133e95140>, name:Apple Watch, manufacturer:Apple Inc., model:Watch, hardware:Watch7,1, software:11.6.1, creation date:2025-09-13 14:18:16 +0000>",2025-10-02 12:49:56 +0000,2025-10-02 12:49:56 +0000,count/min,117.0,2
HKQuantityTypeIdentifierHeartRate,PhysTrax Apple Watch,11.6.1,"Watch7,1","<<HKDevice: 0x133e95140>, name:Apple Watch, manufacturer:Apple Inc., model:Watch, hardware:Watch7,1, software:11.6.1, creation date:2025-09-13 14:18:16 +0000>",2025-10-02 12:50:04 +0000,2025-10-02 12:50:04 +0000,count/min,116.0,2
HKQuantityTypeIdentifierHeartRate,PhysTrax Apple Watch,11.6.1,"Watch7,1","<<HKDevice: 0x133e95140>, name:Apple Watch, manufacturer:Apple Inc., model:Watch, hardware:Watch7,1, software:11.6.1, creation date:2025-09-13 14:18:16 +0000>",2025-10-02 12:50:06 +0000,2025-10-02 12:50:06 +0000,count/min,117.0,2
HKQuantityTypeIdentifierHeartRate,PhysTrax Apple Watch,11.6.1,"Watch7,1","<<HKDevice: 0x133e94060>, name:Apple Watch, manufacturer:Apple Inc., model:Watch, hardware:Watch7,1, software:11.6.1, creation date:2025-09-13 14:18:16 +0000>",2025-10-02 12:50:10 +0000,2025-10-02 12:50:10 +0000,count/min,117.0,2
HKQuantityTypeIdentifierHeartRate,PhysTrax Apple Watch,11.6.1,"Watch7,1","<<HKDevice: 0x133e94060>, name:Apple Watch, manufacturer:Apple Inc., model:Watch, hardware:Watch7,1, software:11.6.1, creation date:2025-09-13 14:18:16 +0000>",2025-10-02 12:50:16 +0000,2025-10-02 12:50:16 +0000,count/min,117.0,2
HKQuantityTypeIdentifierHeartRate,PhysTrax Apple Watch,11.6.1,"Watch7,1","<<HKDevice: 0x133e94060>, name:Apple Watch, manufacturer:Apple Inc., model:Watch, hardware:Watch7,1, software:11.6.1, creation date:2025-09-13 14:18:16 +0000>",2025-10-02 12:50:23 +0000,2025-10-02 12:50:23 +0000,count/min,116.0,2
HKQuantityTypeIdentifierHeartRate,PhysTrax Apple Watch,11.6.1,"Watch7,1","<<HKDevice: 0x133e94060>, name:Apple Watch, manufacturer:Apple Inc., model:Watch, hardware:Watch7,1, software:11.6.1, creation date:2025-09-13 14:18:16 +0000>",2025-10-02 12:50:29 +0000,2025-10-02 12:50:29 +0000,count/min,118.0,2
HKQuantityTypeIdentifierHeartRate,PhysTrax Apple Watch,11.6.1,"Watch7,1","<<HKDevice: 0x133e94060>, name:Apple Watch, manufacturer:Apple Inc., model:Watch, hardware:Watch7,1, software:11.6.1, creation date:2025-09-13 14:18:16 +0000>",2025-10-02 12:50:33 +0000,2025-10-02 12:50:33 +0000,count/min,119.0,2
HKQuantityTypeIdentifierHeartRate,PhysTrax Apple Watch,11.6.1,"Watch7,1","<<HKDevice: 0x133e94060>, name:Apple Watch, manufacturer:Apple Inc., model:Watch, hardware:Watch7,1, software:11.6.1, creation date:2025-09-13 14:18:16 +0000>",2025-10-02 12:50:36 +0000,2025-10-02 12:50:36 +0000,count/min,118.0,2
HKQuantityTypeIdentifierHeartRate,PhysTrax Apple Watch,11.6.1,"Watch7,1","<<HKDevice: 0x133e94060>, name:Apple Watch, manufacturer:Apple Inc., model:Watch, hardware:Watch7,1, software:11.6.1, creation date:2025-09-13 14:18:16 +0000>",2025-10-02 12:50:42 +0000,2025-10-02 12:50:42 +0000,count/min,116.0,2
HKQuantityTypeIdentifierHeartRate,PhysTrax Apple Watch,11.6.1,"Watch7,1","<<HKDevice: 0x133e94060>, name:Apple Watch, manufacturer:Apple Inc., model:Watch, hardware:Watch7,1, software:11.6.1, creation date:2025-09-13 14:18:16 +0000>",2025-10-02 12:50:47 +0000,2025-10-02 12:50:47 +0000,count/min,116.0,2
HKQuantityTypeIdentifierHeartRate,PhysTrax Apple Watch,11.6.1,"Watch7,1","<<HKDevice: 0x133e94060>, name:Apple Watch, manufacturer:Apple Inc., model:Watch, hardware:Watch7,1, software:11.6.1, creation date:2025-09-13 14:18:16 +0000>",2025-10-02 12:50:50 +0000,2025-10-02 12:50:50 +0000,count/min,116.0,2
HKQuantityTypeIdentifierHeartRate,PhysTrax Apple Watch,11.6.1,"Watch7,1","<<HKDevice: 0x133e94060>, name:Apple Watch, manufacturer:Apple Inc., model:Watch, hardware:Watch7,1, software:11.6.1, creation date:2025-09-13 14:18:16 +0000>",2025-10-02 12:50:58 +0000,2025-10-02 12:50:58 +0000,count/min,113.0,2
HKQuantityTypeIdentifierHeartRate,PhysTrax Apple Watch,11.6.1,"Watch7,1","<<HKDevice: 0x133e94060>, name:Apple Watch, manufacturer:Apple Inc., model:Watch, hardware:Watch7,1, software:11.6.1, creation date:2025-09-13 14:18:16 +0000>",2025-10-02 12:51:00 +0000,2025-10-02 12:51:00 +0000,count/min,112.0,2
HKQuantityTypeIdentifierHeartRate,PhysTrax Apple Watch,11.6.1,"Watch7,1","<<HKDevice: 0x133e94060>, name:Apple Watch, manufacturer:Apple Inc., model:Watch, hardware:Watch7,1, software:11.6.1, creation date:2025-09-13 14:18:16 +0000>",2025-10-02 12:51:07 +0000,2025-10-02 12:51:07 +0000,count/min,113.0,2
HKQuantityTypeIdentifierHeartRate,PhysTrax Apple Watch,11.6.1,"Watch7,1","<<HKDevice: 0x133e94060>, name:Apple Watch, manufacturer:Apple Inc., model:Watch, hardware:Watch7,1, software:11.6.1, creation date:2025-09-13 14:18:16 +0000>",2025-10-02 12:51:14 +0000,2025-10-02 12:51:14 +0000,count/min,113.0,2
HKQuantityTypeIdentifierHeartRate,PhysTrax Apple Watch,11.6.1,"Watch7,1","<<HKDevice: 0x133e94060>, name:Apple Watch, manufacturer:Apple Inc., model:Watch, hardware:Watch7,1, software:11.6.1, creation date:2025-09-13 14:18:16 +0000>",2025-10-02 12:51:15 +0000,2025-10-02 12:51:15 +0000,count/min,113.0,2
HKQuantityTypeIdentifierHeartRate,PhysTrax Apple Watch,11.6.1,"Watch7,1","<<HKDevice: 0x133e94060>, name:Apple Watch, manufacturer:Apple Inc., model:Watch, hardware:Watch7,1, software:11.6.1, creation date:2025-09-13 14:18:16 +0000>",2025-10-02 12:51:22 +0000,2025-10-02 12:51:22 +0000,count/min,113.0,2
HKQuantityTypeIdentifierHeartRate,PhysTrax Apple Watch,11.6.1,"Watch7,1","<<HKDevice: 0x133e94060>, name:Apple Watch, manufacturer:Apple Inc., model:Watch, hardware:Watch7,1, software:11.6.1, creation date:2025-09-13 14:18:16 +0000>",2025-10-02 12:51:25 +0000,2025-10-02 12:51:25 +0000,count/min,112.0,2
HKQuantityTypeIdentifierHeartRate,PhysTrax Apple Watch,11.6.1,"Watch7,1","<<HKDevice: 0x133e94060>, name:Apple Watch, manufacturer:Apple Inc., model:Watch, hardware:Watch7,1, software:11.6.1, creation date:2025-09-13 14:18:16 +0000>",2025-10-02 12:51:33 +0000,2025-10-02 12:51:33 +0000,count/min,112.0,2
HKQuantityTypeIdentifierHeartRate,PhysTrax Apple Watch,11.6.1,"Watch7,1","<<HKDevice: 0x133e94060>, name:Apple Watch, manufacturer:Apple Inc., model:Watch, hardware:Watch7,1, software:11.6.1, creation date:2025-09-13 14:18:16 +0000>",2025-10-02 12:51:36 +0000,2025-10-02 12:51:36 +0000,count/min,111.0,2
HKQuantityTypeIdentifierHeartRate,PhysTrax Apple Watch,11.6.1,"Watch7,1","<<HKDevice: 0x133e94060>, name:Apple Watch, manufacturer:Apple Inc., model:Watch, hardware:Watch7,1, software:11.6.1, creation date:2025-09-13 14:18:16 +0000>",2025-10-02 12:51:41 +0000,2025-10-02 12:51:41 +0000,count/min,111.0,2
HKQuantityTypeIdentifierHeartRate,PhysTrax Apple Watch,11.6.1,"Watch7,1","<<HKDevice: 0x133e94060>, name:Apple Watch, manufacturer:Apple Inc., model:Watch, hardware:Watch7,1, software:11.6.1, creation date:2025-09-13 14:18:16 +0000>",2025-10-02 12:51:47 +0000,2025-10-02 12:51:47 +0000,count/min,111.0,2
HKQuantityTypeIdentifierHeartRate,PhysTrax Apple Watch,11.6.1,"Watch7,1","<<HKDevice: 0x133e94060>, name:Apple Watch, manufacturer:Apple Inc., model:Watch, hardware:Watch7,1, software:11.6.1, creation date:2025-09-13 14:18:16 +0000>",2025-10-02 12:51:54 +0000,2025-10-02 12:51:54 +0000,count/min,114.0,2
HKQuantityTypeIdentifierHeartRate,PhysTrax Apple Watch,11.6.1,"Watch7,1","<<HKDevice: 0x133e94060>, name:Apple Watch, manufacturer:Apple Inc., model:Watch, hardware:Watch7,1, software:11.6.1, creation date:2025-09-13 14:18:16 +0000>",2025-10-02 12:51:56 +0000,2025-10-02 12:51:56 +0000,count/min,115.0,2
HKQuantityTypeIdentifierHeartRate,PhysTrax Apple Watch,11.6.1,"Watch7,1","<<HKDevice: 0x133e94060>, name:Apple Watch, manufacturer:Apple Inc., model:Watch, hardware:Watch7,1, software:11.6.1, creation date:2025-09-13 14:18:16 +0000>",2025-10-02 12:52:04 +0000,2025-10-02 12:52:04 +0000,count/min,116.0,2
HKQuantityTypeIdentifierHeartRate,PhysTrax Apple Watch,11.6.1,"Watch7,1","<<HKDevice: 0x133e94060>, name:Apple Watch, manufacturer:Apple Inc., model:Watch, hardware:Watch7,1, software:11.6.1, creation date:2025-09-13 14:18:16 +0000>",2025-10-02 12:52:08 +0000,2025-10-02 12:52:08 +0000,count/min,119.0,2
HKQuantityTypeIdentifierHeartRate,PhysTrax Apple Watch,11.6.1,"Watch7,1","<<HKDevice: 0x133e94060>, name:Apple Watch, manufacturer:Apple Inc., model:Watch, hardware:Watch7,1, software:11.6.1, creation date:2025-09-13 14:18:16 +0000>",2025-10-02 12:52:10 +0000,2025-10-02 12:52:10 +0000,count/min,120.0,2
HKQuantityTypeIdentifierHeartRate,PhysTrax Apple Watch,11.6.1,"Watch7,1","<<HKDevice: 0x133e94060>, name:Apple Watch, manufacturer:Apple Inc., model:Watch, hardware:Watch7,1, software:11.6.1, creation date:2025-09-13 14:18:16 +0000>",2025-10-02 12:52:19 +0000,2025-10-02 12:52:19 +0000,count/min,125.00000000000001,2
HKQuantityTypeIdentifierHeartRate,PhysTrax Apple Watch,11.6.1,"Watch7,1","<<HKDevice: 0x133e94060>, name:Apple Watch, manufacturer:Apple Inc., model:Watch, hardware:Watch7,1, software:11.6.1, creation date:2025-09-13 14:18:16 +0000>",2025-10-02 12:52:20 +0000,2025-10-02 12:52:20 +0000,count/min,125.00000000000001,2
HKQuantityTypeIdentifierHeartRate,PhysTrax Apple Watch,11.6.1,"Watch7,1","<<HKDevice: 0x133e94060>, name:Apple Watch, manufacturer:Apple Inc., model:Watch, hardware:Watch7,1, software:11.6.1, creation date:2025-09-13 14:18:16 +0000>",2025-10-02 12:52:25 +0000,2025-10-02 12:52:25 +0000,count/min,125.00000000000001,2
HKQuantityTypeIdentifierHeartRate,PhysTrax Apple Watch,11.6.1,"Watch7,1","<<HKDevice: 0x133e94060>, name:Apple Watch, manufacturer:Apple Inc., model:Watch, hardware:Watch7,1, software:11.6.1, creation date:2025-09-13 14:18:16 +0000>",2025-10-02 12:52:32 +0000,2025-10-02 12:52:32 +0000,count/min,125.00000000000001,2
HKQuantityTypeIdentifierHeartRate,PhysTrax Apple Watch,11.6.1,"Watch7,1","<<HKDevice: 0x133e94060>, name:Apple Watch, manufacturer:Apple Inc., model:Watch, hardware:Watch7,1, software:11.6.1, creation date:2025-09-13 14:18:16 +0000>",2025-10-02 12:52:35 +0000,2025-10-02 12:52:35 +0000,count/min,124.00000000000001,2
HKQuantityTypeIdentifierHeartRate,PhysTrax Apple Watch,11.6.1,"Watch7,1","<<HKDevice: 0x133e94060>, name:Apple Watch, manufacturer:Apple Inc., model:Watch, hardware:Watch7,1, software:11.6.1, creation date:2025-09-13 14:18:16 +0000>",2025-10-02 12:52:44 +0000,2025-10-02 12:52:44 +0000,count/min,127.0,2
HKQuantityTypeIdentifierHeartRate,PhysTrax Apple Watch,11.6.1,"Watch7,1","<<HKDevice: 0x133e94060>, name:Apple Watch, manufacturer:Apple Inc., model:Watch, hardware:Watch7,1, software:11.6.1, creation date:2025-09-13 14:18:16 +0000>",2025-10-02 12:52:49 +0000,2025-10-02 12:52:49 +0000,count/min,126.0,2
HKQuantityTypeIdentifierHeartRate,PhysTrax Apple Watch,11.6.1,"Watch7,1","<<HKDevice: 0x133e94060>, name:Apple Watch, manufacturer:Apple Inc., model:Watch, hardware:Watch7,1, software:11.6.1, creation date:2025-09-13 14:18:16 +0000>",2025-10-02 12:52:53 +0000,2025-10-02 12:52:53 +0000,count/min,127.0,2
HKQuantityTypeIdentifierHeartRate,PhysTrax Apple Watch,11.6.1,"Watch7,1","<<HKDevice: 0x133e94060>, name:Apple Watch, manufacturer:Apple Inc., model:Watch, hardware:Watch7,1, software:11.6.1, creation date:2025-09-13 14:18:16 +0000>",2025-10-02 12:52:59 +0000,2025-10-02 12:52:59 +0000,count/min,128.0,2
HKQuantityTypeIdentifierHeartRate,PhysTrax Apple Watch,11.6.1,"Watch7,1","<<HKDevice: 0x133e94060>, name:Apple Watch, manufacturer:Apple Inc., model:Watch, hardware:Watch7,1, software:11.6.1, creation date:2025-09-13 14:18:16 +0000>",2025-10-02 12:53:00 +0000,2025-10-02 12:53:00 +0000,count/min,127.0,2
HKQuantityTypeIdentifierHeartRate,PhysTrax Apple Watch,11.6.1,"Watch7,1","<<HKDevice: 0x133e94060>, name:Apple Watch, manufacturer:Apple Inc., model:Watch, hardware:Watch7,1, software:11.6.1, creation date:2025-09-13 14:18:16 +0000>",2025-10-02 12:53:05 +0000,2025-10-02 12:53:05 +0000,count/min,121.0,2
HKQuantityTypeIdentifierHeartRate,PhysTrax Apple Watch,11.6.1,"Watch7,1","<<HKDevice: 0x133e94060>, name:Apple Watch, manufacturer:Apple Inc., model:Watch, hardware:Watch7,1, software:11.6.1, creation date:2025-09-13 14:18:16 +0000>",2025-10-02 12:53:14 +0000,2025-10-02 12:53:14 +0000,count/min,130.0,2
HKQuantityTypeIdentifierHeartRate,PhysTrax Apple Watch,11.6.1,"Watch7,1","<<HKDevice: 0x133e94060>, name:Apple Watch, manufacturer:Apple Inc., model:Watch, hardware:Watch7,1, software:11.6.1, creation date:2025-09-13 14:18:16 +0000>",2025-10-02 12:53:15 +0000,2025-10-02 12:53:15 +0000,count/min,129.0,2
HKQuantityTypeIdentifierHeartRate,PhysTrax Apple Watch,11.6.1,"Watch7,1","<<HKDevice: 0x133e94060>, name:Apple Watch, manufacturer:Apple Inc., model:Watch, hardware:Watch7,1, software:11.6.1, creation date:2025-09-13 14:18:16 +0000>",2025-10-02 12:53:24 +0000,2025-10-02 12:53:24 +0000,count/min,125.00000000000001,2
HKQuantityTypeIdentifierHeartRate,PhysTrax Apple Watch,11.6.1,"Watch7,1","<<HKDevice: 0x133e94060>, name:Apple Watch, manufacturer:Apple Inc., model:Watch, hardware:Watch7,1, software:11.6.1, creation date:2025-09-13 14:18:16 +0000>",2025-10-02 12:53:29 +0000,2025-10-02 12:53:29 +0000,count/min,119.0,2
HKQuantityTypeIdentifierHeartRate,PhysTrax Apple Watch,11.6.1,"Watch7,1","<<HKDevice: 0x133e94060>, name:Apple Watch, manufacturer:Apple Inc., model:Watch, hardware:Watch7,1, software:11.6.1, creation date:2025-09-13 14:18:16 +0000>",2025-10-02 12:53:31 +0000,2025-10-02 12:53:31 +0000,count/min,120.0,2
HKQuantityTypeIdentifierHeartRate,PhysTrax Apple Watch,11.6.1,"Watch7,1","<<HKDevice: 0x133e94060>, name:Apple Watch, manufacturer:Apple Inc., model:Watch, hardware:Watch7,1, software:11.6.1, creation date:2025-09-13 14:18:16 +0000>",2025-10-02 12:53:35 +0000,2025-10-02 12:53:35 +0000,count/min,122.0,2
HKQuantityTypeIdentifierHeartRate,PhysTrax Apple Watch,11.6.1,"Watch7,1","<<HKDevice: 0x133e94060>, name:Apple Watch, manufacturer:Apple Inc., model:Watch, hardware:Watch7,1, software:11.6.1, creation date:2025-09-13 14:18:16 +0000>",2025-10-02 12:53:44 +0000,2025-10-02 12:53:44 +0000,count/min,124.00000000000001,2
HKQuantityTypeIdentifierHeartRate,PhysTrax Apple Watch,11.6.1,"Watch7,1","<<HKDevice: 0x133e94060>, name:Apple Watch, manufacturer:Apple Inc., model:Watch, hardware:Watch7,1, software:11.6.1, creation date:2025-09-13 14:18:16 +0000>",2025-10-02 12:53:46 +0000,2025-10-02 12:53:46 +0000,count/min,122.99999999999999,2
HKQuantityTypeIdentifierHeartRate,PhysTrax Apple Watch,11.6.1,"Watch7,1","<<HKDevice: 0x133e94060>, name:Apple Watch, manufacturer:Apple Inc., model:Watch, hardware:Watch7,1, software:11.6.1, creation date:2025-09-13 14:18:16 +0000>",2025-10-02 12:53:50 +0000,2025-10-02 12:53:50 +0000,count/min,120.0,2
HKQuantityTypeIdentifierHeartRate,PhysTrax Apple Watch,11.6.1,"Watch7,1","<<HKDevice: 0x133e94060>, name:Apple Watch, manufacturer:Apple Inc., model:Watch, hardware:Watch7,1, software:11.6.1, creation date:2025-09-13 14:18:16 +0000>",2025-10-02 12:53:59 +0000,2025-10-02 12:53:59 +0000,count/min,113.0,2
HKQuantityTypeIdentifierHeartRate,PhysTrax Apple Watch,11.6.1,"Watch7,1","<<HKDevice: 0x133e94060>, name:Apple Watch, manufacturer:Apple Inc., model:Watch, hardware:Watch7,1, software:11.6.1, creation date:2025-09-13 14:18:16 +0000>",2025-10-02 12:54:02 +0000,2025-10-02 12:54:02 +0000,count/min,111.0,2
HKQuantityTypeIdentifierHeartRate,PhysTrax Apple Watch,11.6.1,"Watch7,1","<<HKDevice: 0x133e94060>, name:Apple Watch, manufacturer:Apple Inc., model:Watch, hardware:Watch7,1, software:11.6.1, creation date:2025-09-13 14:18:16 +0000>",2025-10-02 12:54:05 +0000,2025-10-02 12:54:05 +0000,count/min,111.0,2
HKQuantityTypeIdentifierHeartRate,PhysTrax Apple Watch,11.6.1,"Watch7,1","<<HKDevice: 0x133e94060>, name:Apple Watch, manufacturer:Apple Inc., model:Watch, hardware:Watch7,1, software:11.6.1, creation date:2025-09-13 14:18:16 +0000>",2025-10-02 12:54:10 +0000,2025-10-02 12:54:10 +0000,count/min,111.0,2
HKQuantityTypeIdentifierHeartRate,PhysTrax Apple Watch,11.6.1,"Watch7,1","<<HKDevice: 0x133e94060>, name:Apple Watch, manufacturer:Apple Inc., model:Watch, hardware:Watch7,1, software:11.6.1, creation date:2025-09-13 14:18:16 +0000>",2025-10-02 12:54:15 +0000,2025-10-02 12:54:15 +0000,count/min,111.0,2
HKQuantityTypeIdentifierHeartRate,PhysTrax Apple Watch,11.6.1,"Watch7,1","<<HKDevice: 0x133e94060>, name:Apple Watch, manufacturer:Apple Inc., model:Watch, hardware:Watch7,1, software:11.6.1, creation date:2025-09-13 14:18:16 +0000>",2025-10-02 12:54:24 +0000,2025-10-02 12:54:24 +0000,count/min,112.0,2
HKQuantityTypeIdentifierHeartRate,PhysTrax Apple Watch,11.6.1,"Watch7,1","<<HKDevice: 0x133e94060>, name:Apple Watch, manufacturer:Apple Inc., model:Watch, hardware:Watch7,1, software:11.6.1, creation date:2025-09-13 14:18:16 +0000>",2025-10-02 12:54:25 +0000,2025-10-02 12:54:25 +0000,count/min,112.0,2
HKQuantityTypeIdentifierHeartRate,PhysTrax Apple Watch,11.6.1,"Watch7,1","<<HKDevice: 0x133e94060>, name:Apple Watch, manufacturer:Apple Inc., model:Watch, hardware:Watch7,1, software:11.6.1, creation date:2025-09-13 14:18:16 +0000>",2025-10-02 12:54:31 +0000,2025-10-02 12:54:31 +0000,count/min,111.0,2
HKQuantityTypeIdentifierHeartRate,PhysTrax Apple Watch,11.6.1,"Watch7,1","<<HKDevice: 0x133e94060>, name:Apple Watch, manufacturer:Apple Inc., model:Watch, hardware:Watch7,1, software:11.6.1, creation date:2025-09-13 14:18:16 +0000>",2025-10-02 12:54:38 +0000,2025-10-02 12:54:38 +0000,count/min,111.0,2
HKQuantityTypeIdentifierHeartRate,PhysTrax Apple Watch,11.6.1,"Watch7,1","<<HKDevice: 0x133e94060>, name:Apple Watch, manufacturer:Apple Inc., model:Watch, hardware:Watch7,1, software:11.6.1, creation date:2025-09-13 14:18:16 +0000>",2025-10-02 12:54:40 +0000,2025-10-02 12:54:40 +0000,count/min,112.0,2
HKQuantityTypeIdentifierHeartRate,PhysTrax Apple Watch,11.6.1,"Watch7,1","<<HKDevice: 0x133e94060>, name:Apple Watch, manufacturer:Apple Inc., model:Watch, hardware:Watch7,1, software:11.6.1, creation date:2025-09-13 14:18:16 +0000>",2025-10-02 12:54:49 +0000,2025-10-02 12:54:49 +0000,count/min,112.0,2
HKQuantityTypeIdentifierHeartRate,PhysTrax Apple Watch,11.6.1,"Watch7,1","<<HKDevice: 0x133e94060>, name:Apple Watch, manufacturer:Apple Inc., model:Watch, hardware:Watch7,1, software:11.6.1, creation date:2025-09-13 14:18:16 +0000>",2025-10-02 12:55:04 +0000,2025-10-02 12:55:04 +0000,count/min,114.0,2
HKQuantityTypeIdentifierHeartRate,PhysTrax Apple Watch,11.6.1,"Watch7,1","<<HKDevice: 0x133e94060>, name:Apple Watch, manufacturer:Apple Inc., model:Watch, hardware:Watch7,1, software:11.6.1, creation date:2025-09-13 14:18:16 +0000>",2025-10-02 12:55:08 +0000,2025-10-02 12:55:08 +0000,count/min,111.0,2
HKQuantityTypeIdentifierHeartRate,PhysTrax Apple Watch,11.6.1,"Watch7,1","<<HKDevice: 0x133e94060>, name:Apple Watch, manufacturer:Apple Inc., model:Watch, hardware:Watch7,1, software:11.6.1, creation date:2025-09-13 14:18:16 +0000>",2025-10-02 12:55:14 +0000,2025-10-02 12:55:14 +0000,count/min,112.0,2
HKQuantityTypeIdentifierHeartRate,PhysTrax Apple Watch,11.6.1,"Watch7,1","<<HKDevice: 0x133e94060>, name:Apple Watch, manufacturer:Apple Inc., model:Watch, hardware:Watch7,1, software:11.6.1, creation date:2025-09-13 14:18:16 +0000>",2025-10-02 12:55:15 +0000,2025-10-02 12:55:15 +0000,count/min,113.0,2
HKQuantityTypeIdentifierHeartRate,PhysTrax Apple Watch,11.6.1,"Watch7,1","<<HKDevice: 0x133e94060>, name:Apple Watch, manufacturer:Apple Inc., model:Watch, hardware:Watch7,1, software:11.6.1, creation date:2025-09-13 14:18:16 +0000>",2025-10-02 12:55:23 +0000,2025-10-02 12:55:23 +0000,count/min,110.0,2
HKQuantityTypeIdentifierHeartRate,PhysTrax Apple Watch,11.6.1,"Watch7,1","<<HKDevice: 0x133e94060>, name:Apple Watch, manufacturer:Apple Inc., model:Watch, hardware:Watch7,1, software:11.6.1, creation date:2025-09-13 14:18:16 +0000>",2025-10-02 12:55:29 +0000,2025-10-02 12:55:29 +0000,count/min,109.0,2
HKQuantityTypeIdentifierHeartRate,PhysTrax Apple Watch,11.6.1,"Watch7,1","<<HKDevice: 0x133e94060>, name:Apple Watch, manufacturer:Apple Inc., model:Watch, hardware:Watch7,1, software:11.6.1, creation date:2025-09-13 14:18:16 +0000>",2025-10-02 12:55:30 +0000,2025-10-02 12:55:30 +0000,count/min,110.0,2
HKQuantityTypeIdentifierHeartRate,PhysTrax Apple Watch,11.6.1,"Watch7,1","<<HKDevice: 0x133e94060>, name:Apple Watch, manufacturer:Apple Inc., model:Watch, hardware:Watch7,1, software:11.6.1, creation date:2025-09-13 14:18:16 +0000>",2025-10-02 12:55:39 +0000,2025-10-02 12:55:39 +0000,count/min,107.00000000000001,2
HKQuantityTypeIdentifierHeartRate,PhysTrax Apple Watch,11.6.1,"Watch7,1","<<HKDevice: 0x133e94060>, name:Apple Watch, manufacturer:Apple Inc., model:Watch, hardware:Watch7,1, software:11.6.1, creation date:2025-09-13 14:18:16 +0000>",2025-10-02 12:55:44 +0000,2025-10-02 12:55:44 +0000,count/min,108.0,2
HKQuantityTypeIdentifierHeartRate,PhysTrax Apple Watch,11.6.1,"Watch7,1","<<HKDevice: 0x133e94060>, name:Apple Watch, manufacturer:Apple Inc., model:Watch, hardware:Watch7,1, software:11.6.1, creation date:2025-09-13 14:18:16 +0000>",2025-10-02 12:55:45 +0000,2025-10-02 12:55:45 +0000,count/min,109.0,2
HKQuantityTypeIdentifierHeartRate,PhysTrax Apple Watch,11.6.1,"Watch7,1","<<HKDevice: 0x133e94060>, name:Apple Watch, manufacturer:Apple Inc., model:Watch, hardware:Watch7,1, software:11.6.1, creation date:2025-09-13 14:18:16 +0000>",2025-10-02 12:55:50 +0000,2025-10-02 12:55:50 +0000,count/min,111.0,2
HKQuantityTypeIdentifierHeartRate,PhysTrax Apple Watch,11.6.1,"Watch7,1","<<HKDevice: 0x133e94060>, name:Apple Watch, manufacturer:Apple Inc., model:Watch, hardware:Watch7,1, software:11.6.1, creation date:2025-09-13 14:18:16 +0000>",2025-10-02 12:55:59 +0000,2025-10-02 12:55:59 +0000,count/min,110.0,2
HKQuantityTypeIdentifierHeartRate,PhysTrax Apple Watch,11.6.1,"Watch7,1","<<HKDevice: 0x133e94060>, name:Apple Watch, manufacturer:Apple Inc., model:Watch, hardware:Watch7,1, software:11.6.1, creation date:2025-09-13 14:18:16 +0000>",2025-10-02 12:56:04 +0000,2025-10-02 12:56:04 +0000,count/min,101.0,2
HKQuantityTypeIdentifierHeartRate,PhysTrax Apple Watch,11.6.1,"Watch7,1","<<HKDevice: 0x133e94060>, name:Apple Watch, manufacturer:Apple Inc., model:Watch, hardware:Watch7,1, software:11.6.1, creation date:2025-09-13 14:18:16 +0000>",2025-10-02 12:56:09 +0000,2025-10-02 12:56:09 +0000,count/min,104.0,2
HKQuantityTypeIdentifierHeartRate,PhysTrax Apple Watch,11.6.1,"Watch7,1","<<HKDevice: 0x133e94060>, name:Apple Watch, manufacturer:Apple Inc., model:Watch, hardware:Watch7,1, software:11.6.1, creation date:2025-09-13 14:18:16 +0000>",2025-10-02 12:56:10 +0000,2025-10-02 12:56:10 +0000,count/min,104.0,2
HKQuantityTypeIdentifierHeartRate,PhysTrax Apple Watch,11.6.1,"Watch7,1","<<HKDevice: 0x133e94060>, name:Apple Watch, manufacturer:Apple Inc., model:Watch, hardware:Watch7,1, software:11.6.1, creation date:2025-09-13 14:18:16 +0000>",2025-10-02 12:56:19 +0000,2025-10-02 12:56:19 +0000,count/min,105.0,2
HKQuantityTypeIdentifierHeartRate,PhysTrax Apple Watch,11.6.1,"Watch7,1","<<HKDevice: 0x133e94060>, name:Apple Watch, manufacturer:Apple Inc., model:Watch, hardware:Watch7,1, software:11.6.1, creation date:2025-09-13 14:18:16 +0000>",2025-10-02 12:56:22 +0000,2025-10-02 12:56:22 +0000,count/min,106.0,2
HKQuantityTypeIdentifierHeartRate,PhysTrax Apple Watch,11.6.1,"Watch7,1","<<HKDevice: 0x133e94060>, name:Apple Watch, manufacturer:Apple Inc., model:Watch, hardware:Watch7,1, software:11.6.1, creation date:2025-09-13 14:18:16 +0000>",2025-10-02 12:56:29 +0000,2025-10-02 12:56:29 +0000,count/min,109.0,2
HKQuantityTypeIdentifierHeartRate,PhysTrax Apple Watch,11.6.1,"Watch7,1","<<HKDevice: 0x133e94060>, name:Apple Watch, manufacturer:Apple Inc., model:Watch, hardware:Watch7,1, software:11.6.1, creation date:2025-09-13 14:18:16 +0000>",2025-10-02 12:56:30 +0000,2025-10-02 12:56:30 +0000,count/min,109.0,2
HKQuantityTypeIdentifierHeartRate,PhysTrax Apple Watch,11.6.1,"Watch7,1","<<HKDevice: 0x133e94060>, name:Apple Watch, manufacturer:Apple Inc., model:Watch, hardware:Watch7,1, software:11.6.1, creation date:2025-09-13 14:18:16 +0000>",2025-10-02 12:56:35 +0000,2025-10-02 12:56:35 +0000,count/min,107.00000000000001,2
HKQuantityTypeIdentifierHeartRate,PhysTrax Apple Watch,11.6.1,"Watch7,1","<<HKDevice: 0x133e94060>, name:Apple Watch, manufacturer:Apple Inc., model:Watch, hardware:Watch7,1, software:11.6.1, creation date:2025-09-13 14:18:16 +0000>",2025-10-02 12:56:40 +0000,2025-10-02 12:56:40 +0000,count/min,109.0,2
HKQuantityTypeIdentifierHeartRate,PhysTrax Apple Watch,11.6.1,"Watch7,1","<<HKDevice: 0x133e94060>, name:Apple Watch, manufacturer:Apple Inc., model:Watch, hardware:Watch7,1, software:11.6.1, creation date:2025-09-13 14:18:16 +0000>",2025-10-02 12:56:49 +0000,2025-10-02 12:56:49 +0000,count/min,104.0,2
HKQuantityTypeIdentifierHeartRate,PhysTrax Apple Watch,11.6.1,"Watch7,1","<<HKDevice: 0x133e94060>, name:Apple Watch, manufacturer:Apple Inc., model:Watch, hardware:Watch7,1, software:11.6.1, creation date:2025-09-13 14:18:16 +0000>",2025-10-02 12:56:52 +0000,2025-10-02 12:56:52 +0000,count/min,103.0,2
HKQuantityTypeIdentifierHeartRate,PhysTrax Apple Watch,11.6.1,"Watch7,1","<<HKDevice: 0x133e94060>, name:Apple Watch, manufacturer:Apple Inc., model:Watch, hardware:Watch7,1, software:11.6.1, creation date:2025-09-13 14:18:16 +0000>",2025-10-02 12:56:58 +0000,2025-10-02 12:56:58 +0000,count/min,96.0,2
HKQuantityTypeIdentifierHeartRate,PhysTrax Apple Watch,11.6.1,"Watch7,1","<<HKDevice: 0x133e94060>, name:Apple Watch, manufacturer:Apple Inc., model:Watch, hardware:Watch7,1, software:11.6.1, creation date:2025-09-13 14:18:16 +0000>",2025-10-02 12:57:02 +0000,2025-10-02 12:57:02 +0000,count/min,91.0,2
HKQuantityTypeIdentifierHeartRate,PhysTrax Apple Watch,11.6.1,"Watch7,1","<<HKDevice: 0x133e94060>, name:Apple Watch, manufacturer:Apple Inc., model:Watch, hardware:Watch7,1, software:11.6.1, creation date:2025-09-13 14:18:16 +0000>",2025-10-02 12:57:09 +0000,2025-10-02 12:57:09 +0000,count/min,86.0,2
HKQuantityTypeIdentifierHeartRate,PhysTrax Apple Watch,11.6.1,"Watch7,1","<<HKDevice: 0x133e94060>, name:Apple Watch, manufacturer:Apple Inc., model:Watch, hardware:Watch7,1, software:11.6.1, creation date:2025-09-13 14:18:16 +0000>",2025-10-02 12:57:14 +0000,2025-10-02 12:57:14 +0000,count/min,86.0,2
HKQuantityTypeIdentifierHeartRate,PhysTrax Apple Watch,11.6.1,"Watch7,1","<<HKDevice: 0x133e94060>, name:Apple Watch, manufacturer:Apple Inc., model:Watch, hardware:Watch7,1, software:11.6.1, creation date:2025-09-13 14:18:16 +0000>",2025-10-02 12:57:18 +0000,2025-10-02 12:57:18 +0000,count/min,86.0,2
HKQuantityTypeIdentifierHeartRate,PhysTrax Apple Watch,11.6.1,"Watch7,1","<<HKDevice: 0x133e94060>, name:Apple Watch, manufacturer:Apple Inc., model:Watch, hardware:Watch7,1, software:11.6.1, creation date:2025-09-13 14:18:16 +0000>",2025-10-02 12:57:20 +0000,2025-10-02 12:57:20 +0000,count/min,86.0,2
HKQuantityTypeIdentifierHeartRate,PhysTrax Apple Watch,11.6.1,"Watch7,1","<<HKDevice: 0x133e94060>, name:Apple Watch, manufacturer:Apple Inc., model:Watch, hardware:Watch7,1, software:11.6.1, creation date:2025-09-13 14:18:16 +0000>",2025-10-02 12:57:25 +0000,2025-10-02 12:57:25 +0000,count/min,94.0,2
HKQuantityTypeIdentifierHeartRate,PhysTrax Apple Watch,11.6.1,"Watch7,1","<<HKDevice: 0x133e94060>, name:Apple Watch, manufacturer:Apple Inc., model:Watch, hardware:Watch7,1, software:11.6.1, creation date:2025-09-13 14:18:16 +0000>",2025-10-02 12:57:33 +0000,2025-10-02 12:57:33 +0000,count/min,96.0,2
HKQuantityTypeIdentifierHeartRate,PhysTrax Apple Watch,11.6.1,"Watch7,1","<<HKDevice: 0x133e94060>, name:Apple Watch, manufacturer:Apple Inc., model:Watch, hardware:Watch7,1, software:11.6.1, creation date:2025-09-13 14:18:16 +0000>",2025-10-02 12:57:35 +0000,2025-10-02 12:57:35 +0000,count/min,97.0,2
HKQuantityTypeIdentifierHeartRate,PhysTrax Apple Watch,11.6.1,"Watch7,1","<<HKDevice: 0x133e94060>, name:Apple Watch, manufacturer:Apple Inc., model:Watch, hardware:Watch7,1, software:11.6.1, creation date:2025-09-13 14:18:16 +0000>",2025-10-02 12:57:49 +0000,2025-10-02 12:57:49 +0000,count/min,73.0,2
HKQuantityTypeIdentifierHeartRate,PhysTrax Apple Watch,11.6.1,"Watch7,1","<<HKDevice: 0x133e94060>, name:Apple Watch, manufacturer:Apple Inc., model:Watch, hardware:Watch7,1, software:11.6.1, creation date:2025-09-13 14:18:16 +0000>",2025-10-02 12:57:54 +0000,2025-10-02 12:57:54 +0000,count/min,71.0,2
HKQuantityTypeIdentifierHeartRate,PhysTrax Apple Watch,11.6.1,"Watch7,1","<<HKDevice: 0x133e94060>, name:Apple Watch, manufacturer:Apple Inc., model:Watch, hardware:Watch7,1, software:11.6.1, creation date:2025-09-13 14:18:16 +0000>",2025-10-02 12:57:59 +0000,2025-10-02 12:57:59 +0000,count/min,68.0,2
HKQuantityTypeIdentifierHeartRate,PhysTrax Apple Watch,11.6.1,"Watch7,1","<<HKDevice: 0x133e94060>, name:Apple Watch, manufacturer:Apple Inc., model:Watch, hardware:Watch7,1, software:11.6.1, creation date:2025-09-13 14:18:16 +0000>",2025-10-02 12:58:04 +0000,2025-10-02 12:58:04 +0000,count/min,68.0,2
HKQuantityTypeIdentifierHeartRate,PhysTrax Apple Watch,11.6.1,"Watch7,1","<<HKDevice: 0x133e94060>, name:Apple Watch, manufacturer:Apple Inc., model:Watch, hardware:Watch7,1, software:11.6.1, creation date:2025-09-13 14:18:16 +0000>",2025-10-02 12:58:09 +0000,2025-10-02 12:58:09 +0000,count/min,68.0,2
HKQuantityTypeIdentifierHeartRate,PhysTrax Apple Watch,11.6.1,"Watch7,1","<<HKDevice: 0x133e94060>, name:Apple Watch, manufacturer:Apple Inc., model:Watch, hardware:Watch7,1, software:11.6.1, creation date:2025-09-13 14:18:16 +0000>",2025-10-02 12:58:13 +0000,2025-10-02 12:58:13 +0000,count/min,68.0,2
HKQuantityTypeIdentifierHeartRate,PhysTrax Apple Watch,11.6.1,"Watch7,1","<<HKDevice: 0x133e94060>, name:Apple Watch, manufacturer:Apple Inc., model:Watch, hardware:Watch7,1, software:11.6.1, creation date:2025-09-13 14:18:16 +0000>",2025-10-02 12:58:15 +0000,2025-10-02 12:58:15 +0000,count/min,68.0,2
HKQuantityTypeIdentifierHeartRate,PhysTrax Apple Watch,11.6.1,"Watch7,1","<<HKDevice: 0x133e94060>, name:Apple Watch, manufacturer:Apple Inc., model:Watch, hardware:Watch7,1, software:11.6.1, creation date:2025-09-13 14:18:16 +0000>",2025-10-02 12:58:22 +0000,2025-10-02 12:58:22 +0000,count/min,70.0,2
HKQuantityTypeIdentifierHeartRate,PhysTrax Apple Watch,11.6.1,"Watch7,1","<<HKDevice: 0x133e94060>, name:Apple Watch, manufacturer:Apple Inc., model:Watch, hardware:Watch7,1, software:11.6.1, creation date:2025-09-13 14:18:16 +0000>",2025-10-02 12:58:30 +0000,2025-10-02 12:58:30 +0000,count/min,75.0,2
HKQuantityTypeIdentifierHeartRate,PhysTrax Apple Watch,11.6.1,"Watch7,1","<<HKDevice: 0x133e94060>, name:Apple Watch, manufacturer:Apple Inc., model:Watch, hardware:Watch7,1, software:11.6.1, creation date:2025-09-13 14:18:16 +0000>",2025-10-02 12:58:36 +0000,2025-10-02 12:58:36 +0000,count/min,76.0,2
HKQuantityTypeIdentifierHeartRate,PhysTrax Apple Watch,11.6.1,"Watch7,1","<<HKDevice: 0x133e94060>, name:Apple Watch, manufacturer:Apple Inc., model:Watch, hardware:Watch7,1, software:11.6.1, creation date:2025-09-13 14:18:16 +0000>",2025-10-02 12:58:39 +0000,2025-10-02 12:58:39 +0000,count/min,75.0,2
HKQuantityTypeIdentifierHeartRate,PhysTrax Apple Watch,11.6.1,"Watch7,1","<<HKDevice: 0x133e94060>, name:Apple Watch, manufacturer:Apple Inc., model:Watch, hardware:Watch7,1, software:11.6.1, creation date:2025-09-13 14:18:16 +0000>",2025-10-02 12:58:46 +0000,2025-10-02 12:58:46 +0000,count/min,82.0,2
HKQuantityTypeIdentifierHeartRate,PhysTrax Apple Watch,11.6.1,"Watch7,1","<<HKDevice: 0x133e94060>, name:Apple Watch, manufacturer:Apple Inc., model:Watch, hardware:Watch7,1, software:11.6.1, creation date:2025-09-13 14:18:16 +0000>",2025-10-02 12:58:49 +0000,2025-10-02 12:58:49 +0000,count/min,82.0,2
HKQuantityTypeIdentifierHeartRate,PhysTrax Apple Watch,11.6.1,"Watch7,1","<<HKDevice: 0x133e94060>, name:Apple Watch, manufacturer:Apple Inc., model:Watch, hardware:Watch7,1, software:11.6.1, creation date:2025-09-13 14:18:16 +0000>",2025-10-02 12:58:54 +0000,2025-10-02 12:58:54 +0000,count/min,79.0,2
HKQuantityTypeIdentifierHeartRate,PhysTrax Apple Watch,11.6.1,"Watch7,1","<<HKDevice: 0x133e94060>, name:Apple Watch, manufacturer:Apple Inc., model:Watch, hardware:Watch7,1, software:11.6.1, creation date:2025-09-13 14:18:16 +0000>",2025-10-02 12:58:59 +0000,2025-10-02 12:58:59 +0000,count/min,79.0,2
HKQuantityTypeIdentifierHeartRate,PhysTrax Apple Watch,11.6.1,"Watch7,1","<<HKDevice: 0x133e94060>, name:Apple Watch, manufacturer:Apple Inc., model:Watch, hardware:Watch7,1, software:11.6.1, creation date:2025-09-13 14:18:16 +0000>",2025-10-02 12:59:05 +0000,2025-10-02 12:59:05 +0000,count/min,76.0,2
HKQuantityTypeIdentifierHeartRate,PhysTrax Apple Watch,11.6.1,"Watch7,1","<<HKDevice: 0x133e94060>, name:Apple Watch, manufacturer:Apple Inc., model:Watch, hardware:Watch7,1, software:11.6.1, creation date:2025-09-13 14:18:16 +0000>",2025-10-02 12:59:09 +0000,2025-10-02 12:59:09 +0000,count/min,75.0,2
HKQuantityTypeIdentifierHeartRate,PhysTrax Apple Watch,11.6.1,"Watch7,1","<<HKDevice: 0x133e94060>, name:Apple Watch, manufacturer:Apple Inc., model:Watch, hardware:Watch7,1, software:11.6.1, creation date:2025-09-13 14:18:16 +0000>",2025-10-02 12:59:12 +0000,2025-10-02 12:59:12 +0000,count/min,75.0,2
HKQuantityTypeIdentifierHeartRate,PhysTrax Apple Watch,11.6.1,"Watch7,1","<<HKDevice: 0x133e94060>, name:Apple Watch, manufacturer:Apple Inc., model:Watch, hardware:Watch7,1, software:11.6.1, creation date:2025-09-13 14:18:16 +0000>",2025-10-02 12:59:20 +0000,2025-10-02 12:59:20 +0000,count/min,73.0,2
HKQuantityTypeIdentifierHeartRate,PhysTrax Apple Watch,11.6.1,"Watch7,1","<<HKDevice: 0x133e94060>, name:Apple Watch, manufacturer:Apple Inc., model:Watch, hardware:Watch7,1, software:11.6.1, creation date:2025-09-13 14:18:16 +0000>",2025-10-02 12:59:22 +0000,2025-10-02 12:59:22 +0000,count/min,73.0,2
HKQuantityTypeIdentifierHeartRate,PhysTrax Apple Watch,11.6.1,"Watch7,1","<<HKDevice: 0x133e94060>, name:Apple Watch, manufacturer:Apple Inc., model:Watch, hardware:Watch7,1, software:11.6.1, creation date:2025-09-13 14:18:16 +0000>",2025-10-02 12:59:31 +0000,2025-10-02 12:59:31 +0000,count/min,76.0,2
HKQuantityTypeIdentifierHeartRate,PhysTrax Apple Watch,11.6.1,"Watch7,1","<<HKDevice: 0x133e94060>, name:Apple Watch, manufacturer:Apple Inc., model:Watch, hardware:Watch7,1, software:11.6.1, creation date:2025-09-13 14:18:16 +0000>",2025-10-02 12:59:32 +0000,2025-10-02 12:59:32 +0000,count/min,76.0,2
HKQuantityTypeIdentifierHeartRate,PhysTrax Apple Watch,11.6.1,"Watch7,1","<<HKDevice: 0x133e94060>, name:Apple Watch, manufacturer:Apple Inc., model:Watch, hardware:Watch7,1, software:11.6.1, creation date:2025-09-13 14:18:16 +0000>",2025-10-02 12:59:40 +0000,2025-10-02 12:59:40 +0000,count/min,75.0,2
HKQuantityTypeIdentifierHeartRate,PhysTrax Apple Watch,11.6.1,"Watch7,1","<<HKDevice: 0x133e94060>, name:Apple Watch, manufacturer:Apple Inc., model:Watch, hardware:Watch7,1, software:11.6.1, creation date:2025-09-13 14:18:16 +0000>",2025-10-02 12:59:46 +0000,2025-10-02 12:59:46 +0000,count/min,75.0,2
HKQuantityTypeIdentifierHeartRate,PhysTrax Apple Watch,11.6.1,"Watch7,1","<<HKDevice: 0x133e94060>, name:Apple Watch, manufacturer:Apple Inc., model:Watch, hardware:Watch7,1, software:11.6.1, creation date:2025-09-13 14:18:16 +0000>",2025-10-02 12:59:49 +0000,2025-10-02 12:59:49 +0000,count/min,75.0,2
HKQuantityTypeIdentifierHeartRate,PhysTrax Apple Watch,11.6.1,"Watch7,1","<<HKDevice: 0x133e94060>, name:Apple Watch, manufacturer:Apple Inc., model:Watch, hardware:Watch7,1, software:11.6.1, creation date:2025-09-13 14:18:16 +0000>",2025-10-02 12:59:55 +0000,2025-10-02 12:59:55 +0000,count/min,76.0,2
HKQuantityTypeIdentifierHeartRate,PhysTrax Apple Watch,11.6.1,"Watch7,1","<<HKDevice: 0x133e94060>, name:Apple Watch, manufacturer:Apple Inc., model:Watch, hardware:Watch7,1, software:11.6.1, creation date:2025-09-13 14:18:16 +0000>",2025-10-02 12:59:57 +0000,2025-10-02 12:59:57 +0000,count/min,76.0,2
HKQuantityTypeIdentifierHeartRate,PhysTrax Apple Watch,11.6.1,"Watch7,1","<<HKDevice: 0x133e94060>, name:Apple Watch, manufacturer:Apple Inc., model:Watch, hardware:Watch7,1, software:11.6.1, creation date:2025-09-13 14:18:16 +0000>",2025-10-02 13:00:06 +0000,2025-10-02 13:00:06 +0000,count/min,76.0,2
HKQuantityTypeIdentifierHeartRate,PhysTrax Apple Watch,11.6.1,"Watch7,1","<<HKDevice: 0x133e94060>, name:Apple Watch, manufacturer:Apple Inc., model:Watch, hardware:Watch7,1, software:11.6.1, creation date:2025-09-13 14:18:16 +0000>",2025-10-02 13:00:08 +0000,2025-10-02 13:00:08 +0000,count/min,76.0,2
HKQuantityTypeIdentifierHeartRate,PhysTrax Apple Watch,11.6.1,"Watch7,1","<<HKDevice: 0x133e94060>, name:Apple Watch, manufacturer:Apple Inc., model:Watch, hardware:Watch7,1, software:11.6.1, creation date:2025-09-13 14:18:16 +0000>",2025-10-02 13:00:15 +0000,2025-10-02 13:00:15 +0000,count/min,75.0,2
HKQuantityTypeIdentifierHeartRate,PhysTrax Apple Watch,11.6.1,"Watch7,1","<<HKDevice: 0x133e94060>, name:Apple Watch, manufacturer:Apple Inc., model:Watch, hardware:Watch7,1, software:11.6.1, creation date:2025-09-13 14:18:16 +0000>",2025-10-02 13:00:17 +0000,2025-10-02 13:00:17 +0000,count/min,74.0,2
HKQuantityTypeIdentifierHeartRate,PhysTrax Apple Watch,11.6.1,"Watch7,1","<<HKDevice: 0x133e94060>, name:Apple Watch, manufacturer:Apple Inc., model:Watch, hardware:Watch7,1, software:11.6.1, creation date:2025-09-13 14:18:16 +0000>",2025-10-02 13:00:22 +0000,2025-10-02 13:00:22 +0000,count/min,81.0,2
HKQuantityTypeIdentifierHeartRate,PhysTrax Apple Watch,11.6.1,"Watch7,1","<<HKDevice: 0x133e94060>, name:Apple Watch, manufacturer:Apple Inc., model:Watch, hardware:Watch7,1, software:11.6.1, creation date:2025-09-13 14:18:16 +0000>",2025-10-02 13:00:27 +0000,2025-10-02 13:00:27 +0000,count/min,91.0,2
HKQuantityTypeIdentifierHeartRate,PhysTrax Apple Watch,11.6.1,"Watch7,1","<<HKDevice: 0x133e94060>, name:Apple Watch, manufacturer:Apple Inc., model:Watch, hardware:Watch7,1, software:11.6.1, creation date:2025-09-13 14:18:16 +0000>",2025-10-02 13:00:32 +0000,2025-10-02 13:00:32 +0000,count/min,94.0,2
HKQuantityTypeIdentifierHeartRate,PhysTrax Apple Watch,11.6.1,"Watch7,1","<<HKDevice: 0x133e94060>, name:Apple Watch, manufacturer:Apple Inc., model:Watch, hardware:Watch7,1, software:11.6.1, creation date:2025-09-13 14:18:16 +0000>",2025-10-02 13:00:37 +0000,2025-10-02 13:00:37 +0000,count/min,95.0,2
HKQuantityTypeIdentifierHeartRate,PhysTrax Apple Watch,11.6.1,"Watch7,1","<<HKDevice: 0x133e94060>, name:Apple Watch, manufacturer:Apple Inc., model:Watch, hardware:Watch7,1, software:11.6.1, creation date:2025-09-13 14:18:16 +0000>",2025-10-02 13:00:42 +0000,2025-10-02 13:00:42 +0000,count/min,98.0,2
HKQuantityTypeIdentifierHeartRate,PhysTrax Apple Watch,11.6.1,"Watch7,1","<<HKDevice: 0x133e94060>, name:Apple Watch, manufacturer:Apple Inc., model:Watch, hardware:Watch7,1, software:11.6.1, creation date:2025-09-13 14:18:16 +0000>",2025-10-02 13:00:51 +0000,2025-10-02 13:00:51 +0000,count/min,102.0,2
HKQuantityTypeIdentifierHeartRate,PhysTrax Apple Watch,11.6.1,"Watch7,1","<<HKDevice: 0x133e94060>, name:Apple Watch, manufacturer:Apple Inc., model:Watch, hardware:Watch7,1, software:11.6.1, creation date:2025-09-13 14:18:16 +0000>",2025-10-02 13:00:56 +0000,2025-10-02 13:00:56 +0000,count/min,106.0,2
HKQuantityTypeIdentifierHeartRate,PhysTrax Apple Watch,11.6.1,"Watch7,1","<<HKDevice: 0x133e94060>, name:Apple Watch, manufacturer:Apple Inc., model:Watch, hardware:Watch7,1, software:11.6.1, creation date:2025-09-13 14:18:16 +0000>",2025-10-02 13:00:57 +0000,2025-10-02 13:00:57 +0000,count/min,107.00000000000001,2
HKQuantityTypeIdentifierHeartRate,PhysTrax Apple Watch,11.6.1,"Watch7,1","<<HKDevice: 0x133e94060>, name:Apple Watch, manufacturer:Apple Inc., model:Watch, hardware:Watch7,1, software:11.6.1, creation date:2025-09-13 14:18:16 +0000>",2025-10-02 13:01:02 +0000,2025-10-02 13:01:02 +0000,count/min,96.0,2
HKQuantityTypeIdentifierHeartRate,PhysTrax Apple Watch,11.6.1,"Watch7,1","<<HKDevice: 0x133e94060>, name:Apple Watch, manufacturer:Apple Inc., model:Watch, hardware:Watch7,1, software:11.6.1, creation date:2025-09-13 14:18:16 +0000>",2025-10-02 13:01:08 +0000,2025-10-02 13:01:08 +0000,count/min,93.0,2
HKQuantityTypeIdentifierHeartRate,PhysTrax Apple Watch,11.6.1,"Watch7,1","<<HKDevice: 0x133e94060>, name:Apple Watch, manufacturer:Apple Inc., model:Watch, hardware:Watch7,1, software:11.6.1, creation date:2025-09-13 14:18:16 +0000>",2025-10-02 13:01:15 +0000,2025-10-02 13:01:15 +0000,count/min,93.0,2
HKQuantityTypeIdentifierHeartRate,PhysTrax Apple Watch,11.6.1,"Watch7,1","<<HKDevice: 0x133e94060>, name:Apple Watch, manufacturer:Apple Inc., model:Watch, hardware:Watch7,1, software:11.6.1, creation date:2025-09-13 14:18:16 +0000>",2025-10-02 13:01:19 +0000,2025-10-02 13:01:19 +0000,count/min,90.0,2
HKQuantityTypeIdentifierHeartRate,PhysTrax Apple Watch,11.6.1,"Watch7,1","<<HKDevice: 0x133e94060>, name:Apple Watch, manufacturer:Apple Inc., model:Watch, hardware:Watch7,1, software:11.6.1, creation date:2025-09-13 14:18:16 +0000>",2025-10-02 13:01:24 +0000,2025-10-02 13:01:24 +0000,count/min,92.00000000000001,2
HKQuantityTypeIdentifierHeartRate,PhysTrax Apple Watch,11.6.1,"Watch7,1","<<HKDevice: 0x133e94060>, name:Apple Watch, manufacturer:Apple Inc., model:Watch, hardware:Watch7,1, software:11.6.1, creation date:2025-09-13 14:18:16 +0000>",2025-10-02 13:01:31 +0000,2025-10-02 13:01:31 +0000,count/min,84.0,2
HKQuantityTypeIdentifierHeartRate,PhysTrax Apple Watch,11.6.1,"Watch7,1","<<HKDevice: 0x133e94060>, name:Apple Watch, manufacturer:Apple Inc., model:Watch, hardware:Watch7,1, software:11.6.1, creation date:2025-09-13 14:18:16 +0000>",2025-10-02 13:01:34 +0000,2025-10-02 13:01:34 +0000,count/min,82.0,2
HKQuantityTypeIdentifierHeartRate,PhysTrax Apple Watch,11.6.1,"Watch7,1","<<HKDevice: 0x133e94060>, name:Apple Watch, manufacturer:Apple Inc., model:Watch, hardware:Watch7,1, software:11.6.1, creation date:2025-09-13 14:18:16 +0000>",2025-10-02 13:01:40 +0000,2025-10-02 13:01:40 +0000,count/min,78.0,2
HKQuantityTypeIdentifierHeartRate,PhysTrax Apple Watch,11.6.1,"Watch7,1","<<HKDevice: 0x133e94060>, name:Apple Watch, manufacturer:Apple Inc., model:Watch, hardware:Watch7,1, software:11.6.1, creation date:2025-09-13 14:18:16 +0000>",2025-10-02 13:01:46 +0000,2025-10-02 13:01:46 +0000,count/min,75.0,2
HKQuantityTypeIdentifierHeartRate,PhysTrax Apple Watch,11.6.1,"Watch7,1","<<HKDevice: 0x133e94060>, name:Apple Watch, manufacturer:Apple Inc., model:Watch, hardware:Watch7,1, software:11.6.1, creation date:2025-09-13 14:18:16 +0000>",2025-10-02 13:01:47 +0000,2025-10-02 13:01:47 +0000,count/min,75.0,2
HKQuantityTypeIdentifierHeartRate,PhysTrax Apple Watch,11.6.1,"Watch7,1","<<HKDevice: 0x133e94060>, name:Apple Watch, manufacturer:Apple Inc., model:Watch, hardware:Watch7,1, software:11.6.1, creation date:2025-09-13 14:18:16 +0000>",2025-10-02 13:01:56 +0000,2025-10-02 13:01:56 +0000,count/min,67.0,2
HKQuantityTypeIdentifierHeartRate,PhysTrax Apple Watch,11.6.1,"Watch7,1","<<HKDevice: 0x133e94060>, name:Apple Watch, manufacturer:Apple Inc., model:Watch, hardware:Watch7,1, software:11.6.1, creation date:2025-09-13 14:18:16 +0000>",2025-10-02 13:01:59 +0000,2025-10-02 13:01:59 +0000,count/min,68.0,2
HKQuantityTypeIdentifierHeartRate,PhysTrax Apple Watch,11.6.1,"Watch7,1","<<HKDevice: 0x133e94060>, name:Apple Watch, manufacturer:Apple Inc., model:Watch, hardware:Watch7,1, software:11.6.1, creation date:2025-09-13 14:18:16 +0000>",2025-10-02 13:02:02 +0000,2025-10-02 13:02:02 +0000,count/min,69.0,2
HKQuantityTypeIdentifierHeartRate,PhysTrax Apple Watch,11.6.1,"Watch7,1","<<HKDevice: 0x133e94060>, name:Apple Watch, manufacturer:Apple Inc., model:Watch, hardware:Watch7,1, software:11.6.1, creation date:2025-09-13 14:18:16 +0000>",2025-10-02 13:02:07 +0000,2025-10-02 13:02:07 +0000,count/min,72.0,2
HKQuantityTypeIdentifierHeartRate,PhysTrax Apple Watch,11.6.1,"Watch7,1","<<HKDevice: 0x133e94060>, name:Apple Watch, manufacturer:Apple Inc., model:Watch, hardware:Watch7,1, software:11.6.1, creation date:2025-09-13 14:18:16 +0000>",2025-10-02 13:02:15 +0000,2025-10-02 13:02:15 +0000,count/min,76.0,2
HKQuantityTypeIdentifierHeartRate,PhysTrax Apple Watch,11.6.1,"Watch7,1","<<HKDevice: 0x133e94060>, name:Apple Watch, manufacturer:Apple Inc., model:Watch, hardware:Watch7,1, software:11.6.1, creation date:2025-09-13 14:18:16 +0000>",2025-10-02 13:02:17 +0000,2025-10-02 13:02:17 +0000,count/min,78.0,2
HKQuantityTypeIdentifierHeartRate,PhysTrax Apple Watch,11.6.1,"Watch7,1","<<HKDevice: 0x133e94060>, name:Apple Watch, manufacturer:Apple Inc., model:Watch, hardware:Watch7,1, software:11.6.1, creation date:2025-09-13 14:18:16 +0000>",2025-10-02 13:02:26 +0000,2025-10-02 13:02:26 +0000,count/min,77.00000000000001,2
HKQuantityTypeIdentifierHeartRate,PhysTrax Apple Watch,11.6.1,"Watch7,1","<<HKDevice: 0x133e94060>, name:Apple Watch, manufacturer:Apple Inc., model:Watch, hardware:Watch7,1, software:11.6.1, creation date:2025-09-13 14:18:16 +0000>",2025-10-02 13:02:31 +0000,2025-10-02 13:02:31 +0000,count/min,81.0,2
HKQuantityTypeIdentifierHeartRate,PhysTrax Apple Watch,11.6.1,"Watch7,1","<<HKDevice: 0x133e94060>, name:Apple Watch, manufacturer:Apple Inc., model:Watch, hardware:Watch7,1, software:11.6.1, creation date:2025-09-13 14:18:16 +0000>",2025-10-02 13:02:32 +0000,2025-10-02 13:02:32 +0000,count/min,82.0,2
HKQuantityTypeIdentifierHeartRate,PhysTrax Apple Watch,11.6.1,"Watch7,1","<<HKDevice: 0x133e94060>, name:Apple Watch, manufacturer:Apple Inc., model:Watch, hardware:Watch7,1, software:11.6.1, creation date:2025-09-13 14:18:16 +0000>",2025-10-02 13:02:37 +0000,2025-10-02 13:02:37 +0000,count/min,82.0,2
HKQuantityTypeIdentifierHeartRate,PhysTrax Apple Watch,11.6.1,"Watch7,1","<<HKDevice: 0x133e94060>, name:Apple Watch, manufacturer:Apple Inc., model:Watch, hardware:Watch7,1, software:11.6.1, creation date:2025-09-13 14:18:16 +0000>",2025-10-02 13:02:43 +0000,2025-10-02 13:02:43 +0000,count/min,85.0,2
HKQuantityTypeIdentifierHeartRate,PhysTrax Apple Watch,11.6.1,"Watch7,1","<<HKDevice: 0x133e94060>, name:Apple Watch, manufacturer:Apple Inc., model:Watch, hardware:Watch7,1, software:11.6.1, creation date:2025-09-13 14:18:16 +0000>",2025-10-02 13:02:48 +0000,2025-10-02 13:02:48 +0000,count/min,90.0,2
HKQuantityTypeIdentifierHeartRate,PhysTrax Apple Watch,11.6.1,"Watch7,1","<<HKDevice: 0x133e94060>, name:Apple Watch, manufacturer:Apple Inc., model:Watch, hardware:Watch7,1, software:11.6.1, creation date:2025-09-13 14:18:16 +0000>",2025-10-02 13:02:56 +0000,2025-10-02 13:02:56 +0000,count/min,81.0,2
HKQuantityTypeIdentifierHeartRate,PhysTrax Apple Watch,11.6.1,"Watch7,1","<<HKDevice: 0x133e94060>, name:Apple Watch, manufacturer:Apple Inc., model:Watch, hardware:Watch7,1, software:11.6.1, creation date:2025-09-13 14:18:16 +0000>",2025-10-02 13:03:01 +0000,2025-10-02 13:03:01 +0000,count/min,80.0,2
HKQuantityTypeIdentifierHeartRate,PhysTrax Apple Watch,11.6.1,"Watch7,1","<<HKDevice: 0x133e94060>, name:Apple Watch, manufacturer:Apple Inc., model:Watch, hardware:Watch7,1, software:11.6.1, creation date:2025-09-13 14:18:16 +0000>",2025-10-02 13:03:02 +0000,2025-10-02 13:03:02 +0000,count/min,79.0,2
HKQuantityTypeIdentifierHeartRate,PhysTrax Apple Watch,11.6.1,"Watch7,1","<<HKDevice: 0x133e94060>, name:Apple Watch, manufacturer:Apple Inc., model:Watch, hardware:Watch7,1, software:11.6.1, creation date:2025-09-13 14:18:16 +0000>",2025-10-02 13:03:11 +0000,2025-10-02 13:03:11 +0000,count/min,83.0,2
HKQuantityTypeIdentifierHeartRate,PhysTrax Apple Watch,11.6.1,"Watch7,1","<<HKDevice: 0x133e94060>, name:Apple Watch, manufacturer:Apple Inc., model:Watch, hardware:Watch7,1, software:11.6.1, creation date:2025-09-13 14:18:16 +0000>",2025-10-02 13:03:16 +0000,2025-10-02 13:03:16 +0000,count/min,79.0,2
HKQuantityTypeIdentifierHeartRate,PhysTrax Apple Watch,11.6.1,"Watch7,1","<<HKDevice: 0x133e94060>, name:Apple Watch, manufacturer:Apple Inc., model:Watch, hardware:Watch7,1, software:11.6.1, creation date:2025-09-13 14:18:16 +0000>",2025-10-02 13:03:17 +0000,2025-10-02 13:03:17 +0000,count/min,80.0,2
HKQuantityTypeIdentifierHeartRate,PhysTrax Apple Watch,11.6.1,"Watch7,1","<<HKDevice: 0x133e94060>, name:Apple Watch, manufacturer:Apple Inc., model:Watch, hardware:Watch7,1, software:11.6.1, creation date:2025-09-13 14:18:16 +0000>",2025-10-02 13:03:26 +0000,2025-10-02 13:03:26 +0000,count/min,83.0,2
HKQuantityTypeIdentifierHeartRate,PhysTrax Apple Watch,11.6.1,"Watch7,1","<<HKDevice: 0x133e94060>, name:Apple Watch, manufacturer:Apple Inc., model:Watch, hardware:Watch7,1, software:11.6.1, creation date:2025-09-13 14:18:16 +0000>",2025-10-02 13:03:31 +0000,2025-10-02 13:03:31 +0000,count/min,77.00000000000001,2
HKQuantityTypeIdentifierHeartRate,PhysTrax Apple Watch,11.6.1,"Watch7,1","<<HKDevice: 0x133e94060>, name:Apple Watch, manufacturer:Apple Inc., model:Watch, hardware:Watch7,1, software:11.6.1, creation date:2025-09-13 14:18:16 +0000>",2025-10-02 13:03:33 +0000,2025-10-02 13:03:33 +0000,count/min,76.0,2
HKQuantityTypeIdentifierHeartRate,PhysTrax Apple Watch,11.6.1,"Watch7,1","<<HKDevice: 0x133e94060>, name:Apple Watch, manufacturer:Apple Inc., model:Watch, hardware:Watch7,1, software:11.6.1, creation date:2025-09-13 14:18:16 +0000>",2025-10-02 13:03:39 +0000,2025-10-02 13:03:39 +0000,count/min,76.0,2
HKQuantityTypeIdentifierHeartRate,PhysTrax Apple Watch,11.6.1,"Watch7,1","<<HKDevice: 0x133e94060>, name:Apple Watch, manufacturer:Apple Inc., model:Watch, hardware:Watch7,1, software:11.6.1, creation date:2025-09-13 14:18:16 +0000>",2025-10-02 13:03:42 +0000,2025-10-02 13:03:42 +0000,count/min,76.0,2
HKQuantityTypeIdentifierHeartRate,PhysTrax Apple Watch,11.6.1,"Watch7,1","<<HKDevice: 0x133e94060>, name:Apple Watch, manufacturer:Apple Inc., model:Watch, hardware:Watch7,1, software:11.6.1, creation date:2025-09-13 14:18:16 +0000>",2025-10-02 13:03:51 +0000,2025-10-02 13:03:51 +0000,count/min,74.0,2
HKQuantityTypeIdentifierHeartRate,PhysTrax Apple Watch,11.6.1,"Watch7,1","<<HKDevice: 0x133e94060>, name:Apple Watch, manufacturer:Apple Inc., model:Watch, hardware:Watch7,1, software:11.6.1, creation date:2025-09-13 14:18:16 +0000>",2025-10-02 13:03:56 +0000,2025-10-02 13:03:56 +0000,count/min,74.0,2
HKQuantityTypeIdentifierHeartRate,PhysTrax Apple Watch,11.6.1,"Watch7,1","<<HKDevice: 0x133e94060>, name:Apple Watch, manufacturer:Apple Inc., model:Watch, hardware:Watch7,1, software:11.6.1, creation date:2025-09-13 14:18:16 +0000>",2025-10-02 13:04:01 +0000,2025-10-02 13:04:01 +0000,count/min,75.0,2
HKQuantityTypeIdentifierHeartRate,PhysTrax Apple Watch,11.6.1,"Watch7,1","<<HKDevice: 0x133e94060>, name:Apple Watch, manufacturer:Apple Inc., model:Watch, hardware:Watch7,1, software:11.6.1, creation date:2025-09-13 14:18:16 +0000>",2025-10-02 13:04:02 +0000,2025-10-02 13:04:02 +0000,count/min,75.0,2
HKQuantityTypeIdentifierHeartRate,PhysTrax Apple Watch,11.6.1,"Watch7,1","<<HKDevice: 0x133e94060>, name:Apple Watch, manufacturer:Apple Inc., model:Watch, hardware:Watch7,1, software:11.6.1, creation date:2025-09-13 14:18:16 +0000>",2025-10-02 13:04:10 +0000,2025-10-02 13:04:10 +0000,count/min,74.0,2
HKQuantityTypeIdentifierHeartRate,PhysTrax Apple Watch,11.6.1,"Watch7,1","<<HKDevice: 0x133e94060>, name:Apple Watch, manufacturer:Apple Inc., model:Watch, hardware:Watch7,1, software:11.6.1, creation date:2025-09-13 14:18:16 +0000>",2025-10-02 13:04:12 +0000,2025-10-02 13:04:12 +0000,count/min,72.0,2
HKQuantityTypeIdentifierHeartRate,PhysTrax Apple Watch,11.6.1,"Watch7,1","<<HKDevice: 0x133e94060>, name:Apple Watch, manufacturer:Apple Inc., model:Watch, hardware:Watch7,1, software:11.6.1, creation date:2025-09-13 14:18:16 +0000>",2025-10-02 13:04:17 +0000,2025-10-02 13:04:17 +0000,count/min,76.0,2
HKQuantityTypeIdentifierHeartRate,PhysTrax Apple Watch,11.6.1,"Watch7,1","<<HKDevice: 0x133e94060>, name:Apple Watch, manufacturer:Apple Inc., model:Watch, hardware:Watch7,1, software:11.6.1, creation date:2025-09-13 14:18:16 +0000>",2025-10-02 13:04:26 +0000,2025-10-02 13:04:26 +0000,count/min,77.00000000000001,2
HKQuantityTypeIdentifierHeartRate,PhysTrax Apple Watch,11.6.1,"Watch7,1","<<HKDevice: 0x133e94060>, name:Apple Watch, manufacturer:Apple Inc., model:Watch, hardware:Watch7,1, software:11.6.1, creation date:2025-09-13 14:18:16 +0000>",2025-10-02 13:04:31 +0000,2025-10-02 13:04:31 +0000,count/min,71.0,2
HKQuantityTypeIdentifierHeartRate,PhysTrax Apple Watch,11.6.1,"Watch7,1","<<HKDevice: 0x133e94060>, name:Apple Watch, manufacturer:Apple Inc., model:Watch, hardware:Watch7,1, software:11.6.1, creation date:2025-09-13 14:18:16 +0000>",2025-10-02 13:04:36 +0000,2025-10-02 13:04:36 +0000,count/min,69.0,2
HKQuantityTypeIdentifierHeartRate,PhysTrax Apple Watch,11.6.1,"Watch7,1","<<HKDevice: 0x133e94060>, name:Apple Watch, manufacturer:Apple Inc., model:Watch, hardware:Watch7,1, software:11.6.1, creation date:2025-09-13 14:18:16 +0000>",2025-10-02 13:04:41 +0000,2025-10-02 13:04:41 +0000,count/min,70.0,2
HKQuantityTypeIdentifierHeartRate,PhysTrax Apple Watch,11.6.1,"Watch7,1","<<HKDevice: 0x133e94060>, name:Apple Watch, manufacturer:Apple Inc., model:Watch, hardware:Watch7,1, software:11.6.1, creation date:2025-09-13 14:18:16 +0000>",2025-10-02 13:04:42 +0000,2025-10-02 13:04:42 +0000,count/min,69.0,2
HKQuantityTypeIdentifierHeartRate,PhysTrax Apple Watch,11.6.1,"Watch7,1","<<HKDevice: 0x133e94060>, name:Apple Watch, manufacturer:Apple Inc., model:Watch, hardware:Watch7,1, software:11.6.1, creation date:2025-09-13 14:18:16 +0000>",2025-10-02 13:04:47 +0000,2025-10-02 13:04:47 +0000,count/min,69.0,2
HKQuantityTypeIdentifierHeartRate,PhysTrax Apple Watch,11.6.1,"Watch7,1","<<HKDevice: 0x133e94060>, name:Apple Watch, manufacturer:Apple Inc., model:Watch, hardware:Watch7,1, software:11.6.1, creation date:2025-09-13 14:18:16 +0000>",2025-10-02 13:04:56 +0000,2025-10-02 13:04:56 +0000,count/min,71.0,2
HKQuantityTypeIdentifierHeartRate,PhysTrax Apple Watch,11.6.1,"Watch7,1","<<HKDevice: 0x133e94060>, name:Apple Watch, manufacturer:Apple Inc., model:Watch, hardware:Watch7,1, software:11.6.1, creation date:2025-09-13 14:18:16 +0000>",2025-10-02 13:05:01 +0000,2025-10-02 13:05:01 +0000,count/min,71.0,2
HKQuantityTypeIdentifierHeartRate,PhysTrax Apple Watch,11.6.1,"Watch7,1","<<HKDevice: 0x133e94060>, name:Apple Watch, manufacturer:Apple Inc., model:Watch, hardware:Watch7,1, software:11.6.1, creation date:2025-09-13 14:18:16 +0000>",2025-10-02 13:05:06 +0000,2025-10-02 13:05:06 +0000,count/min,70.0,2
HKQuantityTypeIdentifierHeartRate,PhysTrax Apple Watch,11.6.1,"Watch7,1","<<HKDevice: 0x133e94060>, name:Apple Watch, manufacturer:Apple Inc., model:Watch, hardware:Watch7,1, software:11.6.1, creation date:2025-09-13 14:18:16 +0000>",2025-10-02 13:05:10 +0000,2025-10-02 13:05:10 +0000,count/min,69.0,2
HKQuantityTypeIdentifierHeartRate,PhysTrax Apple Watch,11.6.1,"Watch7,1","<<HKDevice: 0x133e94060>, name:Apple Watch, manufacturer:Apple Inc., model:Watch, hardware:Watch7,1, software:11.6.1, creation date:2025-09-13 14:18:16 +0000>",2025-10-02 13:05:13 +0000,2025-10-02 13:05:13 +0000,count/min,72.0,2
HKQuantityTypeIdentifierHeartRate,PhysTrax Apple Watch,11.6.1,"Watch7,1","<<HKDevice: 0x133e94060>, name:Apple Watch, manufacturer:Apple Inc., model:Watch, hardware:Watch7,1, software:11.6.1, creation date:2025-09-13 14:18:16 +0000>",2025-10-02 13:05:17 +0000,2025-10-02 13:05:17 +0000,count/min,70.0,2
HKQuantityTypeIdentifierHeartRate,PhysTrax Apple Watch,11.6.1,"Watch7,1","<<HKDevice: 0x133e94060>, name:Apple Watch, manufacturer:Apple Inc., model:Watch, hardware:Watch7,1, software:11.6.1, creation date:2025-09-13 14:18:16 +0000>",2025-10-02 13:05:26 +0000,2025-10-02 13:05:26 +0000,count/min,72.0,2
HKQuantityTypeIdentifierHeartRate,PhysTrax Apple Watch,11.6.1,"Watch7,1","<<HKDevice: 0x133e94060>, name:Apple Watch, manufacturer:Apple Inc., model:Watch, hardware:Watch7,1, software:11.6.1, creation date:2025-09-13 14:18:16 +0000>",2025-10-02 13:05:27 +0000,2025-10-02 13:05:27 +0000,count/min,71.0,2
HKQuantityTypeIdentifierHeartRate,PhysTrax Apple Watch,11.6.1,"Watch7,1","<<HKDevice: 0x133e94060>, name:Apple Watch, manufacturer:Apple Inc., model:Watch, hardware:Watch7,1, software:11.6.1, creation date:2025-09-13 14:18:16 +0000>",2025-10-02 13:05:34 +0000,2025-10-02 13:05:34 +0000,count/min,71.0,2
HKQuantityTypeIdentifierHeartRate,PhysTrax Apple Watch,11.6.1,"Watch7,1","<<HKDevice: 0x133e94060>, name:Apple Watch, manufacturer:Apple Inc., model:Watch, hardware:Watch7,1, software:11.6.1, creation date:2025-09-13 14:18:16 +0000>",2025-10-02 13:05:37 +0000,2025-10-02 13:05:37 +0000,count/min,71.0,2
HKQuantityTypeIdentifierHeartRate,PhysTrax Apple Watch,11.6.1,"Watch7,1","<<HKDevice: 0x133e94060>, name:Apple Watch, manufacturer:Apple Inc., model:Watch, hardware:Watch7,1, software:11.6.1, creation date:2025-09-13 14:18:16 +0000>",2025-10-02 13:05:46 +0000,2025-10-02 13:05:46 +0000,count/min,69.0,2
HKQuantityTypeIdentifierHeartRate,PhysTrax Apple Watch,11.6.1,"Watch7,1","<<HKDevice: 0x133e94060>, name:Apple Watch, manufacturer:Apple Inc., model:Watch, hardware:Watch7,1, software:11.6.1, creation date:2025-09-13 14:18:16 +0000>",2025-10-02 13:05:50 +0000,2025-10-02 13:05:50 +0000,count/min,67.0,2
HKQuantityTypeIdentifierHeartRate,PhysTrax Apple Watch,11.6.1,"Watch7,1","<<HKDevice: 0x133e94060>, name:Apple Watch, manufacturer:Apple Inc., model:Watch, hardware:Watch7,1, software:11.6.1, creation date:2025-09-13 14:18:16 +0000>",2025-10-02 13:05:53 +0000,2025-10-02 13:05:53 +0000,count/min,67.0,2
HKQuantityTypeIdentifierHeartRate,PhysTrax Apple Watch,11.6.1,"Watch7,1","<<HKDevice: 0x133e94060>, name:Apple Watch, manufacturer:Apple Inc., model:Watch, hardware:Watch7,1, software:11.6.1, creation date:2025-09-13 14:18:16 +0000>",2025-10-02 13:06:00 +0000,2025-10-02 13:06:00 +0000,count/min,68.0,2
HKQuantityTypeIdentifierHeartRate,PhysTrax Apple Watch,11.6.1,"Watch7,1","<<HKDevice: 0x133e94060>, name:Apple Watch, manufacturer:Apple Inc., model:Watch, hardware:Watch7,1, software:11.6.1, creation date:2025-09-13 14:18:16 +0000>",2025-10-02 13:06:02 +0000,2025-10-02 13:06:02 +0000,count/min,67.0,2
HKQuantityTypeIdentifierHeartRate,PhysTrax Apple Watch,11.6.1,"Watch7,1","<<HKDevice: 0x133e94060>, name:Apple Watch, manufacturer:Apple Inc., model:Watch, hardware:Watch7,1, software:11.6.1, creation date:2025-09-13 14:18:16 +0000>",2025-10-02 13:06:07 +0000,2025-10-02 13:06:07 +0000,count/min,67.0,2
HKQuantityTypeIdentifierHeartRate,PhysTrax Apple Watch,11.6.1,"Watch7,1","<<HKDevice: 0x133e94060>, name:Apple Watch, manufacturer:Apple Inc., model:Watch, hardware:Watch7,1, software:11.6.1, creation date:2025-09-13 14:18:16 +0000>",2025-10-02 13:06:12 +0000,2025-10-02 13:06:12 +0000,count/min,65.0,2
HKQuantityTypeIdentifierHeartRate,PhysTrax Apple Watch,11.6.1,"Watch7,1","<<HKDevice: 0x133e94060>, name:Apple Watch, manufacturer:Apple Inc., model:Watch, hardware:Watch7,1, software:11.6.1, creation date:2025-09-13 14:18:16 +0000>",2025-10-02 13:06:17 +0000,2025-10-02 13:06:17 +0000,count/min,67.0,2
HKQuantityTypeIdentifierHeartRate,PhysTrax Apple Watch,11.6.1,"Watch7,1","<<HKDevice: 0x133e94060>, name:Apple Watch, manufacturer:Apple Inc., model:Watch, hardware:Watch7,1, software:11.6.1, creation date:2025-09-13 14:18:16 +0000>",2025-10-02 13:06:26 +0000,2025-10-02 13:06:26 +0000,count/min,76.0,2
HKQuantityTypeIdentifierHeartRate,PhysTrax Apple Watch,11.6.1,"Watch7,1","<<HKDevice: 0x133e94060>, name:Apple Watch, manufacturer:Apple Inc., model:Watch, hardware:Watch7,1, software:11.6.1, creation date:2025-09-13 14:18:16 +0000>",2025-10-02 13:06:31 +0000,2025-10-02 13:06:31 +0000,count/min,75.0,2
HKQuantityTypeIdentifierHeartRate,PhysTrax Apple Watch,11.6.1,"Watch7,1","<<HKDevice: 0x133e94060>, name:Apple Watch, manufacturer:Apple Inc., model:Watch, hardware:Watch7,1, software:11.6.1, creation date:2025-09-13 14:18:16 +0000>",2025-10-02 13:06:36 +0000,2025-10-02 13:06:36 +0000,count/min,72.0,2
HKQuantityTypeIdentifierHeartRate,PhysTrax Apple Watch,11.6.1,"Watch7,1","<<HKDevice: 0x133e94060>, name:Apple Watch, manufacturer:Apple Inc., model:Watch, hardware:Watch7,1, software:11.6.1, creation date:2025-09-13 14:18:16 +0000>",2025-10-02 13:06:39 +0000,2025-10-02 13:06:39 +0000,count/min,73.0,2
HKQuantityTypeIdentifierHeartRate,PhysTrax Apple Watch,11.6.1,"Watch7,1","<<HKDevice: 0x133e94060>, name:Apple Watch, manufacturer:Apple Inc., model:Watch, hardware:Watch7,1, software:11.6.1, creation date:2025-09-13 14:18:16 +0000>",2025-10-02 13:06:42 +0000,2025-10-02 13:06:42 +0000,count/min,72.0,2
HKQuantityTypeIdentifierHeartRate,PhysTrax Apple Watch,11.6.1,"Watch7,1","<<HKDevice: 0x133e94060>, name:Apple Watch, manufacturer:Apple Inc., model:Watch, hardware:Watch7,1, software:11.6.1, creation date:2025-09-13 14:18:16 +0000>",2025-10-02 13:06:48 +0000,2025-10-02 13:06:48 +0000,count/min,82.0,2
HKQuantityTypeIdentifierHeartRate,PhysTrax Apple Watch,11.6.1,"Watch7,1","<<HKDevice: 0x133e94060>, name:Apple Watch, manufacturer:Apple Inc., model:Watch, hardware:Watch7,1, software:11.6.1, creation date:2025-09-13 14:18:16 +0000>",2025-10-02 13:06:56 +0000,2025-10-02 13:06:56 +0000,count/min,75.0,2
HKQuantityTypeIdentifierHeartRate,PhysTrax Apple Watch,11.6.1,"Watch7,1","<<HKDevice: 0x133e94060>, name:Apple Watch, manufacturer:Apple Inc., model:Watch, hardware:Watch7,1, software:11.6.1, creation date:2025-09-13 14:18:16 +0000>",2025-10-02 13:07:01 +0000,2025-10-02 13:07:01 +0000,count/min,71.0,2
HKQuantityTypeIdentifierHeartRate,PhysTrax Apple Watch,11.6.1,"Watch7,1","<<HKDevice: 0x133e94060>, name:Apple Watch, manufacturer:Apple Inc., model:Watch, hardware:Watch7,1, software:11.6.1, creation date:2025-09-13 14:18:16 +0000>",2025-10-02 13:07:06 +0000,2025-10-02 13:07:06 +0000,count/min,68.0,2
HKQuantityTypeIdentifierHeartRate,PhysTrax Apple Watch,11.6.1,"Watch7,1","<<HKDevice: 0x133e95200>, name:Apple Watch, manufacturer:Apple Inc., model:Watch, hardware:Watch7,1, software:11.6.1, creation date:2025-09-13 14:18:16 +0000>",2025-10-02 13:07:10 +0000,2025-10-02 13:07:10 +0000,count/min,68.0,2
HKQuantityTypeIdentifierHeartRate,PhysTrax Apple Watch,11.6.1,"Watch7,1","<<HKDevice: 0x133e95200>, name:Apple Watch, manufacturer:Apple Inc., model:Watch, hardware:Watch7,1, software:11.6.1, creation date:2025-09-13 14:18:16 +0000>",2025-10-02 13:07:16 +0000,2025-10-02 13:07:16 +0000,count/min,66.0,2
HKQuantityTypeIdentifierHeartRate,PhysTrax Apple Watch,11.6.1,"Watch7,1","<<HKDevice: 0x133e95200>, name:Apple Watch, manufacturer:Apple Inc., model:Watch, hardware:Watch7,1, software:11.6.1, creation date:2025-09-13 14:18:16 +0000>",2025-10-02 13:07:18 +0000,2025-10-02 13:07:18 +0000,count/min,66.0,2
HKQuantityTypeIdentifierHeartRate,PhysTrax Apple Watch,11.6.1,"Watch7,1","<<HKDevice: 0x133e95200>, name:Apple Watch, manufacturer:Apple Inc., model:Watch, hardware:Watch7,1, software:11.6.1, creation date:2025-09-13 14:18:16 +0000>",2025-10-02 13:07:27 +0000,2025-10-02 13:07:27 +0000,count/min,68.0,2
HKQuantityTypeIdentifierHeartRate,PhysTrax Apple Watch,11.6.1,"Watch7,1","<<HKDevice: 0x133e95200>, name:Apple Watch, manufacturer:Apple Inc., model:Watch, hardware:Watch7,1, software:11.6.1, creation date:2025-09-13 14:18:16 +0000>",2025-10-02 13:07:28 +0000,2025-10-02 13:07:28 +0000,count/min,68.0,2
HKQuantityTypeIdentifierHeartRate,PhysTrax Apple Watch,11.6.1,"Watch7,1","<<HKDevice: 0x133e95200>, name:Apple Watch, manufacturer:Apple Inc., model:Watch, hardware:Watch7,1, software:11.6.1, creation date:2025-09-13 14:18:16 +0000>",2025-10-02 13:07:37 +0000,2025-10-02 13:07:37 +0000,count/min,69.0,2
HKQuantityTypeIdentifierHeartRate,PhysTrax Apple Watch,11.6.1,"Watch7,1","<<HKDevice: 0x133e95200>, name:Apple Watch, manufacturer:Apple Inc., model:Watch, hardware:Watch7,1, software:11.6.1, creation date:2025-09-13 14:18:16 +0000>",2025-10-02 13:07:40 +0000,2025-10-02 13:07:40 +0000,count/min,69.0,2
HKQuantityTypeIdentifierHeartRate,PhysTrax Apple Watch,11.6.1,"Watch7,1","<<HKDevice: 0x133e95200>, name:Apple Watch, manufacturer:Apple Inc., model:Watch, hardware:Watch7,1, software:11.6.1, creation date:2025-09-13 14:18:16 +0000>",2025-10-02 13:07:45 +0000,2025-10-02 13:07:45 +0000,count/min,69.0,2
HKQuantityTypeIdentifierHeartRate,PhysTrax Apple Watch,11.6.1,"Watch7,1","<<HKDevice: 0x133e95200>, name:Apple Watch, manufacturer:Apple Inc., model:Watch, hardware:Watch7,1, software:11.6.1, creation date:2025-09-13 14:18:16 +0000>",2025-10-02 13:07:49 +0000,2025-10-02 13:07:49 +0000,count/min,68.0,2
HKQuantityTypeIdentifierHeartRate,PhysTrax Apple Watch,11.6.1,"Watch7,1","<<HKDevice: 0x133e95200>, name:Apple Watch, manufacturer:Apple Inc., model:Watch, hardware:Watch7,1, software:11.6.1, creation date:2025-09-13 14:18:16 +0000>",2025-10-02 13:07:57 +0000,2025-10-02 13:07:57 +0000,count/min,71.0,2
HKQuantityTypeIdentifierHeartRate,PhysTrax Apple Watch,11.6.1,"Watch7,1","<<HKDevice: 0x133e95200>, name:Apple Watch, manufacturer:Apple Inc., model:Watch, hardware:Watch7,1, software:11.6.1, creation date:2025-09-13 14:18:16 +0000>",2025-10-02 13:08:03 +0000,2025-10-02 13:08:03 +0000,count/min,68.0,2
HKQuantityTypeIdentifierHeartRate,PhysTrax Apple Watch,11.6.1,"Watch7,1","<<HKDevice: 0x133e95200>, name:Apple Watch, manufacturer:Apple Inc., model:Watch, hardware:Watch7,1, software:11.6.1, creation date:2025-09-13 14:18:16 +0000>",2025-10-02 13:08:08 +0000,2025-10-02 13:08:08 +0000,count/min,71.0,2
HKQuantityTypeIdentifierHeartRate,PhysTrax Apple Watch,11.6.1,"Watch7,1","<<HKDevice: 0x133e95200>, name:Apple Watch, manufacturer:Apple Inc., model:Watch, hardware:Watch7,1, software:11.6.1, creation date:2025-09-13 14:18:16 +0000>",2025-10-02 13:08:13 +0000,2025-10-02 13:08:13 +0000,count/min,71.0,2
HKQuantityTypeIdentifierHeartRate,PhysTrax Apple Watch,11.6.1,"Watch7,1","<<HKDevice: 0x133e95200>, name:Apple Watch, manufacturer:Apple Inc., model:Watch, hardware:Watch7,1, software:11.6.1, creation date:2025-09-13 14:18:16 +0000>",2025-10-02 13:08:14 +0000,2025-10-02 13:08:14 +0000,count/min,70.0,2
HKQuantityTypeIdentifierHeartRate,PhysTrax Apple Watch,11.6.1,"Watch7,1","<<HKDevice: 0x133e95200>, name:Apple Watch, manufacturer:Apple Inc., model:Watch, hardware:Watch7,1, software:11.6.1, creation date:2025-09-13 14:18:16 +0000>",2025-10-02 13:08:22 +0000,2025-10-02 13:08:22 +0000,count/min,75.0,2
HKQuantityTypeIdentifierHeartRate,PhysTrax Apple Watch,11.6.1,"Watch7,1","<<HKDevice: 0x133e95200>, name:Apple Watch, manufacturer:Apple Inc., model:Watch, hardware:Watch7,1, software:11.6.1, creation date:2025-09-13 14:18:16 +0000>",2025-10-02 13:08:24 +0000,2025-10-02 13:08:24 +0000,count/min,76.0,2
HKQuantityTypeIdentifierHeartRate,PhysTrax Apple Watch,11.6.1,"Watch7,1","<<HKDevice: 0x133e95200>, name:Apple Watch, manufacturer:Apple Inc., model:Watch, hardware:Watch7,1, software:11.6.1, creation date:2025-09-13 14:18:16 +0000>",2025-10-02 13:08:33 +0000,2025-10-02 13:08:33 +0000,count/min,73.0,2
HKQuantityTypeIdentifierHeartRate,PhysTrax Apple Watch,11.6.1,"Watch7,1","<<HKDevice: 0x133e95200>, name:Apple Watch, manufacturer:Apple Inc., model:Watch, hardware:Watch7,1, software:11.6.1, creation date:2025-09-13 14:18:16 +0000>",2025-10-02 13:08:36 +0000,2025-10-02 13:08:36 +0000,count/min,73.0,2
HKQuantityTypeIdentifierHeartRate,PhysTrax Apple Watch,11.6.1,"Watch7,1","<<HKDevice: 0x133e95200>, name:Apple Watch, manufacturer:Apple Inc., model:Watch, hardware:Watch7,1, software:11.6.1, creation date:2025-09-13 14:18:16 +0000>",2025-10-02 13:08:43 +0000,2025-10-02 13:08:43 +0000,count/min,74.0,2
HKQuantityTypeIdentifierHeartRate,PhysTrax Apple Watch,11.6.1,"Watch7,1","<<HKDevice: 0x133e95200>, name:Apple Watch, manufacturer:Apple Inc., model:Watch, hardware:Watch7,1, software:11.6.1, creation date:2025-09-13 14:18:16 +0000>",2025-10-02 13:08:48 +0000,2025-10-02 13:08:48 +0000,count/min,71.0,2
HKQuantityTypeIdentifierHeartRate,PhysTrax Apple Watch,11.6.1,"Watch7,1","<<HKDevice: 0x133e95200>, name:Apple Watch, manufacturer:Apple Inc., model:Watch, hardware:Watch7,1, software:11.6.1, creation date:2025-09-13 14:18:16 +0000>",2025-10-02 13:08:53 +0000,2025-10-02 13:08:53 +0000,count/min,72.0,2
HKQuantityTypeIdentifierHeartRate,PhysTrax Apple Watch,11.6.1,"Watch7,1","<<HKDevice: 0x133e95200>, name:Apple Watch, manufacturer:Apple Inc., model:Watch, hardware:Watch7,1, software:11.6.1, creation date:2025-09-13 14:18:16 +0000>",2025-10-02 13:08:58 +0000,2025-10-02 13:08:58 +0000,count/min,69.0,2
HKQuantityTypeIdentifierHeartRate,PhysTrax Apple Watch,11.6.1,"Watch7,1","<<HKDevice: 0x133e95200>, name:Apple Watch, manufacturer:Apple Inc., model:Watch, hardware:Watch7,1, software:11.6.1, creation date:2025-09-13 14:18:16 +0000>",2025-10-02 13:09:03 +0000,2025-10-02 13:09:03 +0000,count/min,68.0,2
HKQuantityTypeIdentifierHeartRate,PhysTrax Apple Watch,11.6.1,"Watch7,1","<<HKDevice: 0x133e95200>, name:Apple Watch, manufacturer:Apple Inc., model:Watch, hardware:Watch7,1, software:11.6.1, creation date:2025-09-13 14:18:16 +0000>",2025-10-02 13:09:08 +0000,2025-10-02 13:09:08 +0000,count/min,67.0,2
HKQuantityTypeIdentifierHeartRate,PhysTrax Apple Watch,11.6.1,"Watch7,1","<<HKDevice: 0x133e95200>, name:Apple Watch, manufacturer:Apple Inc., model:Watch, hardware:Watch7,1, software:11.6.1, creation date:2025-09-13 14:18:16 +0000>",2025-10-02 13:09:12 +0000,2025-10-02 13:09:12 +0000,count/min,65.0,2
HKQuantityTypeIdentifierHeartRate,PhysTrax Apple Watch,11.6.1,"Watch7,1","<<HKDevice: 0x133e95200>, name:Apple Watch, manufacturer:Apple Inc., model:Watch, hardware:Watch7,1, software:11.6.1, creation date:2025-09-13 14:18:16 +0000>",2025-10-02 13:09:14 +0000,2025-10-02 13:09:14 +0000,count/min,64.0,2
HKQuantityTypeIdentifierHeartRate,PhysTrax Apple Watch,11.6.1,"Watch7,1","<<HKDevice: 0x133e95200>, name:Apple Watch, manufacturer:Apple Inc., model:Watch, hardware:Watch7,1, software:11.6.1, creation date:2025-09-13 14:18:16 +0000>",2025-10-02 13:09:23 +0000,2025-10-02 13:09:23 +0000,count/min,66.0,2
HKQuantityTypeIdentifierHeartRate,PhysTrax Apple Watch,11.6.1,"Watch7,1","<<HKDevice: 0x133e95200>, name:Apple Watch, manufacturer:Apple Inc., model:Watch, hardware:Watch7,1, software:11.6.1, creation date:2025-09-13 14:18:16 +0000>",2025-10-02 13:09:28 +0000,2025-10-02 13:09:28 +0000,count/min,66.0,2
HKQuantityTypeIdentifierHeartRate,PhysTrax Apple Watch,11.6.1,"Watch7,1","<<HKDevice: 0x133e95200>, name:Apple Watch, manufacturer:Apple Inc., model:Watch, hardware:Watch7,1, software:11.6.1, creation date:2025-09-13 14:18:16 +0000>",2025-10-02 13:09:33 +0000,2025-10-02 13:09:33 +0000,count/min,66.0,2
HKQuantityTypeIdentifierHeartRate,PhysTrax Apple Watch,11.6.1,"Watch7,1","<<HKDevice: 0x133e95200>, name:Apple Watch, manufacturer:Apple Inc., model:Watch, hardware:Watch7,1, software:11.6.1, creation date:2025-09-13 14:18:16 +0000>",2025-10-02 13:09:36 +0000,2025-10-02 13:09:36 +0000,count/min,66.0,2
HKQuantityTypeIdentifierHeartRate,PhysTrax Apple Watch,11.6.1,"Watch7,1","<<HKDevice: 0x133e95200>, name:Apple Watch, manufacturer:Apple Inc., model:Watch, hardware:Watch7,1, software:11.6.1, creation date:2025-09-13 14:18:16 +0000>",2025-10-02 13:09:41 +0000,2025-10-02 13:09:41 +0000,count/min,65.0,2
HKQuantityTypeIdentifierHeartRate,PhysTrax Apple Watch,11.6.1,"Watch7,1","<<HKDevice: 0x133e95200>, name:Apple Watch, manufacturer:Apple Inc., model:Watch, hardware:Watch7,1, software:11.6.1, creation date:2025-09-13 14:18:16 +0000>",2025-10-02 13:09:46 +0000,2025-10-02 13:09:46 +0000,count/min,65.0,2
HKQuantityTypeIdentifierHeartRate,PhysTrax Apple Watch,11.6.1,"Watch7,1","<<HKDevice: 0x133e95200>, name:Apple Watch, manufacturer:Apple Inc., model:Watch, hardware:Watch7,1, software:11.6.1, creation date:2025-09-13 14:18:16 +0000>",2025-10-02 13:09:52 +0000,2025-10-02 13:09:52 +0000,count/min,70.0,2
HKQuantityTypeIdentifierHeartRate,PhysTrax Apple Watch,11.6.1,"Watch7,1","<<HKDevice: 0x133e95200>, name:Apple Watch, manufacturer:Apple Inc., model:Watch, hardware:Watch7,1, software:11.6.1, creation date:2025-09-13 14:18:16 +0000>",2025-10-02 13:09:54 +0000,2025-10-02 13:09:54 +0000,count/min,69.0,2
HKQuantityTypeIdentifierHeartRate,PhysTrax Apple Watch,11.6.1,"Watch7,1","<<HKDevice: 0x133e95200>, name:Apple Watch, manufacturer:Apple Inc., model:Watch, hardware:Watch7,1, software:11.6.1, creation date:2025-09-13 14:18:16 +0000>",2025-10-02 13:09:59 +0000,2025-10-02 13:09:59 +0000,count/min,66.0,2
HKQuantityTypeIdentifierHeartRate,PhysTrax Apple Watch,11.6.1,"Watch7,1","<<HKDevice: 0x133e95200>, name:Apple Watch, manufacturer:Apple Inc., model:Watch, hardware:Watch7,1, software:11.6.1, creation date:2025-09-13 14:18:16 +0000>",2025-10-02 13:10:06 +0000,2025-10-02 13:10:06 +0000,count/min,76.0,2
HKQuantityTypeIdentifierHeartRate,PhysTrax Apple Watch,11.6.1,"Watch7,1","<<HKDevice: 0x133e95200>, name:Apple Watch, manufacturer:Apple Inc., model:Watch, hardware:Watch7,1, software:11.6.1, creation date:2025-09-13 14:18:16 +0000>",2025-10-02 13:10:14 +0000,2025-10-02 13:10:14 +0000,count/min,82.0,2
HKQuantityTypeIdentifierHeartRate,PhysTrax Apple Watch,11.6.1,"Watch7,1","<<HKDevice: 0x133e95200>, name:Apple Watch, manufacturer:Apple Inc., model:Watch, hardware:Watch7,1, software:11.6.1, creation date:2025-09-13 14:18:16 +0000>",2025-10-02 13:10:19 +0000,2025-10-02 13:10:19 +0000,count/min,73.0,2
HKQuantityTypeIdentifierHeartRate,PhysTrax Apple Watch,11.6.1,"Watch7,1","<<HKDevice: 0x133e95200>, name:Apple Watch, manufacturer:Apple Inc., model:Watch, hardware:Watch7,1, software:11.6.1, creation date:2025-09-13 14:18:16 +0000>",2025-10-02 13:10:24 +0000,2025-10-02 13:10:24 +0000,count/min,66.0,2
HKQuantityTypeIdentifierHeartRate,PhysTrax Apple Watch,11.6.1,"Watch7,1","<<HKDevice: 0x133e95200>, name:Apple Watch, manufacturer:Apple Inc., model:Watch, hardware:Watch7,1, software:11.6.1, creation date:2025-09-13 14:18:16 +0000>",2025-10-02 13:10:28 +0000,2025-10-02 13:10:28 +0000,count/min,65.0,2
HKQuantityTypeIdentifierHeartRate,PhysTrax Apple Watch,11.6.1,"Watch7,1","<<HKDevice: 0x133e95200>, name:Apple Watch, manufacturer:Apple Inc., model:Watch, hardware:Watch7,1, software:11.6.1, creation date:2025-09-13 14:18:16 +0000>",2025-10-02 13:10:31 +0000,2025-10-02 13:10:31 +0000,count/min,64.0,2
HKQuantityTypeIdentifierHeartRate,PhysTrax Apple Watch,11.6.1,"Watch7,1","<<HKDevice: 0x133e95200>, name:Apple Watch, manufacturer:Apple Inc., model:Watch, hardware:Watch7,1, software:11.6.1, creation date:2025-09-13 14:18:16 +0000>",2025-10-02 13:10:36 +0000,2025-10-02 13:10:36 +0000,count/min,67.0,2
HKQuantityTypeIdentifierHeartRate,PhysTrax Apple Watch,11.6.1,"Watch7,1","<<HKDevice: 0x133e95200>, name:Apple Watch, manufacturer:Apple Inc., model:Watch, hardware:Watch7,1, software:11.6.1, creation date:2025-09-13 14:18:16 +0000>",2025-10-02 13:10:40 +0000,2025-10-02 13:10:40 +0000,count/min,71.0,2
HKQuantityTypeIdentifierHeartRate,PhysTrax Apple Watch,11.6.1,"Watch7,1","<<HKDevice: 0x133e95200>, name:Apple Watch, manufacturer:Apple Inc., model:Watch, hardware:Watch7,1, software:11.6.1, creation date:2025-09-13 14:18:16 +0000>",2025-10-02 13:10:46 +0000,2025-10-02 13:10:46 +0000,count/min,73.0,2
HKQuantityTypeIdentifierHeartRate,PhysTrax Apple Watch,11.6.1,"Watch7,1","<<HKDevice: 0x133e95200>, name:Apple Watch, manufacturer:Apple Inc., model:Watch, hardware:Watch7,1, software:11.6.1, creation date:2025-09-13 14:18:16 +0000>",2025-10-02 13:10:50 +0000,2025-10-02 13:10:50 +0000,count/min,76.0,2
HKQuantityTypeIdentifierHeartRate,PhysTrax Apple Watch,11.6.1,"Watch7,1","<<HKDevice: 0x133e95200>, name:Apple Watch, manufacturer:Apple Inc., model:Watch, hardware:Watch7,1, software:11.6.1, creation date:2025-09-13 14:18:16 +0000>",2025-10-02 13:10:55 +0000,2025-10-02 13:10:55 +0000,count/min,78.0,2
HKQuantityTypeIdentifierHeartRate,PhysTrax Apple Watch,11.6.1,"Watch7,1","<<HKDevice: 0x133e95200>, name:Apple Watch, manufacturer:Apple Inc., model:Watch, hardware:Watch7,1, software:11.6.1, creation date:2025-09-13 14:18:16 +0000>",2025-10-02 13:11:04 +0000,2025-10-02 13:11:04 +0000,count/min,72.0,2
HKQuantityTypeIdentifierHeartRate,PhysTrax Apple Watch,11.6.1,"Watch7,1","<<HKDevice: 0x133e95200>, name:Apple Watch, manufacturer:Apple Inc., model:Watch, hardware:Watch7,1, software:11.6.1, creation date:2025-09-13 14:18:16 +0000>",2025-10-02 13:11:09 +0000,2025-10-02 13:11:09 +0000,count/min,72.0,2
HKQuantityTypeIdentifierHeartRate,PhysTrax Apple Watch,11.6.1,"Watch7,1","<<HKDevice: 0x133e95200>, name:Apple Watch, manufacturer:Apple Inc., model:Watch, hardware:Watch7,1, software:11.6.1, creation date:2025-09-13 14:18:16 +0000>",2025-10-02 13:11:14 +0000,2025-10-02 13:11:14 +0000,count/min,68.0,2
HKQuantityTypeIdentifierHeartRate,PhysTrax Apple Watch,11.6.1,"Watch7,1","<<HKDevice: 0x133e95200>, name:Apple Watch, manufacturer:Apple Inc., model:Watch, hardware:Watch7,1, software:11.6.1, creation date:2025-09-13 14:18:16 +0000>",2025-10-02 13:11:17 +0000,2025-10-02 13:11:17 +0000,count/min,67.0,2
HKQuantityTypeIdentifierHeartRate,PhysTrax Apple Watch,11.6.1,"Watch7,1","<<HKDevice: 0x133e95200>, name:Apple Watch, manufacturer:Apple Inc., model:Watch, hardware:Watch7,1, software:11.6.1, creation date:2025-09-13 14:18:16 +0000>",2025-10-02 13:11:23 +0000,2025-10-02 13:11:23 +0000,count/min,76.0,2
HKQuantityTypeIdentifierHeartRate,PhysTrax Apple Watch,11.6.1,"Watch7,1","<<HKDevice: 0x133e95200>, name:Apple Watch, manufacturer:Apple Inc., model:Watch, hardware:Watch7,1, software:11.6.1, creation date:2025-09-13 14:18:16 +0000>",2025-10-02 13:11:25 +0000,2025-10-02 13:11:25 +0000,count/min,75.0,2
HKQuantityTypeIdentifierHeartRate,PhysTrax Apple Watch,11.6.1,"Watch7,1","<<HKDevice: 0x133e95200>, name:Apple Watch, manufacturer:Apple Inc., model:Watch, hardware:Watch7,1, software:11.6.1, creation date:2025-09-13 14:18:16 +0000>",2025-10-02 13:11:32 +0000,2025-10-02 13:11:32 +0000,count/min,73.0,2
HKQuantityTypeIdentifierHeartRate,PhysTrax Apple Watch,11.6.1,"Watch7,1","<<HKDevice: 0x133e95200>, name:Apple Watch, manufacturer:Apple Inc., model:Watch, hardware:Watch7,1, software:11.6.1, creation date:2025-09-13 14:18:16 +0000>",2025-10-02 13:11:35 +0000,2025-10-02 13:11:35 +0000,count/min,72.0,2
HKQuantityTypeIdentifierHeartRate,PhysTrax Apple Watch,11.6.1,"Watch7,1","<<HKDevice: 0x133e95200>, name:Apple Watch, manufacturer:Apple Inc., model:Watch, hardware:Watch7,1, software:11.6.1, creation date:2025-09-13 14:18:16 +0000>",2025-10-02 13:11:44 +0000,2025-10-02 13:11:44 +0000,count/min,75.0,2
HKQuantityTypeIdentifierHeartRate,PhysTrax Apple Watch,11.6.1,"Watch7,1","<<HKDevice: 0x133e95200>, name:Apple Watch, manufacturer:Apple Inc., model:Watch, hardware:Watch7,1, software:11.6.1, creation date:2025-09-13 14:18:16 +0000>",2025-10-02 13:11:49 +0000,2025-10-02 13:11:49 +0000,count/min,75.0,2
HKQuantityTypeIdentifierHeartRate,PhysTrax Apple Watch,11.6.1,"Watch7,1","<<HKDevice: 0x133e95200>, name:Apple Watch, manufacturer:Apple Inc., model:Watch, hardware:Watch7,1, software:11.6.1, creation date:2025-09-13 14:18:16 +0000>",2025-10-02 13:11:54 +0000,2025-10-02 13:11:54 +0000,count/min,70.0,2
HKQuantityTypeIdentifierHeartRate,PhysTrax Apple Watch,11.6.1,"Watch7,1","<<HKDevice: 0x133e95200>, name:Apple Watch, manufacturer:Apple Inc., model:Watch, hardware:Watch7,1, software:11.6.1, creation date:2025-09-13 14:18:16 +0000>",2025-10-02 13:11:59 +0000,2025-10-02 13:11:59 +0000,count/min,68.0,2
HKQuantityTypeIdentifierHeartRate,PhysTrax Apple Watch,11.6.1,"Watch7,1","<<HKDevice: 0x133e95200>, name:Apple Watch, manufacturer:Apple Inc., model:Watch, hardware:Watch7,1, software:11.6.1, creation date:2025-09-13 14:18:16 +0000>",2025-10-02 13:12:00 +0000,2025-10-02 13:12:00 +0000,count/min,67.0,2
HKQuantityTypeIdentifierHeartRate,PhysTrax Apple Watch,11.6.1,"Watch7,1","<<HKDevice: 0x133e95200>, name:Apple Watch, manufacturer:Apple Inc., model:Watch, hardware:Watch7,1, software:11.6.1, creation date:2025-09-13 14:18:16 +0000>",2025-10-02 13:12:05 +0000,2025-10-02 13:12:05 +0000,count/min,74.0,2
HKQuantityTypeIdentifierHeartRate,PhysTrax Apple Watch,11.6.1,"Watch7,1","<<HKDevice: 0x133e95200>, name:Apple Watch, manufacturer:Apple Inc., model:Watch, hardware:Watch7,1, software:11.6.1, creation date:2025-09-13 14:18:16 +0000>",2025-10-02 13:12:12 +0000,2025-10-02 13:12:12 +0000,count/min,79.0,2
HKQuantityTypeIdentifierHeartRate,PhysTrax Apple Watch,11.6.1,"Watch7,1","<<HKDevice: 0x133e95200>, name:Apple Watch, manufacturer:Apple Inc., model:Watch, hardware:Watch7,1, software:11.6.1, creation date:2025-09-13 14:18:16 +0000>",2025-10-02 13:12:19 +0000,2025-10-02 13:12:19 +0000,count/min,77.00000000000001,2
HKQuantityTypeIdentifierHeartRate,PhysTrax Apple Watch,11.6.1,"Watch7,1","<<HKDevice: 0x133e95200>, name:Apple Watch, manufacturer:Apple Inc., model:Watch, hardware:Watch7,1, software:11.6.1, creation date:2025-09-13 14:18:16 +0000>",2025-10-02 13:12:24 +0000,2025-10-02 13:12:24 +0000,count/min,78.0,2
HKQuantityTypeIdentifierHeartRate,PhysTrax Apple Watch,11.6.1,"Watch7,1","<<HKDevice: 0x133e95200>, name:Apple Watch, manufacturer:Apple Inc., model:Watch, hardware:Watch7,1, software:11.6.1, creation date:2025-09-13 14:18:16 +0000>",2025-10-02 13:14:05 +0000,2025-10-02 13:14:05 +0000,count/min,65.0,2
HKQuantityTypeIdentifierHeartRate,PhysTrax Apple Watch,11.6.1,"Watch7,1","<<HKDevice: 0x133e95200>, name:Apple Watch, manufacturer:Apple Inc., model:Watch, hardware:Watch7,1, software:11.6.1, creation date:2025-09-13 14:18:16 +0000>",2025-10-02 13:18:01 +0000,2025-10-02 13:18:01 +0000,count/min,89.0,2
HKQuantityTypeIdentifierHeartRate,PhysTrax Apple Watch,11.6.1,"Watch7,1","<<HKDevice: 0x133e95200>, name:Apple Watch, manufacturer:Apple Inc., model:Watch, hardware:Watch7,1, software:11.6.1, creation date:2025-09-13 14:18:16 +0000>",2025-10-02 13:21:15 +0000,2025-10-02 13:21:15 +0000,count/min,90.0,2
HKQuantityTypeIdentifierHeartRate,PhysTrax Apple Watch,11.6.1,"Watch7,1","<<HKDevice: 0x133e95200>, name:Apple Watch, manufacturer:Apple Inc., model:Watch, hardware:Watch7,1, software:11.6.1, creation date:2025-09-13 14:18:16 +0000>",2025-10-02 13:23:31 +0000,2025-10-02 13:23:31 +0000,count/min,64.0,2
HKQuantityTypeIdentifierHeartRate,PhysTrax Apple Watch,11.6.1,"Watch7,1","<<HKDevice: 0x133e95200>, name:Apple Watch, manufacturer:Apple Inc., model:Watch, hardware:Watch7,1, software:11.6.1, creation date:2025-09-13 14:18:16 +0000>",2025-10-02 13:29:34 +0000,2025-10-02 13:29:34 +0000,count/min,64.0,2
HKQuantityTypeIdentifierHeartRate,PhysTrax Apple Watch,11.6.1,"Watch7,1","<<HKDevice: 0x133e95200>, name:Apple Watch, manufacturer:Apple Inc., model:Watch, hardware:Watch7,1, software:11.6.1, creation date:2025-09-13 14:18:16 +0000>",2025-10-02 13:35:02 +0000,2025-10-02 13:35:02 +0000,count/min,60.0,2
HKQuantityTypeIdentifierHeartRate,PhysTrax Apple Watch,11.6.1,"Watch7,1","<<HKDevice: 0x133e95200>, name:Apple Watch, manufacturer:Apple Inc., model:Watch, hardware:Watch7,1, software:11.6.1, creation date:2025-09-13 14:18:16 +0000>",2025-10-02 13:37:21 +0000,2025-10-02 13:37:21 +0000,count/min,66.0,2
HKQuantityTypeIdentifierHeartRate,PhysTrax Apple Watch,11.6.1,"Watch7,1","<<HKDevice: 0x133e95200>, name:Apple Watch, manufacturer:Apple Inc., model:Watch, hardware:Watch7,1, software:11.6.1, creation date:2025-09-13 14:18:16 +0000>",2025-10-02 13:45:05 +0000,2025-10-02 13:45:05 +0000,count/min,61.0,2
HKQuantityTypeIdentifierHeartRate,PhysTrax Apple Watch,11.6.1,"Watch7,1","<<HKDevice: 0x133e95200>, name:Apple Watch, manufacturer:Apple Inc., model:Watch, hardware:Watch7,1, software:11.6.1, creation date:2025-09-13 14:18:16 +0000>",2025-10-02 13:50:55 +0000,2025-10-02 13:50:55 +0000,count/min,61.0,2
HKQuantityTypeIdentifierHeartRate,PhysTrax Apple Watch,11.6.1,"Watch7,1","<<HKDevice: 0x133e95200>, name:Apple Watch, manufacturer:Apple Inc., model:Watch, hardware:Watch7,1, software:11.6.1, creation date:2025-09-13 14:18:16 +0000>",2025-10-02 13:55:31 +0000,2025-10-02 13:55:31 +0000,count/min,58.0,2
HKQuantityTypeIdentifierHeartRate,PhysTrax Apple Watch,11.6.1,"Watch7,1","<<HKDevice: 0x133e95200>, name:Apple Watch, manufacturer:Apple Inc., model:Watch, hardware:Watch7,1, software:11.6.1, creation date:2025-09-13 14:18:16 +0000>",2025-10-02 13:57:22 +0000,2025-10-02 13:57:22 +0000,count/min,58.0,2
HKQuantityTypeIdentifierHeartRate,PhysTrax Apple Watch,11.6.1,"Watch7,1","<<HKDevice: 0x133e95200>, name:Apple Watch, manufacturer:Apple Inc., model:Watch, hardware:Watch7,1, software:11.6.1, creation date:2025-09-13 14:18:16 +0000>",2025-10-02 14:01:29 +0000,2025-10-02 14:01:29 +0000,count/min,106.0,2
HKQuantityTypeIdentifierHeartRate,PhysTrax Apple Watch,11.6.1,"Watch7,1","<<HKDevice: 0x133e95200>, name:Apple Watch, manufacturer:Apple Inc., model:Watch, hardware:Watch7,1, software:11.6.1, creation date:2025-09-13 14:18:16 +0000>",2025-10-02 14:01:36 +0000,2025-10-02 14:01:36 +0000,count/min,105.0,2
HKQuantityTypeIdentifierHeartRate,PhysTrax Apple Watch,11.6.1,"Watch7,1","<<HKDevice: 0x133e95200>, name:Apple Watch, manufacturer:Apple Inc., model:Watch, hardware:Watch7,1, software:11.6.1, creation date:2025-09-13 14:18:16 +0000>",2025-10-02 14:01:40 +0000,2025-10-02 14:01:40 +0000,count/min,107.00000000000001,2
HKQuantityTypeIdentifierHeartRate,PhysTrax Apple Watch,11.6.1,"Watch7,1","<<HKDevice: 0x133e95200>, name:Apple Watch, manufacturer:Apple Inc., model:Watch, hardware:Watch7,1, software:11.6.1, creation date:2025-09-13 14:18:16 +0000>",2025-10-02 14:01:45 +0000,2025-10-02 14:01:45 +0000,count/min,104.0,2
HKQuantityTypeIdentifierHeartRate,PhysTrax Apple Watch,11.6.1,"Watch7,1","<<HKDevice: 0x133e95200>, name:Apple Watch, manufacturer:Apple Inc., model:Watch, hardware:Watch7,1, software:11.6.1, creation date:2025-09-13 14:18:16 +0000>",2025-10-02 14:02:01 +0000,2025-10-02 14:02:01 +0000,count/min,79.0,2
HKQuantityTypeIdentifierHeartRate,PhysTrax Apple Watch,11.6.1,"Watch7,1","<<HKDevice: 0x133e95200>, name:Apple Watch, manufacturer:Apple Inc., model:Watch, hardware:Watch7,1, software:11.6.1, creation date:2025-09-13 14:18:16 +0000>",2025-10-02 14:02:06 +0000,2025-10-02 14:02:06 +0000,count/min,77.00000000000001,2
HKQuantityTypeIdentifierHeartRate,PhysTrax Apple Watch,11.6.1,"Watch7,1","<<HKDevice: 0x133e95200>, name:Apple Watch, manufacturer:Apple Inc., model:Watch, hardware:Watch7,1, software:11.6.1, creation date:2025-09-13 14:18:16 +0000>",2025-10-02 14:02:10 +0000,2025-10-02 14:02:10 +0000,count/min,76.0,2
HKQuantityTypeIdentifierHeartRate,PhysTrax Apple Watch,11.6.1,"Watch7,1","<<HKDevice: 0x133e95200>, name:Apple Watch, manufacturer:Apple Inc., model:Watch, hardware:Watch7,1, software:11.6.1, creation date:2025-09-13 14:18:16 +0000>",2025-10-02 14:02:12 +0000,2025-10-02 14:02:12 +0000,count/min,76.0,2
HKQuantityTypeIdentifierHeartRate,PhysTrax Apple Watch,11.6.1,"Watch7,1","<<HKDevice: 0x133e95200>, name:Apple Watch, manufacturer:Apple Inc., model:Watch, hardware:Watch7,1, software:11.6.1, creation date:2025-09-13 14:18:16 +0000>",2025-10-02 14:02:17 +0000,2025-10-02 14:02:17 +0000,count/min,76.0,2
HKQuantityTypeIdentifierHeartRate,PhysTrax Apple Watch,11.6.1,"Watch7,1","<<HKDevice: 0x133e95200>, name:Apple Watch, manufacturer:Apple Inc., model:Watch, hardware:Watch7,1, software:11.6.1, creation date:2025-09-13 14:18:16 +0000>",2025-10-02 14:02:36 +0000,2025-10-02 14:02:36 +0000,count/min,84.0,2
HKQuantityTypeIdentifierHeartRate,PhysTrax Apple Watch,11.6.1,"Watch7,1","<<HKDevice: 0x133e95200>, name:Apple Watch, manufacturer:Apple Inc., model:Watch, hardware:Watch7,1, software:11.6.1, creation date:2025-09-13 14:18:16 +0000>",2025-10-02 14:02:37 +0000,2025-10-02 14:02:37 +0000,count/min,85.0,2
HKQuantityTypeIdentifierHeartRate,PhysTrax Apple Watch,11.6.1,"Watch7,1","<<HKDevice: 0x133e95200>, name:Apple Watch, manufacturer:Apple Inc., model:Watch, hardware:Watch7,1, software:11.6.1, creation date:2025-09-13 14:18:16 +0000>",2025-10-02 14:02:46 +0000,2025-10-02 14:02:46 +0000,count/min,82.0,2
HKQuantityTypeIdentifierHeartRate,PhysTrax Apple Watch,11.6.1,"Watch7,1","<<HKDevice: 0x133e95200>, name:Apple Watch, manufacturer:Apple Inc., model:Watch, hardware:Watch7,1, software:11.6.1, creation date:2025-09-13 14:18:16 +0000>",2025-10-02 14:02:47 +0000,2025-10-02 14:02:47 +0000,count/min,82.0,2
HKQuantityTypeIdentifierHeartRate,PhysTrax Apple Watch,11.6.1,"Watch7,1","<<HKDevice: 0x133e95200>, name:Apple Watch, manufacturer:Apple Inc., model:Watch, hardware:Watch7,1, software:11.6.1, creation date:2025-09-13 14:18:16 +0000>",2025-10-02 14:02:55 +0000,2025-10-02 14:02:55 +0000,count/min,78.0,2
HKQuantityTypeIdentifierHeartRate,PhysTrax Apple Watch,11.6.1,"Watch7,1","<<HKDevice: 0x133e95200>, name:Apple Watch, manufacturer:Apple Inc., model:Watch, hardware:Watch7,1, software:11.6.1, creation date:2025-09-13 14:18:16 +0000>",2025-10-02 14:02:57 +0000,2025-10-02 14:02:57 +0000,count/min,77.00000000000001,2
HKQuantityTypeIdentifierHeartRate,PhysTrax Apple Watch,11.6.1,"Watch7,1","<<HKDevice: 0x133e95200>, name:Apple Watch, manufacturer:Apple Inc., model:Watch, hardware:Watch7,1, software:11.6.1, creation date:2025-09-13 14:18:16 +0000>",2025-10-02 14:03:06 +0000,2025-10-02 14:03:06 +0000,count/min,76.0,2
HKQuantityTypeIdentifierHeartRate,PhysTrax Apple Watch,11.6.1,"Watch7,1","<<HKDevice: 0x133e95200>, name:Apple Watch, manufacturer:Apple Inc., model:Watch, hardware:Watch7,1, software:11.6.1, creation date:2025-09-13 14:18:16 +0000>",2025-10-02 14:03:08 +0000,2025-10-02 14:03:08 +0000,count/min,75.0,2
HKQuantityTypeIdentifierHeartRate,PhysTrax Apple Watch,11.6.1,"Watch7,1","<<HKDevice: 0x133e95200>, name:Apple Watch, manufacturer:Apple Inc., model:Watch, hardware:Watch7,1, software:11.6.1, creation date:2025-09-13 14:18:16 +0000>",2025-10-02 14:03:30 +0000,2025-10-02 14:03:30 +0000,count/min,81.0,2
HKQuantityTypeIdentifierHeartRate,PhysTrax Apple Watch,11.6.1,"Watch7,1","<<HKDevice: 0x133e95200>, name:Apple Watch, manufacturer:Apple Inc., model:Watch, hardware:Watch7,1, software:11.6.1, creation date:2025-09-13 14:18:16 +0000>",2025-10-02 14:03:34 +0000,2025-10-02 14:03:34 +0000,count/min,82.0,2
HKQuantityTypeIdentifierHeartRate,PhysTrax Apple Watch,11.6.1,"Watch7,1","<<HKDevice: 0x133e95200>, name:Apple Watch, manufacturer:Apple Inc., model:Watch, hardware:Watch7,1, software:11.6.1, creation date:2025-09-13 14:18:16 +0000>",2025-10-02 14:03:38 +0000,2025-10-02 14:03:38 +0000,count/min,83.0,2
HKQuantityTypeIdentifierHeartRate,PhysTrax Apple Watch,11.6.1,"Watch7,1","<<HKDevice: 0x133e95200>, name:Apple Watch, manufacturer:Apple Inc., model:Watch, hardware:Watch7,1, software:11.6.1, creation date:2025-09-13 14:18:16 +0000>",2025-10-02 14:03:43 +0000,2025-10-02 14:03:43 +0000,count/min,78.0,2
HKQuantityTypeIdentifierHeartRate,PhysTrax Apple Watch,11.6.1,"Watch7,1","<<HKDevice: 0x133e95200>, name:Apple Watch, manufacturer:Apple Inc., model:Watch, hardware:Watch7,1, software:11.6.1, creation date:2025-09-13 14:18:16 +0000>",2025-10-02 14:03:51 +0000,2025-10-02 14:03:51 +0000,count/min,73.0,2
HKQuantityTypeIdentifierHeartRate,PhysTrax Apple Watch,11.6.1,"Watch7,1","<<HKDevice: 0x133e95200>, name:Apple Watch, manufacturer:Apple Inc., model:Watch, hardware:Watch7,1, software:11.6.1, creation date:2025-09-13 14:18:16 +0000>",2025-10-02 14:03:56 +0000,2025-10-02 14:03:56 +0000,count/min,70.0,2
HKQuantityTypeIdentifierHeartRate,PhysTrax Apple Watch,11.6.1,"Watch7,1","<<HKDevice: 0x133e95200>, name:Apple Watch, manufacturer:Apple Inc., model:Watch, hardware:Watch7,1, software:11.6.1, creation date:2025-09-13 14:18:16 +0000>",2025-10-02 14:03:57 +0000,2025-10-02 14:03:57 +0000,count/min,71.0,2
HKQuantityTypeIdentifierHeartRate,PhysTrax Apple Watch,11.6.1,"Watch7,1","<<HKDevice: 0x133e95200>, name:Apple Watch, manufacturer:Apple Inc., model:Watch, hardware:Watch7,1, software:11.6.1, creation date:2025-09-13 14:18:16 +0000>",2025-10-02 14:04:04 +0000,2025-10-02 14:04:04 +0000,count/min,79.0,2
HKQuantityTypeIdentifierHeartRate,PhysTrax Apple Watch,11.6.1,"Watch7,1","<<HKDevice: 0x133e95200>, name:Apple Watch, manufacturer:Apple Inc., model:Watch, hardware:Watch7,1, software:11.6.1, creation date:2025-09-13 14:18:16 +0000>",2025-10-02 14:04:12 +0000,2025-10-02 14:04:12 +0000,count/min,85.0,2
HKQuantityTypeIdentifierHeartRate,PhysTrax Apple Watch,11.6.1,"Watch7,1","<<HKDevice: 0x133e95200>, name:Apple Watch, manufacturer:Apple Inc., model:Watch, hardware:Watch7,1, software:11.6.1, creation date:2025-09-13 14:18:16 +0000>",2025-10-02 14:04:21 +0000,2025-10-02 14:04:21 +0000,count/min,88.0,2
HKQuantityTypeIdentifierHeartRate,PhysTrax Apple Watch,11.6.1,"Watch7,1","<<HKDevice: 0x133e95200>, name:Apple Watch, manufacturer:Apple Inc., model:Watch, hardware:Watch7,1, software:11.6.1, creation date:2025-09-13 14:18:16 +0000>",2025-10-02 14:04:26 +0000,2025-10-02 14:04:26 +0000,count/min,90.0,2
HKQuantityTypeIdentifierHeartRate,PhysTrax Apple Watch,11.6.1,"Watch7,1","<<HKDevice: 0x133e95200>, name:Apple Watch, manufacturer:Apple Inc., model:Watch, hardware:Watch7,1, software:11.6.1, creation date:2025-09-13 14:18:16 +0000>",2025-10-02 14:04:38 +0000,2025-10-02 14:04:38 +0000,count/min,101.0,2
HKQuantityTypeIdentifierHeartRate,PhysTrax Apple Watch,11.6.1,"Watch7,1","<<HKDevice: 0x133e95200>, name:Apple Watch, manufacturer:Apple Inc., model:Watch, hardware:Watch7,1, software:11.6.1, creation date:2025-09-13 14:18:16 +0000>",2025-10-02 14:04:42 +0000,2025-10-02 14:04:42 +0000,count/min,103.0,2
HKQuantityTypeIdentifierHeartRate,PhysTrax Apple Watch,11.6.1,"Watch7,1","<<HKDevice: 0x133e95200>, name:Apple Watch, manufacturer:Apple Inc., model:Watch, hardware:Watch7,1, software:11.6.1, creation date:2025-09-13 14:18:16 +0000>",2025-10-02 14:04:47 +0000,2025-10-02 14:04:47 +0000,count/min,108.0,2
HKQuantityTypeIdentifierHeartRate,PhysTrax Apple Watch,11.6.1,"Watch7,1","<<HKDevice: 0x133e95200>, name:Apple Watch, manufacturer:Apple Inc., model:Watch, hardware:Watch7,1, software:11.6.1, creation date:2025-09-13 14:18:16 +0000>",2025-10-02 14:04:52 +0000,2025-10-02 14:04:52 +0000,count/min,111.0,2
HKQuantityTypeIdentifierHeartRate,PhysTrax Apple Watch,11.6.1,"Watch7,1","<<HKDevice: 0x133e95200>, name:Apple Watch, manufacturer:Apple Inc., model:Watch, hardware:Watch7,1, software:11.6.1, creation date:2025-09-13 14:18:16 +0000>",2025-10-02 14:05:00 +0000,2025-10-02 14:05:00 +0000,count/min,108.0,2
HKQuantityTypeIdentifierHeartRate,PhysTrax Apple Watch,11.6.1,"Watch7,1","<<HKDevice: 0x133e95200>, name:Apple Watch, manufacturer:Apple Inc., model:Watch, hardware:Watch7,1, software:11.6.1, creation date:2025-09-13 14:18:16 +0000>",2025-10-02 14:05:13 +0000,2025-10-02 14:05:13 +0000,count/min,107.00000000000001,2
HKQuantityTypeIdentifierHeartRate,PhysTrax Apple Watch,11.6.1,"Watch7,1","<<HKDevice: 0x133e95200>, name:Apple Watch, manufacturer:Apple Inc., model:Watch, hardware:Watch7,1, software:11.6.1, creation date:2025-09-13 14:18:16 +0000>",2025-10-02 14:05:18 +0000,2025-10-02 14:05:18 +0000,count/min,108.0,2
HKQuantityTypeIdentifierHeartRate,PhysTrax Apple Watch,11.6.1,"Watch7,1","<<HKDevice: 0x133e95200>, name:Apple Watch, manufacturer:Apple Inc., model:Watch, hardware:Watch7,1, software:11.6.1, creation date:2025-09-13 14:18:16 +0000>",2025-10-02 14:05:24 +0000,2025-10-02 14:05:24 +0000,count/min,110.0,2
HKQuantityTypeIdentifierHeartRate,PhysTrax Apple Watch,11.6.1,"Watch7,1","<<HKDevice: 0x133e95200>, name:Apple Watch, manufacturer:Apple Inc., model:Watch, hardware:Watch7,1, software:11.6.1, creation date:2025-09-13 14:18:16 +0000>",2025-10-02 14:05:37 +0000,2025-10-02 14:05:37 +0000,count/min,103.0,2
HKQuantityTypeIdentifierHeartRate,PhysTrax Apple Watch,11.6.1,"Watch7,1","<<HKDevice: 0x133e95200>, name:Apple Watch, manufacturer:Apple Inc., model:Watch, hardware:Watch7,1, software:11.6.1, creation date:2025-09-13 14:18:16 +0000>",2025-10-02 14:05:39 +0000,2025-10-02 14:05:39 +0000,count/min,103.0,2
HKQuantityTypeIdentifierHeartRate,PhysTrax Apple Watch,11.6.1,"Watch7,1","<<HKDevice: 0x133e95200>, name:Apple Watch, manufacturer:Apple Inc., model:Watch, hardware:Watch7,1, software:11.6.1, creation date:2025-09-13 14:18:16 +0000>",2025-10-02 14:05:45 +0000,2025-10-02 14:05:45 +0000,count/min,102.0,2
HKQuantityTypeIdentifierHeartRate,PhysTrax Apple Watch,11.6.1,"Watch7,1","<<HKDevice: 0x133e95200>, name:Apple Watch, manufacturer:Apple Inc., model:Watch, hardware:Watch7,1, software:11.6.1, creation date:2025-09-13 14:18:16 +0000>",2025-10-02 14:05:48 +0000,2025-10-02 14:05:48 +0000,count/min,102.0,2
HKQuantityTypeIdentifierHeartRate,PhysTrax Apple Watch,11.6.1,"Watch7,1","<<HKDevice: 0x133e95200>, name:Apple Watch, manufacturer:Apple Inc., model:Watch, hardware:Watch7,1, software:11.6.1, creation date:2025-09-13 14:18:16 +0000>",2025-10-02 14:05:57 +0000,2025-10-02 14:05:57 +0000,count/min,104.0,2
HKQuantityTypeIdentifierHeartRate,PhysTrax Apple Watch,11.6.1,"Watch7,1","<<HKDevice: 0x133e95200>, name:Apple Watch, manufacturer:Apple Inc., model:Watch, hardware:Watch7,1, software:11.6.1, creation date:2025-09-13 14:18:16 +0000>",2025-10-02 14:06:02 +0000,2025-10-02 14:06:02 +0000,count/min,102.0,2
HKQuantityTypeIdentifierHeartRate,PhysTrax Apple Watch,11.6.1,"Watch7,1","<<HKDevice: 0x133e95200>, name:Apple Watch, manufacturer:Apple Inc., model:Watch, hardware:Watch7,1, software:11.6.1, creation date:2025-09-13 14:18:16 +0000>",2025-10-02 14:06:05 +0000,2025-10-02 14:06:05 +0000,count/min,102.0,2
HKQuantityTypeIdentifierHeartRate,PhysTrax Apple Watch,11.6.1,"Watch7,1","<<HKDevice: 0x133e95200>, name:Apple Watch, manufacturer:Apple Inc., model:Watch, hardware:Watch7,1, software:11.6.1, creation date:2025-09-13 14:18:16 +0000>",2025-10-02 14:06:12 +0000,2025-10-02 14:06:12 +0000,count/min,103.0,2
HKQuantityTypeIdentifierHeartRate,PhysTrax Apple Watch,11.6.1,"Watch7,1","<<HKDevice: 0x133e95200>, name:Apple Watch, manufacturer:Apple Inc., model:Watch, hardware:Watch7,1, software:11.6.1, creation date:2025-09-13 14:18:16 +0000>",2025-10-02 14:06:16 +0000,2025-10-02 14:06:16 +0000,count/min,101.0,2
HKQuantityTypeIdentifierHeartRate,PhysTrax Apple Watch,11.6.1,"Watch7,1","<<HKDevice: 0x133e95200>, name:Apple Watch, manufacturer:Apple Inc., model:Watch, hardware:Watch7,1, software:11.6.1, creation date:2025-09-13 14:18:16 +0000>",2025-10-02 14:06:21 +0000,2025-10-02 14:06:21 +0000,count/min,101.0,2
HKQuantityTypeIdentifierHeartRate,PhysTrax Apple Watch,11.6.1,"Watch7,1","<<HKDevice: 0x133e95200>, name:Apple Watch, manufacturer:Apple Inc., model:Watch, hardware:Watch7,1, software:11.6.1, creation date:2025-09-13 14:18:16 +0000>",2025-10-02 14:06:23 +0000,2025-10-02 14:06:23 +0000,count/min,100.0,2
HKQuantityTypeIdentifierHeartRate,PhysTrax Apple Watch,11.6.1,"Watch7,1","<<HKDevice: 0x133e95200>, name:Apple Watch, manufacturer:Apple Inc., model:Watch, hardware:Watch7,1, software:11.6.1, creation date:2025-09-13 14:18:16 +0000>",2025-10-02 14:06:32 +0000,2025-10-02 14:06:32 +0000,count/min,101.0,2
HKQuantityTypeIdentifierHeartRate,PhysTrax Apple Watch,11.6.1,"Watch7,1","<<HKDevice: 0x133e95200>, name:Apple Watch, manufacturer:Apple Inc., model:Watch, hardware:Watch7,1, software:11.6.1, creation date:2025-09-13 14:18:16 +0000>",2025-10-02 14:06:35 +0000,2025-10-02 14:06:35 +0000,count/min,101.0,2
HKQuantityTypeIdentifierHeartRate,PhysTrax Apple Watch,11.6.1,"Watch7,1","<<HKDevice: 0x133e95200>, name:Apple Watch, manufacturer:Apple Inc., model:Watch, hardware:Watch7,1, software:11.6.1, creation date:2025-09-13 14:18:16 +0000>",2025-10-02 14:06:39 +0000,2025-10-02 14:06:39 +0000,count/min,102.0,2
HKQuantityTypeIdentifierHeartRate,PhysTrax Apple Watch,11.6.1,"Watch7,1","<<HKDevice: 0x133e95200>, name:Apple Watch, manufacturer:Apple Inc., model:Watch, hardware:Watch7,1, software:11.6.1, creation date:2025-09-13 14:18:16 +0000>",2025-10-02 14:06:43 +0000,2025-10-02 14:06:43 +0000,count/min,105.0,2
HKQuantityTypeIdentifierHeartRate,PhysTrax Apple Watch,11.6.1,"Watch7,1","<<HKDevice: 0x133e95200>, name:Apple Watch, manufacturer:Apple Inc., model:Watch, hardware:Watch7,1, software:11.6.1, creation date:2025-09-13 14:18:16 +0000>",2025-10-02 14:06:52 +0000,2025-10-02 14:06:52 +0000,count/min,103.0,2
HKQuantityTypeIdentifierHeartRate,PhysTrax Apple Watch,11.6.1,"Watch7,1","<<HKDevice: 0x133e95200>, name:Apple Watch, manufacturer:Apple Inc., model:Watch, hardware:Watch7,1, software:11.6.1, creation date:2025-09-13 14:18:16 +0000>",2025-10-02 14:06:53 +0000,2025-10-02 14:06:53 +0000,count/min,104.0,2
HKQuantityTypeIdentifierHeartRate,PhysTrax Apple Watch,11.6.1,"Watch7,1","<<HKDevice: 0x133e95200>, name:Apple Watch, manufacturer:Apple Inc., model:Watch, hardware:Watch7,1, software:11.6.1, creation date:2025-09-13 14:18:16 +0000>",2025-10-02 14:06:58 +0000,2025-10-02 14:06:58 +0000,count/min,103.0,2
HKQuantityTypeIdentifierHeartRate,PhysTrax Apple Watch,11.6.1,"Watch7,1","<<HKDevice: 0x133e95200>, name:Apple Watch, manufacturer:Apple Inc., model:Watch, hardware:Watch7,1, software:11.6.1, creation date:2025-09-13 14:18:16 +0000>",2025-10-02 14:07:07 +0000,2025-10-02 14:07:07 +0000,count/min,102.0,2
HKQuantityTypeIdentifierHeartRate,PhysTrax Apple Watch,11.6.1,"Watch7,1","<<HKDevice: 0x133e95200>, name:Apple Watch, manufacturer:Apple Inc., model:Watch, hardware:Watch7,1, software:11.6.1, creation date:2025-09-13 14:18:16 +0000>",2025-10-02 14:07:09 +0000,2025-10-02 14:07:09 +0000,count/min,102.0,2
HKQuantityTypeIdentifierHeartRate,PhysTrax Apple Watch,11.6.1,"Watch7,1","<<HKDevice: 0x133e95200>, name:Apple Watch, manufacturer:Apple Inc., model:Watch, hardware:Watch7,1, software:11.6.1, creation date:2025-09-13 14:18:16 +0000>",2025-10-02 14:07:15 +0000,2025-10-02 14:07:15 +0000,count/min,100.0,2
HKQuantityTypeIdentifierHeartRate,PhysTrax Apple Watch,11.6.1,"Watch7,1","<<HKDevice: 0x133e95200>, name:Apple Watch, manufacturer:Apple Inc., model:Watch, hardware:Watch7,1, software:11.6.1, creation date:2025-09-13 14:18:16 +0000>",2025-10-02 14:07:18 +0000,2025-10-02 14:07:18 +0000,count/min,98.0,2
HKQuantityTypeIdentifierHeartRate,PhysTrax Apple Watch,11.6.1,"Watch7,1","<<HKDevice: 0x133e95200>, name:Apple Watch, manufacturer:Apple Inc., model:Watch, hardware:Watch7,1, software:11.6.1, creation date:2025-09-13 14:18:16 +0000>",2025-10-02 14:07:25 +0000,2025-10-02 14:07:25 +0000,count/min,99.0,2
HKQuantityTypeIdentifierHeartRate,PhysTrax Apple Watch,11.6.1,"Watch7,1","<<HKDevice: 0x133e95200>, name:Apple Watch, manufacturer:Apple Inc., model:Watch, hardware:Watch7,1, software:11.6.1, creation date:2025-09-13 14:18:16 +0000>",2025-10-02 14:07:32 +0000,2025-10-02 14:07:32 +0000,count/min,98.0,2
HKQuantityTypeIdentifierHeartRate,PhysTrax Apple Watch,11.6.1,"Watch7,1","<<HKDevice: 0x133e95200>, name:Apple Watch, manufacturer:Apple Inc., model:Watch, hardware:Watch7,1, software:11.6.1, creation date:2025-09-13 14:18:16 +0000>",2025-10-02 14:07:35 +0000,2025-10-02 14:07:35 +0000,count/min,97.0,2
HKQuantityTypeIdentifierHeartRate,PhysTrax Apple Watch,11.6.1,"Watch7,1","<<HKDevice: 0x133e95200>, name:Apple Watch, manufacturer:Apple Inc., model:Watch, hardware:Watch7,1, software:11.6.1, creation date:2025-09-13 14:18:16 +0000>",2025-10-02 14:07:40 +0000,2025-10-02 14:07:40 +0000,count/min,96.0,2
HKQuantityTypeIdentifierHeartRate,PhysTrax Apple Watch,11.6.1,"Watch7,1","<<HKDevice: 0x133e95200>, name:Apple Watch, manufacturer:Apple Inc., model:Watch, hardware:Watch7,1, software:11.6.1, creation date:2025-09-13 14:18:16 +0000>",2025-10-02 14:07:43 +0000,2025-10-02 14:07:43 +0000,count/min,97.0,2
HKQuantityTypeIdentifierHeartRate,PhysTrax Apple Watch,11.6.1,"Watch7,1","<<HKDevice: 0x133e95200>, name:Apple Watch, manufacturer:Apple Inc., model:Watch, hardware:Watch7,1, software:11.6.1, creation date:2025-09-13 14:18:16 +0000>",2025-10-02 14:07:48 +0000,2025-10-02 14:07:48 +0000,count/min,98.0,2
HKQuantityTypeIdentifierHeartRate,PhysTrax Apple Watch,11.6.1,"Watch7,1","<<HKDevice: 0x133e95200>, name:Apple Watch, manufacturer:Apple Inc., model:Watch, hardware:Watch7,1, software:11.6.1, creation date:2025-09-13 14:18:16 +0000>",2025-10-02 14:07:55 +0000,2025-10-02 14:07:55 +0000,count/min,99.0,2
HKQuantityTypeIdentifierHeartRate,PhysTrax Apple Watch,11.6.1,"Watch7,1","<<HKDevice: 0x133e95200>, name:Apple Watch, manufacturer:Apple Inc., model:Watch, hardware:Watch7,1, software:11.6.1, creation date:2025-09-13 14:18:16 +0000>",2025-10-02 14:08:02 +0000,2025-10-02 14:08:02 +0000,count/min,96.0,2
HKQuantityTypeIdentifierHeartRate,PhysTrax Apple Watch,11.6.1,"Watch7,1","<<HKDevice: 0x133e95200>, name:Apple Watch, manufacturer:Apple Inc., model:Watch, hardware:Watch7,1, software:11.6.1, creation date:2025-09-13 14:18:16 +0000>",2025-10-02 14:08:04 +0000,2025-10-02 14:08:04 +0000,count/min,96.0,2
HKQuantityTypeIdentifierHeartRate,PhysTrax Apple Watch,11.6.1,"Watch7,1","<<HKDevice: 0x133e95200>, name:Apple Watch, manufacturer:Apple Inc., model:Watch, hardware:Watch7,1, software:11.6.1, creation date:2025-09-13 14:18:16 +0000>",2025-10-02 14:08:13 +0000,2025-10-02 14:08:13 +0000,count/min,98.0,2
HKQuantityTypeIdentifierHeartRate,PhysTrax Apple Watch,11.6.1,"Watch7,1","<<HKDevice: 0x133e95200>, name:Apple Watch, manufacturer:Apple Inc., model:Watch, hardware:Watch7,1, software:11.6.1, creation date:2025-09-13 14:18:16 +0000>",2025-10-02 14:08:22 +0000,2025-10-02 14:08:22 +0000,count/min,97.0,2
HKQuantityTypeIdentifierHeartRate,PhysTrax Apple Watch,11.6.1,"Watch7,1","<<HKDevice: 0x133e95200>, name:Apple Watch, manufacturer:Apple Inc., model:Watch, hardware:Watch7,1, software:11.6.1, creation date:2025-09-13 14:18:16 +0000>",2025-10-02 14:08:27 +0000,2025-10-02 14:08:27 +0000,count/min,98.0,2
HKQuantityTypeIdentifierHeartRate,PhysTrax Apple Watch,11.6.1,"Watch7,1","<<HKDevice: 0x133e95200>, name:Apple Watch, manufacturer:Apple Inc., model:Watch, hardware:Watch7,1, software:11.6.1, creation date:2025-09-13 14:18:16 +0000>",2025-10-02 14:08:28 +0000,2025-10-02 14:08:28 +0000,count/min,97.0,2
HKQuantityTypeIdentifierHeartRate,PhysTrax Apple Watch,11.6.1,"Watch7,1","<<HKDevice: 0x133e95200>, name:Apple Watch, manufacturer:Apple Inc., model:Watch, hardware:Watch7,1, software:11.6.1, creation date:2025-09-13 14:18:16 +0000>",2025-10-02 14:08:33 +0000,2025-10-02 14:08:33 +0000,count/min,95.0,2
HKQuantityTypeIdentifierHeartRate,PhysTrax Apple Watch,11.6.1,"Watch7,1","<<HKDevice: 0x133e95200>, name:Apple Watch, manufacturer:Apple Inc., model:Watch, hardware:Watch7,1, software:11.6.1, creation date:2025-09-13 14:18:16 +0000>",2025-10-02 14:08:38 +0000,2025-10-02 14:08:38 +0000,count/min,94.0,2
HKQuantityTypeIdentifierHeartRate,PhysTrax Apple Watch,11.6.1,"Watch7,1","<<HKDevice: 0x133e95200>, name:Apple Watch, manufacturer:Apple Inc., model:Watch, hardware:Watch7,1, software:11.6.1, creation date:2025-09-13 14:18:16 +0000>",2025-10-02 14:08:45 +0000,2025-10-02 14:08:45 +0000,count/min,96.0,2
HKQuantityTypeIdentifierHeartRate,PhysTrax Apple Watch,11.6.1,"Watch7,1","<<HKDevice: 0x133e95200>, name:Apple Watch, manufacturer:Apple Inc., model:Watch, hardware:Watch7,1, software:11.6.1, creation date:2025-09-13 14:18:16 +0000>",2025-10-02 14:08:48 +0000,2025-10-02 14:08:48 +0000,count/min,97.0,2
HKQuantityTypeIdentifierHeartRate,PhysTrax Apple Watch,11.6.1,"Watch7,1","<<HKDevice: 0x133e95200>, name:Apple Watch, manufacturer:Apple Inc., model:Watch, hardware:Watch7,1, software:11.6.1, creation date:2025-09-13 14:18:16 +0000>",2025-10-02 14:08:57 +0000,2025-10-02 14:08:57 +0000,count/min,98.0,2
HKQuantityTypeIdentifierHeartRate,PhysTrax Apple Watch,11.6.1,"Watch7,1","<<HKDevice: 0x133e95200>, name:Apple Watch, manufacturer:Apple Inc., model:Watch, hardware:Watch7,1, software:11.6.1, creation date:2025-09-13 14:18:16 +0000>",2025-10-02 14:08:58 +0000,2025-10-02 14:08:58 +0000,count/min,98.0,2
HKQuantityTypeIdentifierHeartRate,PhysTrax Apple Watch,11.6.1,"Watch7,1","<<HKDevice: 0x133e95200>, name:Apple Watch, manufacturer:Apple Inc., model:Watch, hardware:Watch7,1, software:11.6.1, creation date:2025-09-13 14:18:16 +0000>",2025-10-02 14:09:03 +0000,2025-10-02 14:09:03 +0000,count/min,100.0,2
HKQuantityTypeIdentifierHeartRate,PhysTrax Apple Watch,11.6.1,"Watch7,1","<<HKDevice: 0x133e95200>, name:Apple Watch, manufacturer:Apple Inc., model:Watch, hardware:Watch7,1, software:11.6.1, creation date:2025-09-13 14:18:16 +0000>",2025-10-02 14:09:12 +0000,2025-10-02 14:09:12 +0000,count/min,104.0,2
HKQuantityTypeIdentifierHeartRate,PhysTrax Apple Watch,11.6.1,"Watch7,1","<<HKDevice: 0x133e95200>, name:Apple Watch, manufacturer:Apple Inc., model:Watch, hardware:Watch7,1, software:11.6.1, creation date:2025-09-13 14:18:16 +0000>",2025-10-02 14:09:17 +0000,2025-10-02 14:09:17 +0000,count/min,106.0,2
HKQuantityTypeIdentifierHeartRate,PhysTrax Apple Watch,11.6.1,"Watch7,1","<<HKDevice: 0x133e95200>, name:Apple Watch, manufacturer:Apple Inc., model:Watch, hardware:Watch7,1, software:11.6.1, creation date:2025-09-13 14:18:16 +0000>",2025-10-02 14:09:22 +0000,2025-10-02 14:09:22 +0000,count/min,105.0,2
HKQuantityTypeIdentifierHeartRate,PhysTrax Apple Watch,11.6.1,"Watch7,1","<<HKDevice: 0x133e95200>, name:Apple Watch, manufacturer:Apple Inc., model:Watch, hardware:Watch7,1, software:11.6.1, creation date:2025-09-13 14:18:16 +0000>",2025-10-02 14:09:27 +0000,2025-10-02 14:09:27 +0000,count/min,105.0,2
HKQuantityTypeIdentifierHeartRate,PhysTrax Apple Watch,11.6.1,"Watch7,1","<<HKDevice: 0x133e95200>, name:Apple Watch, manufacturer:Apple Inc., model:Watch, hardware:Watch7,1, software:11.6.1, creation date:2025-09-13 14:18:16 +0000>",2025-10-02 14:09:31 +0000,2025-10-02 14:09:31 +0000,count/min,105.0,2
HKQuantityTypeIdentifierHeartRate,PhysTrax Apple Watch,11.6.1,"Watch7,1","<<HKDevice: 0x133e95200>, name:Apple Watch, manufacturer:Apple Inc., model:Watch, hardware:Watch7,1, software:11.6.1, creation date:2025-09-13 14:18:16 +0000>",2025-10-02 14:09:35 +0000,2025-10-02 14:09:35 +0000,count/min,104.0,2
HKQuantityTypeIdentifierHeartRate,PhysTrax Apple Watch,11.6.1,"Watch7,1","<<HKDevice: 0x133e95200>, name:Apple Watch, manufacturer:Apple Inc., model:Watch, hardware:Watch7,1, software:11.6.1, creation date:2025-09-13 14:18:16 +0000>",2025-10-02 14:09:42 +0000,2025-10-02 14:09:42 +0000,count/min,105.0,2
HKQuantityTypeIdentifierHeartRate,PhysTrax Apple Watch,11.6.1,"Watch7,1","<<HKDevice: 0x133e95200>, name:Apple Watch, manufacturer:Apple Inc., model:Watch, hardware:Watch7,1, software:11.6.1, creation date:2025-09-13 14:18:16 +0000>",2025-10-02 14:09:46 +0000,2025-10-02 14:09:46 +0000,count/min,105.0,2
HKQuantityTypeIdentifierHeartRate,PhysTrax Apple Watch,11.6.1,"Watch7,1","<<HKDevice: 0x133e95200>, name:Apple Watch, manufacturer:Apple Inc., model:Watch, hardware:Watch7,1, software:11.6.1, creation date:2025-09-13 14:18:16 +0000>",2025-10-02 14:09:51 +0000,2025-10-02 14:09:51 +0000,count/min,103.0,2
HKQuantityTypeIdentifierHeartRate,PhysTrax Apple Watch,11.6.1,"Watch7,1","<<HKDevice: 0x133e95200>, name:Apple Watch, manufacturer:Apple Inc., model:Watch, hardware:Watch7,1, software:11.6.1, creation date:2025-09-13 14:18:16 +0000>",2025-10-02 14:09:56 +0000,2025-10-02 14:09:56 +0000,count/min,104.0,2
HKQuantityTypeIdentifierHeartRate,PhysTrax Apple Watch,11.6.1,"Watch7,1","<<HKDevice: 0x133e95200>, name:Apple Watch, manufacturer:Apple Inc., model:Watch, hardware:Watch7,1, software:11.6.1, creation date:2025-09-13 14:18:16 +0000>",2025-10-02 14:10:00 +0000,2025-10-02 14:10:00 +0000,count/min,105.0,2
HKQuantityTypeIdentifierHeartRate,PhysTrax Apple Watch,11.6.1,"Watch7,1","<<HKDevice: 0x133e95200>, name:Apple Watch, manufacturer:Apple Inc., model:Watch, hardware:Watch7,1, software:11.6.1, creation date:2025-09-13 14:18:16 +0000>",2025-10-02 14:10:05 +0000,2025-10-02 14:10:05 +0000,count/min,105.0,2
HKQuantityTypeIdentifierHeartRate,PhysTrax Apple Watch,11.6.1,"Watch7,1","<<HKDevice: 0x133e95200>, name:Apple Watch, manufacturer:Apple Inc., model:Watch, hardware:Watch7,1, software:11.6.1, creation date:2025-09-13 14:18:16 +0000>",2025-10-02 14:10:12 +0000,2025-10-02 14:10:12 +0000,count/min,103.0,2
HKQuantityTypeIdentifierHeartRate,PhysTrax Apple Watch,11.6.1,"Watch7,1","<<HKDevice: 0x133e95200>, name:Apple Watch, manufacturer:Apple Inc., model:Watch, hardware:Watch7,1, software:11.6.1, creation date:2025-09-13 14:18:16 +0000>",2025-10-02 14:10:17 +0000,2025-10-02 14:10:17 +0000,count/min,103.0,2
HKQuantityTypeIdentifierHeartRate,PhysTrax Apple Watch,11.6.1,"Watch7,1","<<HKDevice: 0x133e95200>, name:Apple Watch, manufacturer:Apple Inc., model:Watch, hardware:Watch7,1, software:11.6.1, creation date:2025-09-13 14:18:16 +0000>",2025-10-02 14:10:22 +0000,2025-10-02 14:10:22 +0000,count/min,104.0,2
HKQuantityTypeIdentifierHeartRate,PhysTrax Apple Watch,11.6.1,"Watch7,1","<<HKDevice: 0x133e95200>, name:Apple Watch, manufacturer:Apple Inc., model:Watch, hardware:Watch7,1, software:11.6.1, creation date:2025-09-13 14:18:16 +0000>",2025-10-02 14:10:23 +0000,2025-10-02 14:10:23 +0000,count/min,104.0,2
HKQuantityTypeIdentifierHeartRate,PhysTrax Apple Watch,11.6.1,"Watch7,1","<<HKDevice: 0x133e95200>, name:Apple Watch, manufacturer:Apple Inc., model:Watch, hardware:Watch7,1, software:11.6.1, creation date:2025-09-13 14:18:16 +0000>",2025-10-02 14:10:28 +0000,2025-10-02 14:10:28 +0000,count/min,108.0,2
HKQuantityTypeIdentifierHeartRate,PhysTrax Apple Watch,11.6.1,"Watch7,1","<<HKDevice: 0x133e95200>, name:Apple Watch, manufacturer:Apple Inc., model:Watch, hardware:Watch7,1, software:11.6.1, creation date:2025-09-13 14:18:16 +0000>",2025-10-02 14:10:33 +0000,2025-10-02 14:10:33 +0000,count/min,116.0,2
HKQuantityTypeIdentifierHeartRate,PhysTrax Apple Watch,11.6.1,"Watch7,1","<<HKDevice: 0x133e95200>, name:Apple Watch, manufacturer:Apple Inc., model:Watch, hardware:Watch7,1, software:11.6.1, creation date:2025-09-13 14:18:16 +0000>",2025-10-02 14:10:39 +0000,2025-10-02 14:10:39 +0000,count/min,119.0,2
HKQuantityTypeIdentifierHeartRate,PhysTrax Apple Watch,11.6.1,"Watch7,1","<<HKDevice: 0x133e95200>, name:Apple Watch, manufacturer:Apple Inc., model:Watch, hardware:Watch7,1, software:11.6.1, creation date:2025-09-13 14:18:16 +0000>",2025-10-02 14:10:44 +0000,2025-10-02 14:10:44 +0000,count/min,120.0,2
HKQuantityTypeIdentifierHeartRate,PhysTrax Apple Watch,11.6.1,"Watch7,1","<<HKDevice: 0x133e95200>, name:Apple Watch, manufacturer:Apple Inc., model:Watch, hardware:Watch7,1, software:11.6.1, creation date:2025-09-13 14:18:16 +0000>",2025-10-02 14:10:48 +0000,2025-10-02 14:10:48 +0000,count/min,120.0,2
HKQuantityTypeIdentifierHeartRate,PhysTrax Apple Watch,11.6.1,"Watch7,1","<<HKDevice: 0x133e95200>, name:Apple Watch, manufacturer:Apple Inc., model:Watch, hardware:Watch7,1, software:11.6.1, creation date:2025-09-13 14:18:16 +0000>",2025-10-02 14:10:54 +0000,2025-10-02 14:10:54 +0000,count/min,122.0,2
HKQuantityTypeIdentifierHeartRate,PhysTrax Apple Watch,11.6.1,"Watch7,1","<<HKDevice: 0x133e95200>, name:Apple Watch, manufacturer:Apple Inc., model:Watch, hardware:Watch7,1, software:11.6.1, creation date:2025-09-13 14:18:16 +0000>",2025-10-02 14:10:58 +0000,2025-10-02 14:10:58 +0000,count/min,122.0,2
HKQuantityTypeIdentifierHeartRate,PhysTrax Apple Watch,11.6.1,"Watch7,1","<<HKDevice: 0x133e95200>, name:Apple Watch, manufacturer:Apple Inc., model:Watch, hardware:Watch7,1, software:11.6.1, creation date:2025-09-13 14:18:16 +0000>",2025-10-02 14:11:51 +0000,2025-10-02 14:11:51 +0000,count/min,143.0,2
HKQuantityTypeIdentifierHeartRate,PhysTrax Apple Watch,11.6.1,"Watch7,1","<<HKDevice: 0x133e95200>, name:Apple Watch, manufacturer:Apple Inc., model:Watch, hardware:Watch7,1, software:11.6.1, creation date:2025-09-13 14:18:16 +0000>",2025-10-02 14:11:55 +0000,2025-10-02 14:11:55 +0000,count/min,133.0,2
HKQuantityTypeIdentifierHeartRate,PhysTrax Apple Watch,11.6.1,"Watch7,1","<<HKDevice: 0x133e95200>, name:Apple Watch, manufacturer:Apple Inc., model:Watch, hardware:Watch7,1, software:11.6.1, creation date:2025-09-13 14:18:16 +0000>",2025-10-02 14:11:58 +0000,2025-10-02 14:11:58 +0000,count/min,131.0,2
HKQuantityTypeIdentifierHeartRate,PhysTrax Apple Watch,11.6.1,"Watch7,1","<<HKDevice: 0x133e95200>, name:Apple Watch, manufacturer:Apple Inc., model:Watch, hardware:Watch7,1, software:11.6.1, creation date:2025-09-13 14:18:16 +0000>",2025-10-02 14:12:06 +0000,2025-10-02 14:12:06 +0000,count/min,125.00000000000001,2
HKQuantityTypeIdentifierHeartRate,PhysTrax Apple Watch,11.6.1,"Watch7,1","<<HKDevice: 0x133e95200>, name:Apple Watch, manufacturer:Apple Inc., model:Watch, hardware:Watch7,1, software:11.6.1, creation date:2025-09-13 14:18:16 +0000>",2025-10-02 14:12:12 +0000,2025-10-02 14:12:12 +0000,count/min,126.0,2
HKQuantityTypeIdentifierHeartRate,PhysTrax Apple Watch,11.6.1,"Watch7,1","<<HKDevice: 0x133e95200>, name:Apple Watch, manufacturer:Apple Inc., model:Watch, hardware:Watch7,1, software:11.6.1, creation date:2025-09-13 14:18:16 +0000>",2025-10-02 14:12:17 +0000,2025-10-02 14:12:17 +0000,count/min,131.0,2
HKQuantityTypeIdentifierHeartRate,PhysTrax Apple Watch,11.6.1,"Watch7,1","<<HKDevice: 0x133e95200>, name:Apple Watch, manufacturer:Apple Inc., model:Watch, hardware:Watch7,1, software:11.6.1, creation date:2025-09-13 14:18:16 +0000>",2025-10-02 14:12:21 +0000,2025-10-02 14:12:21 +0000,count/min,129.0,2
HKQuantityTypeIdentifierHeartRate,PhysTrax Apple Watch,11.6.1,"Watch7,1","<<HKDevice: 0x133e95200>, name:Apple Watch, manufacturer:Apple Inc., model:Watch, hardware:Watch7,1, software:11.6.1, creation date:2025-09-13 14:18:16 +0000>",2025-10-02 14:12:23 +0000,2025-10-02 14:12:23 +0000,count/min,128.0,2
HKQuantityTypeIdentifierHeartRate,PhysTrax Apple Watch,11.6.1,"Watch7,1","<<HKDevice: 0x133e95200>, name:Apple Watch, manufacturer:Apple Inc., model:Watch, hardware:Watch7,1, software:11.6.1, creation date:2025-09-13 14:18:16 +0000>",2025-10-02 14:12:28 +0000,2025-10-02 14:12:28 +0000,count/min,125.00000000000001,2
HKQuantityTypeIdentifierHeartRate,PhysTrax Apple Watch,11.6.1,"Watch7,1","<<HKDevice: 0x133e95200>, name:Apple Watch, manufacturer:Apple Inc., model:Watch, hardware:Watch7,1, software:11.6.1, creation date:2025-09-13 14:18:16 +0000>",2025-10-02 14:12:37 +0000,2025-10-02 14:12:37 +0000,count/min,125.00000000000001,2
HKQuantityTypeIdentifierHeartRate,PhysTrax Apple Watch,11.6.1,"Watch7,1","<<HKDevice: 0x133e95200>, name:Apple Watch, manufacturer:Apple Inc., model:Watch, hardware:Watch7,1, software:11.6.1, creation date:2025-09-13 14:18:16 +0000>",2025-10-02 14:12:39 +0000,2025-10-02 14:12:39 +0000,count/min,124.00000000000001,2
HKQuantityTypeIdentifierHeartRate,PhysTrax Apple Watch,11.6.1,"Watch7,1","<<HKDevice: 0x133e95200>, name:Apple Watch, manufacturer:Apple Inc., model:Watch, hardware:Watch7,1, software:11.6.1, creation date:2025-09-13 14:18:16 +0000>",2025-10-02 14:12:46 +0000,2025-10-02 14:12:46 +0000,count/min,121.0,2
HKQuantityTypeIdentifierHeartRate,PhysTrax Apple Watch,11.6.1,"Watch7,1","<<HKDevice: 0x133e95200>, name:Apple Watch, manufacturer:Apple Inc., model:Watch, hardware:Watch7,1, software:11.6.1, creation date:2025-09-13 14:18:16 +0000>",2025-10-02 14:12:52 +0000,2025-10-02 14:12:52 +0000,count/min,122.0,2
HKQuantityTypeIdentifierHeartRate,PhysTrax Apple Watch,11.6.1,"Watch7,1","<<HKDevice: 0x133e95200>, name:Apple Watch, manufacturer:Apple Inc., model:Watch, hardware:Watch7,1, software:11.6.1, creation date:2025-09-13 14:18:16 +0000>",2025-10-02 14:12:54 +0000,2025-10-02 14:12:54 +0000,count/min,122.99999999999999,2
HKQuantityTypeIdentifierHeartRate,PhysTrax Apple Watch,11.6.1,"Watch7,1","<<HKDevice: 0x133e95200>, name:Apple Watch, manufacturer:Apple Inc., model:Watch, hardware:Watch7,1, software:11.6.1, creation date:2025-09-13 14:18:16 +0000>",2025-10-02 14:12:58 +0000,2025-10-02 14:12:58 +0000,count/min,122.99999999999999,2
HKQuantityTypeIdentifierHeartRate,PhysTrax Apple Watch,11.6.1,"Watch7,1","<<HKDevice: 0x133e95200>, name:Apple Watch, manufacturer:Apple Inc., model:Watch, hardware:Watch7,1, software:11.6.1, creation date:2025-09-13 14:18:16 +0000>",2025-10-02 14:13:03 +0000,2025-10-02 14:13:03 +0000,count/min,122.0,2
HKQuantityTypeIdentifierHeartRate,PhysTrax Apple Watch,11.6.1,"Watch7,1","<<HKDevice: 0x133e95200>, name:Apple Watch, manufacturer:Apple Inc., model:Watch, hardware:Watch7,1, software:11.6.1, creation date:2025-09-13 14:18:16 +0000>",2025-10-02 14:13:08 +0000,2025-10-02 14:13:08 +0000,count/min,122.0,2
HKQuantityTypeIdentifierHeartRate,PhysTrax Apple Watch,11.6.1,"Watch7,1","<<HKDevice: 0x133e95200>, name:Apple Watch, manufacturer:Apple Inc., model:Watch, hardware:Watch7,1, software:11.6.1, creation date:2025-09-13 14:18:16 +0000>",2025-10-02 14:13:13 +0000,2025-10-02 14:13:13 +0000,count/min,120.0,2
HKQuantityTypeIdentifierHeartRate,PhysTrax Apple Watch,11.6.1,"Watch7,1","<<HKDevice: 0x133e95200>, name:Apple Watch, manufacturer:Apple Inc., model:Watch, hardware:Watch7,1, software:11.6.1, creation date:2025-09-13 14:18:16 +0000>",2025-10-02 14:13:22 +0000,2025-10-02 14:13:22 +0000,count/min,119.0,2
HKQuantityTypeIdentifierHeartRate,PhysTrax Apple Watch,11.6.1,"Watch7,1","<<HKDevice: 0x133e95200>, name:Apple Watch, manufacturer:Apple Inc., model:Watch, hardware:Watch7,1, software:11.6.1, creation date:2025-09-13 14:18:16 +0000>",2025-10-02 14:13:27 +0000,2025-10-02 14:13:27 +0000,count/min,121.0,2
HKQuantityTypeIdentifierHeartRate,PhysTrax Apple Watch,11.6.1,"Watch7,1","<<HKDevice: 0x133e95200>, name:Apple Watch, manufacturer:Apple Inc., model:Watch, hardware:Watch7,1, software:11.6.1, creation date:2025-09-13 14:18:16 +0000>",2025-10-02 14:13:30 +0000,2025-10-02 14:13:30 +0000,count/min,119.0,2
HKQuantityTypeIdentifierHeartRate,PhysTrax Apple Watch,11.6.1,"Watch7,1","<<HKDevice: 0x133e95200>, name:Apple Watch, manufacturer:Apple Inc., model:Watch, hardware:Watch7,1, software:11.6.1, creation date:2025-09-13 14:18:16 +0000>",2025-10-02 14:13:35 +0000,2025-10-02 14:13:35 +0000,count/min,118.0,2
HKQuantityTypeIdentifierHeartRate,PhysTrax Apple Watch,11.6.1,"Watch7,1","<<HKDevice: 0x133e95200>, name:Apple Watch, manufacturer:Apple Inc., model:Watch, hardware:Watch7,1, software:11.6.1, creation date:2025-09-13 14:18:16 +0000>",2025-10-02 14:13:38 +0000,2025-10-02 14:13:38 +0000,count/min,116.0,2
HKQuantityTypeIdentifierHeartRate,PhysTrax Apple Watch,11.6.1,"Watch7,1","<<HKDevice: 0x133e95200>, name:Apple Watch, manufacturer:Apple Inc., model:Watch, hardware:Watch7,1, software:11.6.1, creation date:2025-09-13 14:18:16 +0000>",2025-10-02 14:13:44 +0000,2025-10-02 14:13:44 +0000,count/min,116.0,2
HKQuantityTypeIdentifierHeartRate,PhysTrax Apple Watch,11.6.1,"Watch7,1","<<HKDevice: 0x133e95200>, name:Apple Watch, manufacturer:Apple Inc., model:Watch, hardware:Watch7,1, software:11.6.1, creation date:2025-09-13 14:18:16 +0000>",2025-10-02 14:13:50 +0000,2025-10-02 14:13:50 +0000,count/min,118.0,2
HKQuantityTypeIdentifierHeartRate,PhysTrax Apple Watch,11.6.1,"Watch7,1","<<HKDevice: 0x133e952c0>, name:Apple Watch, manufacturer:Apple Inc., model:Watch, hardware:Watch7,1, software:11.6.1, creation date:2025-09-13 14:18:16 +0000>",2025-10-02 14:13:57 +0000,2025-10-02 14:13:57 +0000,count/min,121.0,2
HKQuantityTypeIdentifierHeartRate,PhysTrax Apple Watch,11.6.1,"Watch7,1","<<HKDevice: 0x133e952c0>, name:Apple Watch, manufacturer:Apple Inc., model:Watch, hardware:Watch7,1, software:11.6.1, creation date:2025-09-13 14:18:16 +0000>",2025-10-02 14:13:59 +0000,2025-10-02 14:13:59 +0000,count/min,122.0,2
HKQuantityTypeIdentifierHeartRate,PhysTrax Apple Watch,11.6.1,"Watch7,1","<<HKDevice: 0x133e952c0>, name:Apple Watch, manufacturer:Apple Inc., model:Watch, hardware:Watch7,1, software:11.6.1, creation date:2025-09-13 14:18:16 +0000>",2025-10-02 14:14:07 +0000,2025-10-02 14:14:07 +0000,count/min,124.00000000000001,2
HKQuantityTypeIdentifierHeartRate,PhysTrax Apple Watch,11.6.1,"Watch7,1","<<HKDevice: 0x133e952c0>, name:Apple Watch, manufacturer:Apple Inc., model:Watch, hardware:Watch7,1, software:11.6.1, creation date:2025-09-13 14:18:16 +0000>",2025-10-02 14:14:12 +0000,2025-10-02 14:14:12 +0000,count/min,122.0,2
HKQuantityTypeIdentifierHeartRate,PhysTrax Apple Watch,11.6.1,"Watch7,1","<<HKDevice: 0x133e952c0>, name:Apple Watch, manufacturer:Apple Inc., model:Watch, hardware:Watch7,1, software:11.6.1, creation date:2025-09-13 14:18:16 +0000>",2025-10-02 14:14:17 +0000,2025-10-02 14:14:17 +0000,count/min,120.0,2
HKQuantityTypeIdentifierHeartRate,PhysTrax Apple Watch,11.6.1,"Watch7,1","<<HKDevice: 0x133e952c0>, name:Apple Watch, manufacturer:Apple Inc., model:Watch, hardware:Watch7,1, software:11.6.1, creation date:2025-09-13 14:18:16 +0000>",2025-10-02 14:14:19 +0000,2025-10-02 14:14:19 +0000,count/min,119.0,2
HKQuantityTypeIdentifierHeartRate,PhysTrax Apple Watch,11.6.1,"Watch7,1","<<HKDevice: 0x133e952c0>, name:Apple Watch, manufacturer:Apple Inc., model:Watch, hardware:Watch7,1, software:11.6.1, creation date:2025-09-13 14:18:16 +0000>",2025-10-02 14:14:27 +0000,2025-10-02 14:14:27 +0000,count/min,116.0,2
HKQuantityTypeIdentifierHeartRate,PhysTrax Apple Watch,11.6.1,"Watch7,1","<<HKDevice: 0x133e952c0>, name:Apple Watch, manufacturer:Apple Inc., model:Watch, hardware:Watch7,1, software:11.6.1, creation date:2025-09-13 14:18:16 +0000>",2025-10-02 14:14:32 +0000,2025-10-02 14:14:32 +0000,count/min,120.0,2
HKQuantityTypeIdentifierHeartRate,PhysTrax Apple Watch,11.6.1,"Watch7,1","<<HKDevice: 0x133e952c0>, name:Apple Watch, manufacturer:Apple Inc., model:Watch, hardware:Watch7,1, software:11.6.1, creation date:2025-09-13 14:18:16 +0000>",2025-10-02 14:14:35 +0000,2025-10-02 14:14:35 +0000,count/min,122.0,2
HKQuantityTypeIdentifierHeartRate,PhysTrax Apple Watch,11.6.1,"Watch7,1","<<HKDevice: 0x133e952c0>, name:Apple Watch, manufacturer:Apple Inc., model:Watch, hardware:Watch7,1, software:11.6.1, creation date:2025-09-13 14:18:16 +0000>",2025-10-02 14:14:38 +0000,2025-10-02 14:14:38 +0000,count/min,122.0,2
HKQuantityTypeIdentifierHeartRate,PhysTrax Apple Watch,11.6.1,"Watch7,1","<<HKDevice: 0x133e952c0>, name:Apple Watch, manufacturer:Apple Inc., model:Watch, hardware:Watch7,1, software:11.6.1, creation date:2025-09-13 14:18:16 +0000>",2025-10-02 14:14:45 +0000,2025-10-02 14:14:45 +0000,count/min,122.0,2
HKQuantityTypeIdentifierHeartRate,PhysTrax Apple Watch,11.6.1,"Watch7,1","<<HKDevice: 0x133e952c0>, name:Apple Watch, manufacturer:Apple Inc., model:Watch, hardware:Watch7,1, software:11.6.1, creation date:2025-09-13 14:18:16 +0000>",2025-10-02 14:14:48 +0000,2025-10-02 14:14:48 +0000,count/min,122.99999999999999,2
HKQuantityTypeIdentifierHeartRate,PhysTrax Apple Watch,11.6.1,"Watch7,1","<<HKDevice: 0x133e952c0>, name:Apple Watch, manufacturer:Apple Inc., model:Watch, hardware:Watch7,1, software:11.6.1, creation date:2025-09-13 14:18:16 +0000>",2025-10-02 14:14:54 +0000,2025-10-02 14:14:54 +0000,count/min,127.0,2
HKQuantityTypeIdentifierHeartRate,PhysTrax Apple Watch,11.6.1,"Watch7,1","<<HKDevice: 0x133e952c0>, name:Apple Watch, manufacturer:Apple Inc., model:Watch, hardware:Watch7,1, software:11.6.1, creation date:2025-09-13 14:18:16 +0000>",2025-10-02 14:14:58 +0000,2025-10-02 14:14:58 +0000,count/min,128.0,2
HKQuantityTypeIdentifierHeartRate,PhysTrax Apple Watch,11.6.1,"Watch7,1","<<HKDevice: 0x133e952c0>, name:Apple Watch, manufacturer:Apple Inc., model:Watch, hardware:Watch7,1, software:11.6.1, creation date:2025-09-13 14:18:16 +0000>",2025-10-02 14:15:05 +0000,2025-10-02 14:15:05 +0000,count/min,131.0,2
HKQuantityTypeIdentifierHeartRate,PhysTrax Apple Watch,11.6.1,"Watch7,1","<<HKDevice: 0x133e952c0>, name:Apple Watch, manufacturer:Apple Inc., model:Watch, hardware:Watch7,1, software:11.6.1, creation date:2025-09-13 14:18:16 +0000>",2025-10-02 14:15:12 +0000,2025-10-02 14:15:12 +0000,count/min,128.0,2
HKQuantityTypeIdentifierHeartRate,PhysTrax Apple Watch,11.6.1,"Watch7,1","<<HKDevice: 0x133e952c0>, name:Apple Watch, manufacturer:Apple Inc., model:Watch, hardware:Watch7,1, software:11.6.1, creation date:2025-09-13 14:18:16 +0000>",2025-10-02 14:15:17 +0000,2025-10-02 14:15:17 +0000,count/min,124.00000000000001,2
HKQuantityTypeIdentifierHeartRate,PhysTrax Apple Watch,11.6.1,"Watch7,1","<<HKDevice: 0x133e952c0>, name:Apple Watch, manufacturer:Apple Inc., model:Watch, hardware:Watch7,1, software:11.6.1, creation date:2025-09-13 14:18:16 +0000>",2025-10-02 14:15:20 +0000,2025-10-02 14:15:20 +0000,count/min,119.0,2
HKQuantityTypeIdentifierHeartRate,PhysTrax Apple Watch,11.6.1,"Watch7,1","<<HKDevice: 0x133e952c0>, name:Apple Watch, manufacturer:Apple Inc., model:Watch, hardware:Watch7,1, software:11.6.1, creation date:2025-09-13 14:18:16 +0000>",2025-10-02 14:15:24 +0000,2025-10-02 14:15:24 +0000,count/min,122.99999999999999,2
HKQuantityTypeIdentifierHeartRate,PhysTrax Apple Watch,11.6.1,"Watch7,1","<<HKDevice: 0x133e952c0>, name:Apple Watch, manufacturer:Apple Inc., model:Watch, hardware:Watch7,1, software:11.6.1, creation date:2025-09-13 14:18:16 +0000>",2025-10-02 14:15:28 +0000,2025-10-02 14:15:28 +0000,count/min,121.0,2
HKQuantityTypeIdentifierHeartRate,PhysTrax Apple Watch,11.6.1,"Watch7,1","<<HKDevice: 0x133e952c0>, name:Apple Watch, manufacturer:Apple Inc., model:Watch, hardware:Watch7,1, software:11.6.1, creation date:2025-09-13 14:18:16 +0000>",2025-10-02 14:15:37 +0000,2025-10-02 14:15:37 +0000,count/min,128.0,2
HKQuantityTypeIdentifierHeartRate,PhysTrax Apple Watch,11.6.1,"Watch7,1","<<HKDevice: 0x133e952c0>, name:Apple Watch, manufacturer:Apple Inc., model:Watch, hardware:Watch7,1, software:11.6.1, creation date:2025-09-13 14:18:16 +0000>",2025-10-02 14:15:39 +0000,2025-10-02 14:15:39 +0000,count/min,128.0,2
HKQuantityTypeIdentifierHeartRate,PhysTrax Apple Watch,11.6.1,"Watch7,1","<<HKDevice: 0x133e952c0>, name:Apple Watch, manufacturer:Apple Inc., model:Watch, hardware:Watch7,1, software:11.6.1, creation date:2025-09-13 14:18:16 +0000>",2025-10-02 14:15:43 +0000,2025-10-02 14:15:43 +0000,count/min,129.0,2
HKQuantityTypeIdentifierHeartRate,PhysTrax Apple Watch,11.6.1,"Watch7,1","<<HKDevice: 0x133e952c0>, name:Apple Watch, manufacturer:Apple Inc., model:Watch, hardware:Watch7,1, software:11.6.1, creation date:2025-09-13 14:18:16 +0000>",2025-10-02 14:15:50 +0000,2025-10-02 14:15:50 +0000,count/min,130.0,2
HKQuantityTypeIdentifierHeartRate,PhysTrax Apple Watch,11.6.1,"Watch7,1","<<HKDevice: 0x133e952c0>, name:Apple Watch, manufacturer:Apple Inc., model:Watch, hardware:Watch7,1, software:11.6.1, creation date:2025-09-13 14:18:16 +0000>",2025-10-02 14:15:57 +0000,2025-10-02 14:15:57 +0000,count/min,118.0,2
HKQuantityTypeIdentifierHeartRate,PhysTrax Apple Watch,11.6.1,"Watch7,1","<<HKDevice: 0x133e952c0>, name:Apple Watch, manufacturer:Apple Inc., model:Watch, hardware:Watch7,1, software:11.6.1, creation date:2025-09-13 14:18:16 +0000>",2025-10-02 14:16:01 +0000,2025-10-02 14:16:01 +0000,count/min,122.99999999999999,2
HKQuantityTypeIdentifierHeartRate,PhysTrax Apple Watch,11.6.1,"Watch7,1","<<HKDevice: 0x133e952c0>, name:Apple Watch, manufacturer:Apple Inc., model:Watch, hardware:Watch7,1, software:11.6.1, creation date:2025-09-13 14:18:16 +0000>",2025-10-02 14:16:03 +0000,2025-10-02 14:16:03 +0000,count/min,121.0,2
HKQuantityTypeIdentifierHeartRate,PhysTrax Apple Watch,11.6.1,"Watch7,1","<<HKDevice: 0x133e952c0>, name:Apple Watch, manufacturer:Apple Inc., model:Watch, hardware:Watch7,1, software:11.6.1, creation date:2025-09-13 14:18:16 +0000>",2025-10-02 14:16:10 +0000,2025-10-02 14:16:10 +0000,count/min,116.0,2
HKQuantityTypeIdentifierHeartRate,PhysTrax Apple Watch,11.6.1,"Watch7,1","<<HKDevice: 0x133e952c0>, name:Apple Watch, manufacturer:Apple Inc., model:Watch, hardware:Watch7,1, software:11.6.1, creation date:2025-09-13 14:18:16 +0000>",2025-10-02 14:16:13 +0000,2025-10-02 14:16:13 +0000,count/min,118.0,2
HKQuantityTypeIdentifierHeartRate,PhysTrax Apple Watch,11.6.1,"Watch7,1","<<HKDevice: 0x133e952c0>, name:Apple Watch, manufacturer:Apple Inc., model:Watch, hardware:Watch7,1, software:11.6.1, creation date:2025-09-13 14:18:16 +0000>",2025-10-02 14:16:18 +0000,2025-10-02 14:16:18 +0000,count/min,116.0,2
HKQuantityTypeIdentifierHeartRate,PhysTrax Apple Watch,11.6.1,"Watch7,1","<<HKDevice: 0x133e952c0>, name:Apple Watch, manufacturer:Apple Inc., model:Watch, hardware:Watch7,1, software:11.6.1, creation date:2025-09-13 14:18:16 +0000>",2025-10-02 14:16:27 +0000,2025-10-02 14:16:27 +0000,count/min,111.0,2
HKQuantityTypeIdentifierHeartRate,PhysTrax Apple Watch,11.6.1,"Watch7,1","<<HKDevice: 0x133e952c0>, name:Apple Watch, manufacturer:Apple Inc., model:Watch, hardware:Watch7,1, software:11.6.1, creation date:2025-09-13 14:18:16 +0000>",2025-10-02 14:16:32 +0000,2025-10-02 14:16:32 +0000,count/min,120.0,2
HKQuantityTypeIdentifierHeartRate,PhysTrax Apple Watch,11.6.1,"Watch7,1","<<HKDevice: 0x133e952c0>, name:Apple Watch, manufacturer:Apple Inc., model:Watch, hardware:Watch7,1, software:11.6.1, creation date:2025-09-13 14:18:16 +0000>",2025-10-02 14:16:33 +0000,2025-10-02 14:16:33 +0000,count/min,119.0,2
HKQuantityTypeIdentifierHeartRate,PhysTrax Apple Watch,11.6.1,"Watch7,1","<<HKDevice: 0x133e952c0>, name:Apple Watch, manufacturer:Apple Inc., model:Watch, hardware:Watch7,1, software:11.6.1, creation date:2025-09-13 14:18:16 +0000>",2025-10-02 14:16:42 +0000,2025-10-02 14:16:42 +0000,count/min,117.0,2
HKQuantityTypeIdentifierHeartRate,PhysTrax Apple Watch,11.6.1,"Watch7,1","<<HKDevice: 0x133e952c0>, name:Apple Watch, manufacturer:Apple Inc., model:Watch, hardware:Watch7,1, software:11.6.1, creation date:2025-09-13 14:18:16 +0000>",2025-10-02 14:16:47 +0000,2025-10-02 14:16:47 +0000,count/min,117.0,2
HKQuantityTypeIdentifierHeartRate,PhysTrax Apple Watch,11.6.1,"Watch7,1","<<HKDevice: 0x133e952c0>, name:Apple Watch, manufacturer:Apple Inc., model:Watch, hardware:Watch7,1, software:11.6.1, creation date:2025-09-13 14:18:16 +0000>",2025-10-02 14:16:50 +0000,2025-10-02 14:16:50 +0000,count/min,117.0,2
HKQuantityTypeIdentifierHeartRate,PhysTrax Apple Watch,11.6.1,"Watch7,1","<<HKDevice: 0x133e952c0>, name:Apple Watch, manufacturer:Apple Inc., model:Watch, hardware:Watch7,1, software:11.6.1, creation date:2025-09-13 14:18:16 +0000>",2025-10-02 14:16:53 +0000,2025-10-02 14:16:53 +0000,count/min,121.0,2
HKQuantityTypeIdentifierHeartRate,PhysTrax Apple Watch,11.6.1,"Watch7,1","<<HKDevice: 0x133e952c0>, name:Apple Watch, manufacturer:Apple Inc., model:Watch, hardware:Watch7,1, software:11.6.1, creation date:2025-09-13 14:18:16 +0000>",2025-10-02 14:17:00 +0000,2025-10-02 14:17:00 +0000,count/min,113.0,2
HKQuantityTypeIdentifierHeartRate,PhysTrax Apple Watch,11.6.1,"Watch7,1","<<HKDevice: 0x133e952c0>, name:Apple Watch, manufacturer:Apple Inc., model:Watch, hardware:Watch7,1, software:11.6.1, creation date:2025-09-13 14:18:16 +0000>",2025-10-02 14:17:11 +0000,2025-10-02 14:17:11 +0000,count/min,112.0,2
HKQuantityTypeIdentifierHeartRate,PhysTrax Apple Watch,11.6.1,"Watch7,1","<<HKDevice: 0x133e952c0>, name:Apple Watch, manufacturer:Apple Inc., model:Watch, hardware:Watch7,1, software:11.6.1, creation date:2025-09-13 14:18:16 +0000>",2025-10-02 14:17:13 +0000,2025-10-02 14:17:13 +0000,count/min,112.0,2
HKQuantityTypeIdentifierHeartRate,PhysTrax Apple Watch,11.6.1,"Watch7,1","<<HKDevice: 0x133e952c0>, name:Apple Watch, manufacturer:Apple Inc., model:Watch, hardware:Watch7,1, software:11.6.1, creation date:2025-09-13 14:18:16 +0000>",2025-10-02 14:17:18 +0000,2025-10-02 14:17:18 +0000,count/min,110.0,2
HKQuantityTypeIdentifierHeartRate,PhysTrax Apple Watch,11.6.1,"Watch7,1","<<HKDevice: 0x133e952c0>, name:Apple Watch, manufacturer:Apple Inc., model:Watch, hardware:Watch7,1, software:11.6.1, creation date:2025-09-13 14:18:16 +0000>",2025-10-02 14:17:27 +0000,2025-10-02 14:17:27 +0000,count/min,110.0,2
HKQuantityTypeIdentifierHeartRate,PhysTrax Apple Watch,11.6.1,"Watch7,1","<<HKDevice: 0x133e952c0>, name:Apple Watch, manufacturer:Apple Inc., model:Watch, hardware:Watch7,1, software:11.6.1, creation date:2025-09-13 14:18:16 +0000>",2025-10-02 14:17:32 +0000,2025-10-02 14:17:32 +0000,count/min,111.0,2
HKQuantityTypeIdentifierHeartRate,PhysTrax Apple Watch,11.6.1,"Watch7,1","<<HKDevice: 0x133e952c0>, name:Apple Watch, manufacturer:Apple Inc., model:Watch, hardware:Watch7,1, software:11.6.1, creation date:2025-09-13 14:18:16 +0000>",2025-10-02 14:17:37 +0000,2025-10-02 14:17:37 +0000,count/min,111.0,2
HKQuantityTypeIdentifierHeartRate,PhysTrax Apple Watch,11.6.1,"Watch7,1","<<HKDevice: 0x133e952c0>, name:Apple Watch, manufacturer:Apple Inc., model:Watch, hardware:Watch7,1, software:11.6.1, creation date:2025-09-13 14:18:16 +0000>",2025-10-02 14:17:39 +0000,2025-10-02 14:17:39 +0000,count/min,110.0,2
HKQuantityTypeIdentifierHeartRate,PhysTrax Apple Watch,11.6.1,"Watch7,1","<<HKDevice: 0x133e952c0>, name:Apple Watch, manufacturer:Apple Inc., model:Watch, hardware:Watch7,1, software:11.6.1, creation date:2025-09-13 14:18:16 +0000>",2025-10-02 14:17:43 +0000,2025-10-02 14:17:43 +0000,count/min,113.0,2
HKQuantityTypeIdentifierHeartRate,PhysTrax Apple Watch,11.6.1,"Watch7,1","<<HKDevice: 0x133e952c0>, name:Apple Watch, manufacturer:Apple Inc., model:Watch, hardware:Watch7,1, software:11.6.1, creation date:2025-09-13 14:18:16 +0000>",2025-10-02 14:17:52 +0000,2025-10-02 14:17:52 +0000,count/min,113.0,2
HKQuantityTypeIdentifierHeartRate,PhysTrax Apple Watch,11.6.1,"Watch7,1","<<HKDevice: 0x133e952c0>, name:Apple Watch, manufacturer:Apple Inc., model:Watch, hardware:Watch7,1, software:11.6.1, creation date:2025-09-13 14:18:16 +0000>",2025-10-02 14:17:57 +0000,2025-10-02 14:17:57 +0000,count/min,115.0,2
HKQuantityTypeIdentifierHeartRate,PhysTrax Apple Watch,11.6.1,"Watch7,1","<<HKDevice: 0x133e952c0>, name:Apple Watch, manufacturer:Apple Inc., model:Watch, hardware:Watch7,1, software:11.6.1, creation date:2025-09-13 14:18:16 +0000>",2025-10-02 14:17:58 +0000,2025-10-02 14:17:58 +0000,count/min,116.0,2
HKQuantityTypeIdentifierHeartRate,PhysTrax Apple Watch,11.6.1,"Watch7,1","<<HKDevice: 0x133e952c0>, name:Apple Watch, manufacturer:Apple Inc., model:Watch, hardware:Watch7,1, software:11.6.1, creation date:2025-09-13 14:18:16 +0000>",2025-10-02 14:18:05 +0000,2025-10-02 14:18:05 +0000,count/min,117.0,2
HKQuantityTypeIdentifierHeartRate,PhysTrax Apple Watch,11.6.1,"Watch7,1","<<HKDevice: 0x133e952c0>, name:Apple Watch, manufacturer:Apple Inc., model:Watch, hardware:Watch7,1, software:11.6.1, creation date:2025-09-13 14:18:16 +0000>",2025-10-02 14:18:09 +0000,2025-10-02 14:18:09 +0000,count/min,116.0,2
HKQuantityTypeIdentifierHeartRate,PhysTrax Apple Watch,11.6.1,"Watch7,1","<<HKDevice: 0x133e952c0>, name:Apple Watch, manufacturer:Apple Inc., model:Watch, hardware:Watch7,1, software:11.6.1, creation date:2025-09-13 14:18:16 +0000>",2025-10-02 14:18:13 +0000,2025-10-02 14:18:13 +0000,count/min,112.0,2
HKQuantityTypeIdentifierHeartRate,PhysTrax Apple Watch,11.6.1,"Watch7,1","<<HKDevice: 0x133e952c0>, name:Apple Watch, manufacturer:Apple Inc., model:Watch, hardware:Watch7,1, software:11.6.1, creation date:2025-09-13 14:18:16 +0000>",2025-10-02 14:18:22 +0000,2025-10-02 14:18:22 +0000,count/min,118.0,2
HKQuantityTypeIdentifierHeartRate,PhysTrax Apple Watch,11.6.1,"Watch7,1","<<HKDevice: 0x133e952c0>, name:Apple Watch, manufacturer:Apple Inc., model:Watch, hardware:Watch7,1, software:11.6.1, creation date:2025-09-13 14:18:16 +0000>",2025-10-02 14:18:27 +0000,2025-10-02 14:18:27 +0000,count/min,114.0,2
HKQuantityTypeIdentifierHeartRate,PhysTrax Apple Watch,11.6.1,"Watch7,1","<<HKDevice: 0x133e952c0>, name:Apple Watch, manufacturer:Apple Inc., model:Watch, hardware:Watch7,1, software:11.6.1, creation date:2025-09-13 14:18:16 +0000>",2025-10-02 14:18:28 +0000,2025-10-02 14:18:28 +0000,count/min,115.0,2
HKQuantityTypeIdentifierHeartRate,PhysTrax Apple Watch,11.6.1,"Watch7,1","<<HKDevice: 0x133e952c0>, name:Apple Watch, manufacturer:Apple Inc., model:Watch, hardware:Watch7,1, software:11.6.1, creation date:2025-09-13 14:18:16 +0000>",2025-10-02 14:18:35 +0000,2025-10-02 14:18:35 +0000,count/min,113.0,2
HKQuantityTypeIdentifierHeartRate,PhysTrax Apple Watch,11.6.1,"Watch7,1","<<HKDevice: 0x133e952c0>, name:Apple Watch, manufacturer:Apple Inc., model:Watch, hardware:Watch7,1, software:11.6.1, creation date:2025-09-13 14:18:16 +0000>",2025-10-02 14:18:42 +0000,2025-10-02 14:18:42 +0000,count/min,108.0,2
HKQuantityTypeIdentifierHeartRate,PhysTrax Apple Watch,11.6.1,"Watch7,1","<<HKDevice: 0x133e952c0>, name:Apple Watch, manufacturer:Apple Inc., model:Watch, hardware:Watch7,1, software:11.6.1, creation date:2025-09-13 14:18:16 +0000>",2025-10-02 14:18:47 +0000,2025-10-02 14:18:47 +0000,count/min,112.0,2
HKQuantityTypeIdentifierHeartRate,PhysTrax Apple Watch,11.6.1,"Watch7,1","<<HKDevice: 0x133e952c0>, name:Apple Watch, manufacturer:Apple Inc., model:Watch, hardware:Watch7,1, software:11.6.1, creation date:2025-09-13 14:18:16 +0000>",2025-10-02 14:18:51 +0000,2025-10-02 14:18:51 +0000,count/min,113.0,2
HKQuantityTypeIdentifierHeartRate,PhysTrax Apple Watch,11.6.1,"Watch7,1","<<HKDevice: 0x133e952c0>, name:Apple Watch, manufacturer:Apple Inc., model:Watch, hardware:Watch7,1, software:11.6.1, creation date:2025-09-13 14:18:16 +0000>",2025-10-02 14:18:53 +0000,2025-10-02 14:18:53 +0000,count/min,113.0,2
HKQuantityTypeIdentifierHeartRate,PhysTrax Apple Watch,11.6.1,"Watch7,1","<<HKDevice: 0x133e952c0>, name:Apple Watch, manufacturer:Apple Inc., model:Watch, hardware:Watch7,1, software:11.6.1, creation date:2025-09-13 14:18:16 +0000>",2025-10-02 14:18:58 +0000,2025-10-02 14:18:58 +0000,count/min,115.0,2
HKQuantityTypeIdentifierHeartRate,PhysTrax Apple Watch,11.6.1,"Watch7,1","<<HKDevice: 0x133e952c0>, name:Apple Watch, manufacturer:Apple Inc., model:Watch, hardware:Watch7,1, software:11.6.1, creation date:2025-09-13 14:18:16 +0000>",2025-10-02 14:19:06 +0000,2025-10-02 14:19:06 +0000,count/min,115.0,2
HKQuantityTypeIdentifierHeartRate,PhysTrax Apple Watch,11.6.1,"Watch7,1","<<HKDevice: 0x133e952c0>, name:Apple Watch, manufacturer:Apple Inc., model:Watch, hardware:Watch7,1, software:11.6.1, creation date:2025-09-13 14:18:16 +0000>",2025-10-02 14:19:09 +0000,2025-10-02 14:19:09 +0000,count/min,115.0,2
HKQuantityTypeIdentifierHeartRate,PhysTrax Apple Watch,11.6.1,"Watch7,1","<<HKDevice: 0x133e952c0>, name:Apple Watch, manufacturer:Apple Inc., model:Watch, hardware:Watch7,1, software:11.6.1, creation date:2025-09-13 14:18:16 +0000>",2025-10-02 14:19:17 +0000,2025-10-02 14:19:17 +0000,count/min,115.0,2
HKQuantityTypeIdentifierHeartRate,PhysTrax Apple Watch,11.6.1,"Watch7,1","<<HKDevice: 0x133e952c0>, name:Apple Watch, manufacturer:Apple Inc., model:Watch, hardware:Watch7,1, software:11.6.1, creation date:2025-09-13 14:18:16 +0000>",2025-10-02 14:19:22 +0000,2025-10-02 14:19:22 +0000,count/min,115.0,2
HKQuantityTypeIdentifierHeartRate,PhysTrax Apple Watch,11.6.1,"Watch7,1","<<HKDevice: 0x133e952c0>, name:Apple Watch, manufacturer:Apple Inc., model:Watch, hardware:Watch7,1, software:11.6.1, creation date:2025-09-13 14:18:16 +0000>",2025-10-02 14:19:24 +0000,2025-10-02 14:19:24 +0000,count/min,114.0,2
HKQuantityTypeIdentifierHeartRate,PhysTrax Apple Watch,11.6.1,"Watch7,1","<<HKDevice: 0x133e952c0>, name:Apple Watch, manufacturer:Apple Inc., model:Watch, hardware:Watch7,1, software:11.6.1, creation date:2025-09-13 14:18:16 +0000>",2025-10-02 14:19:32 +0000,2025-10-02 14:19:32 +0000,count/min,115.0,2
HKQuantityTypeIdentifierHeartRate,PhysTrax Apple Watch,11.6.1,"Watch7,1","<<HKDevice: 0x133e952c0>, name:Apple Watch, manufacturer:Apple Inc., model:Watch, hardware:Watch7,1, software:11.6.1, creation date:2025-09-13 14:18:16 +0000>",2025-10-02 14:19:33 +0000,2025-10-02 14:19:33 +0000,count/min,115.0,2
HKQuantityTypeIdentifierHeartRate,PhysTrax Apple Watch,11.6.1,"Watch7,1","<<HKDevice: 0x133e952c0>, name:Apple Watch, manufacturer:Apple Inc., model:Watch, hardware:Watch7,1, software:11.6.1, creation date:2025-09-13 14:18:16 +0000>",2025-10-02 14:19:38 +0000,2025-10-02 14:19:38 +0000,count/min,118.0,2
HKQuantityTypeIdentifierHeartRate,PhysTrax Apple Watch,11.6.1,"Watch7,1","<<HKDevice: 0x133e952c0>, name:Apple Watch, manufacturer:Apple Inc., model:Watch, hardware:Watch7,1, software:11.6.1, creation date:2025-09-13 14:18:16 +0000>",2025-10-02 14:19:47 +0000,2025-10-02 14:19:47 +0000,count/min,108.0,2
HKQuantityTypeIdentifierHeartRate,PhysTrax Apple Watch,11.6.1,"Watch7,1","<<HKDevice: 0x133e952c0>, name:Apple Watch, manufacturer:Apple Inc., model:Watch, hardware:Watch7,1, software:11.6.1, creation date:2025-09-13 14:18:16 +0000>",2025-10-02 14:19:49 +0000,2025-10-02 14:19:49 +0000,count/min,108.0,2
HKQuantityTypeIdentifierHeartRate,PhysTrax Apple Watch,11.6.1,"Watch7,1","<<HKDevice: 0x133e952c0>, name:Apple Watch, manufacturer:Apple Inc., model:Watch, hardware:Watch7,1, software:11.6.1, creation date:2025-09-13 14:18:16 +0000>",2025-10-02 14:19:53 +0000,2025-10-02 14:19:53 +0000,count/min,112.0,2
HKQuantityTypeIdentifierHeartRate,PhysTrax Apple Watch,11.6.1,"Watch7,1","<<HKDevice: 0x133e952c0>, name:Apple Watch, manufacturer:Apple Inc., model:Watch, hardware:Watch7,1, software:11.6.1, creation date:2025-09-13 14:18:16 +0000>",2025-10-02 14:19:58 +0000,2025-10-02 14:19:58 +0000,count/min,115.0,2
HKQuantityTypeIdentifierHeartRate,PhysTrax Apple Watch,11.6.1,"Watch7,1","<<HKDevice: 0x133e952c0>, name:Apple Watch, manufacturer:Apple Inc., model:Watch, hardware:Watch7,1, software:11.6.1, creation date:2025-09-13 14:18:16 +0000>",2025-10-02 14:20:03 +0000,2025-10-02 14:20:03 +0000,count/min,119.0,2
HKQuantityTypeIdentifierHeartRate,PhysTrax Apple Watch,11.6.1,"Watch7,1","<<HKDevice: 0x133e952c0>, name:Apple Watch, manufacturer:Apple Inc., model:Watch, hardware:Watch7,1, software:11.6.1, creation date:2025-09-13 14:18:16 +0000>",2025-10-02 14:20:08 +0000,2025-10-02 14:20:08 +0000,count/min,118.0,2
HKQuantityTypeIdentifierHeartRate,PhysTrax Apple Watch,11.6.1,"Watch7,1","<<HKDevice: 0x133e952c0>, name:Apple Watch, manufacturer:Apple Inc., model:Watch, hardware:Watch7,1, software:11.6.1, creation date:2025-09-13 14:18:16 +0000>",2025-10-02 14:20:15 +0000,2025-10-02 14:20:15 +0000,count/min,116.0,2
HKQuantityTypeIdentifierHeartRate,PhysTrax Apple Watch,11.6.1,"Watch7,1","<<HKDevice: 0x133e952c0>, name:Apple Watch, manufacturer:Apple Inc., model:Watch, hardware:Watch7,1, software:11.6.1, creation date:2025-09-13 14:18:16 +0000>",2025-10-02 14:20:21 +0000,2025-10-02 14:20:21 +0000,count/min,118.0,2
HKQuantityTypeIdentifierHeartRate,PhysTrax Apple Watch,11.6.1,"Watch7,1","<<HKDevice: 0x133e952c0>, name:Apple Watch, manufacturer:Apple Inc., model:Watch, hardware:Watch7,1, software:11.6.1, creation date:2025-09-13 14:18:16 +0000>",2025-10-02 14:20:23 +0000,2025-10-02 14:20:23 +0000,count/min,119.0,2
HKQuantityTypeIdentifierHeartRate,PhysTrax Apple Watch,11.6.1,"Watch7,1","<<HKDevice: 0x133e952c0>, name:Apple Watch, manufacturer:Apple Inc., model:Watch, hardware:Watch7,1, software:11.6.1, creation date:2025-09-13 14:18:16 +0000>",2025-10-02 14:20:28 +0000,2025-10-02 14:20:28 +0000,count/min,124.00000000000001,2
HKQuantityTypeIdentifierHeartRate,PhysTrax Apple Watch,11.6.1,"Watch7,1","<<HKDevice: 0x133e952c0>, name:Apple Watch, manufacturer:Apple Inc., model:Watch, hardware:Watch7,1, software:11.6.1, creation date:2025-09-13 14:18:16 +0000>",2025-10-02 14:20:42 +0000,2025-10-02 14:20:42 +0000,count/min,88.0,2
HKQuantityTypeIdentifierHeartRate,PhysTrax Apple Watch,11.6.1,"Watch7,1","<<HKDevice: 0x133e952c0>, name:Apple Watch, manufacturer:Apple Inc., model:Watch, hardware:Watch7,1, software:11.6.1, creation date:2025-09-13 14:18:16 +0000>",2025-10-02 14:20:47 +0000,2025-10-02 14:20:47 +0000,count/min,81.0,2
HKQuantityTypeIdentifierHeartRate,PhysTrax Apple Watch,11.6.1,"Watch7,1","<<HKDevice: 0x133e952c0>, name:Apple Watch, manufacturer:Apple Inc., model:Watch, hardware:Watch7,1, software:11.6.1, creation date:2025-09-13 14:18:16 +0000>",2025-10-02 14:20:52 +0000,2025-10-02 14:20:52 +0000,count/min,77.00000000000001,2
HKQuantityTypeIdentifierHeartRate,PhysTrax Apple Watch,11.6.1,"Watch7,1","<<HKDevice: 0x133e952c0>, name:Apple Watch, manufacturer:Apple Inc., model:Watch, hardware:Watch7,1, software:11.6.1, creation date:2025-09-13 14:18:16 +0000>",2025-10-02 14:20:57 +0000,2025-10-02 14:20:57 +0000,count/min,75.0,2
HKQuantityTypeIdentifierHeartRate,PhysTrax Apple Watch,11.6.1,"Watch7,1","<<HKDevice: 0x133e952c0>, name:Apple Watch, manufacturer:Apple Inc., model:Watch, hardware:Watch7,1, software:11.6.1, creation date:2025-09-13 14:18:16 +0000>",2025-10-02 14:21:02 +0000,2025-10-02 14:21:02 +0000,count/min,75.0,2
HKQuantityTypeIdentifierHeartRate,PhysTrax Apple Watch,11.6.1,"Watch7,1","<<HKDevice: 0x133e952c0>, name:Apple Watch, manufacturer:Apple Inc., model:Watch, hardware:Watch7,1, software:11.6.1, creation date:2025-09-13 14:18:16 +0000>",2025-10-02 14:21:04 +0000,2025-10-02 14:21:04 +0000,count/min,75.0,2
HKQuantityTypeIdentifierHeartRate,PhysTrax Apple Watch,11.6.1,"Watch7,1","<<HKDevice: 0x133e952c0>, name:Apple Watch, manufacturer:Apple Inc., model:Watch, hardware:Watch7,1, software:11.6.1, creation date:2025-09-13 14:18:16 +0000>",2025-10-02 14:21:09 +0000,2025-10-02 14:21:09 +0000,count/min,71.0,2
HKQuantityTypeIdentifierHeartRate,PhysTrax Apple Watch,11.6.1,"Watch7,1","<<HKDevice: 0x133e952c0>, name:Apple Watch, manufacturer:Apple Inc., model:Watch, hardware:Watch7,1, software:11.6.1, creation date:2025-09-13 14:18:16 +0000>",2025-10-02 14:21:17 +0000,2025-10-02 14:21:17 +0000,count/min,69.0,2
HKQuantityTypeIdentifierHeartRate,PhysTrax Apple Watch,11.6.1,"Watch7,1","<<HKDevice: 0x133e952c0>, name:Apple Watch, manufacturer:Apple Inc., model:Watch, hardware:Watch7,1, software:11.6.1, creation date:2025-09-13 14:18:16 +0000>",2025-10-02 14:21:22 +0000,2025-10-02 14:21:22 +0000,count/min,67.0,2
HKQuantityTypeIdentifierHeartRate,PhysTrax Apple Watch,11.6.1,"Watch7,1","<<HKDevice: 0x133e952c0>, name:Apple Watch, manufacturer:Apple Inc., model:Watch, hardware:Watch7,1, software:11.6.1, creation date:2025-09-13 14:18:16 +0000>",2025-10-02 14:21:26 +0000,2025-10-02 14:21:26 +0000,count/min,69.0,2
HKQuantityTypeIdentifierHeartRate,PhysTrax Apple Watch,11.6.1,"Watch7,1","<<HKDevice: 0x133e952c0>, name:Apple Watch, manufacturer:Apple Inc., model:Watch, hardware:Watch7,1, software:11.6.1, creation date:2025-09-13 14:18:16 +0000>",2025-10-02 14:21:29 +0000,2025-10-02 14:21:29 +0000,count/min,69.0,2
HKQuantityTypeIdentifierHeartRate,PhysTrax Apple Watch,11.6.1,"Watch7,1","<<HKDevice: 0x133e952c0>, name:Apple Watch, manufacturer:Apple Inc., model:Watch, hardware:Watch7,1, software:11.6.1, creation date:2025-09-13 14:18:16 +0000>",2025-10-02 14:21:37 +0000,2025-10-02 14:21:37 +0000,count/min,69.0,2
HKQuantityTypeIdentifierHeartRate,PhysTrax Apple Watch,11.6.1,"Watch7,1","<<HKDevice: 0x133e952c0>, name:Apple Watch, manufacturer:Apple Inc., model:Watch, hardware:Watch7,1, software:11.6.1, creation date:2025-09-13 14:18:16 +0000>",2025-10-02 14:21:42 +0000,2025-10-02 14:21:42 +0000,count/min,71.0,2
HKQuantityTypeIdentifierHeartRate,PhysTrax Apple Watch,11.6.1,"Watch7,1","<<HKDevice: 0x133e952c0>, name:Apple Watch, manufacturer:Apple Inc., model:Watch, hardware:Watch7,1, software:11.6.1, creation date:2025-09-13 14:18:16 +0000>",2025-10-02 14:21:43 +0000,2025-10-02 14:21:43 +0000,count/min,72.0,2
HKQuantityTypeIdentifierHeartRate,PhysTrax Apple Watch,11.6.1,"Watch7,1","<<HKDevice: 0x133e952c0>, name:Apple Watch, manufacturer:Apple Inc., model:Watch, hardware:Watch7,1, software:11.6.1, creation date:2025-09-13 14:18:16 +0000>",2025-10-02 14:21:48 +0000,2025-10-02 14:21:48 +0000,count/min,75.0,2
HKQuantityTypeIdentifierHeartRate,PhysTrax Apple Watch,11.6.1,"Watch7,1","<<HKDevice: 0x133e952c0>, name:Apple Watch, manufacturer:Apple Inc., model:Watch, hardware:Watch7,1, software:11.6.1, creation date:2025-09-13 14:18:16 +0000>",2025-10-02 14:21:57 +0000,2025-10-02 14:21:57 +0000,count/min,71.0,2
HKQuantityTypeIdentifierHeartRate,PhysTrax Apple Watch,11.6.1,"Watch7,1","<<HKDevice: 0x133e952c0>, name:Apple Watch, manufacturer:Apple Inc., model:Watch, hardware:Watch7,1, software:11.6.1, creation date:2025-09-13 14:18:16 +0000>",2025-10-02 14:22:01 +0000,2025-10-02 14:22:01 +0000,count/min,69.0,2
HKQuantityTypeIdentifierHeartRate,PhysTrax Apple Watch,11.6.1,"Watch7,1","<<HKDevice: 0x133e952c0>, name:Apple Watch, manufacturer:Apple Inc., model:Watch, hardware:Watch7,1, software:11.6.1, creation date:2025-09-13 14:18:16 +0000>",2025-10-02 14:22:05 +0000,2025-10-02 14:22:05 +0000,count/min,68.0,2
HKQuantityTypeIdentifierHeartRate,PhysTrax Apple Watch,11.6.1,"Watch7,1","<<HKDevice: 0x133e952c0>, name:Apple Watch, manufacturer:Apple Inc., model:Watch, hardware:Watch7,1, software:11.6.1, creation date:2025-09-13 14:18:16 +0000>",2025-10-02 14:22:08 +0000,2025-10-02 14:22:08 +0000,count/min,70.0,2
HKQuantityTypeIdentifierHeartRate,PhysTrax Apple Watch,11.6.1,"Watch7,1","<<HKDevice: 0x133e952c0>, name:Apple Watch, manufacturer:Apple Inc., model:Watch, hardware:Watch7,1, software:11.6.1, creation date:2025-09-13 14:18:16 +0000>",2025-10-02 14:22:13 +0000,2025-10-02 14:22:13 +0000,count/min,66.0,2
HKQuantityTypeIdentifierHeartRate,PhysTrax Apple Watch,11.6.1,"Watch7,1","<<HKDevice: 0x133e952c0>, name:Apple Watch, manufacturer:Apple Inc., model:Watch, hardware:Watch7,1, software:11.6.1, creation date:2025-09-13 14:18:16 +0000>",2025-10-02 14:22:20 +0000,2025-10-02 14:22:20 +0000,count/min,66.0,2
HKQuantityTypeIdentifierHeartRate,PhysTrax Apple Watch,11.6.1,"Watch7,1","<<HKDevice: 0x133e952c0>, name:Apple Watch, manufacturer:Apple Inc., model:Watch, hardware:Watch7,1, software:11.6.1, creation date:2025-09-13 14:18:16 +0000>",2025-10-02 14:22:27 +0000,2025-10-02 14:22:27 +0000,count/min,66.0,2
HKQuantityTypeIdentifierHeartRate,PhysTrax Apple Watch,11.6.1,"Watch7,1","<<HKDevice: 0x133e952c0>, name:Apple Watch, manufacturer:Apple Inc., model:Watch, hardware:Watch7,1, software:11.6.1, creation date:2025-09-13 14:18:16 +0000>",2025-10-02 14:22:31 +0000,2025-10-02 14:22:31 +0000,count/min,68.0,2
HKQuantityTypeIdentifierHeartRate,PhysTrax Apple Watch,11.6.1,"Watch7,1","<<HKDevice: 0x133e952c0>, name:Apple Watch, manufacturer:Apple Inc., model:Watch, hardware:Watch7,1, software:11.6.1, creation date:2025-09-13 14:18:16 +0000>",2025-10-02 14:22:33 +0000,2025-10-02 14:22:33 +0000,count/min,68.0,2
HKQuantityTypeIdentifierHeartRate,PhysTrax Apple Watch,11.6.1,"Watch7,1","<<HKDevice: 0x133e952c0>, name:Apple Watch, manufacturer:Apple Inc., model:Watch, hardware:Watch7,1, software:11.6.1, creation date:2025-09-13 14:18:16 +0000>",2025-10-02 14:22:42 +0000,2025-10-02 14:22:42 +0000,count/min,68.0,2
HKQuantityTypeIdentifierHeartRate,PhysTrax Apple Watch,11.6.1,"Watch7,1","<<HKDevice: 0x133e952c0>, name:Apple Watch, manufacturer:Apple Inc., model:Watch, hardware:Watch7,1, software:11.6.1, creation date:2025-09-13 14:18:16 +0000>",2025-10-02 14:22:47 +0000,2025-10-02 14:22:47 +0000,count/min,69.0,2
HKQuantityTypeIdentifierHeartRate,PhysTrax Apple Watch,11.6.1,"Watch7,1","<<HKDevice: 0x133e952c0>, name:Apple Watch, manufacturer:Apple Inc., model:Watch, hardware:Watch7,1, software:11.6.1, creation date:2025-09-13 14:18:16 +0000>",2025-10-02 14:22:51 +0000,2025-10-02 14:22:51 +0000,count/min,69.0,2
HKQuantityTypeIdentifierHeartRate,PhysTrax Apple Watch,11.6.1,"Watch7,1","<<HKDevice: 0x133e952c0>, name:Apple Watch, manufacturer:Apple Inc., model:Watch, hardware:Watch7,1, software:11.6.1, creation date:2025-09-13 14:18:16 +0000>",2025-10-02 14:22:54 +0000,2025-10-02 14:22:54 +0000,count/min,69.0,2
HKQuantityTypeIdentifierHeartRate,PhysTrax Apple Watch,11.6.1,"Watch7,1","<<HKDevice: 0x133e952c0>, name:Apple Watch, manufacturer:Apple Inc., model:Watch, hardware:Watch7,1, software:11.6.1, creation date:2025-09-13 14:18:16 +0000>",2025-10-02 14:22:58 +0000,2025-10-02 14:22:58 +0000,count/min,68.0,2
HKQuantityTypeIdentifierHeartRate,PhysTrax Apple Watch,11.6.1,"Watch7,1","<<HKDevice: 0x133e952c0>, name:Apple Watch, manufacturer:Apple Inc., model:Watch, hardware:Watch7,1, software:11.6.1, creation date:2025-09-13 14:18:16 +0000>",2025-10-02 14:23:05 +0000,2025-10-02 14:23:05 +0000,count/min,68.0,2
HKQuantityTypeIdentifierHeartRate,PhysTrax Apple Watch,11.6.1,"Watch7,1","<<HKDevice: 0x133e952c0>, name:Apple Watch, manufacturer:Apple Inc., model:Watch, hardware:Watch7,1, software:11.6.1, creation date:2025-09-13 14:18:16 +0000>",2025-10-02 14:23:11 +0000,2025-10-02 14:23:11 +0000,count/min,69.0,2
HKQuantityTypeIdentifierHeartRate,PhysTrax Apple Watch,11.6.1,"Watch7,1","<<HKDevice: 0x133e952c0>, name:Apple Watch, manufacturer:Apple Inc., model:Watch, hardware:Watch7,1, software:11.6.1, creation date:2025-09-13 14:18:16 +0000>",2025-10-02 14:23:16 +0000,2025-10-02 14:23:16 +0000,count/min,68.0,2
HKQuantityTypeIdentifierHeartRate,PhysTrax Apple Watch,11.6.1,"Watch7,1","<<HKDevice: 0x133e952c0>, name:Apple Watch, manufacturer:Apple Inc., model:Watch, hardware:Watch7,1, software:11.6.1, creation date:2025-09-13 14:18:16 +0000>",2025-10-02 14:23:19 +0000,2025-10-02 14:23:19 +0000,count/min,68.0,2
HKQuantityTypeIdentifierHeartRate,PhysTrax Apple Watch,11.6.1,"Watch7,1","<<HKDevice: 0x133e952c0>, name:Apple Watch, manufacturer:Apple Inc., model:Watch, hardware:Watch7,1, software:11.6.1, creation date:2025-09-13 14:18:16 +0000>",2025-10-02 14:23:24 +0000,2025-10-02 14:23:24 +0000,count/min,68.0,2
HKQuantityTypeIdentifierHeartRate,PhysTrax Apple Watch,11.6.1,"Watch7,1","<<HKDevice: 0x133e952c0>, name:Apple Watch, manufacturer:Apple Inc., model:Watch, hardware:Watch7,1, software:11.6.1, creation date:2025-09-13 14:18:16 +0000>",2025-10-02 14:23:28 +0000,2025-10-02 14:23:28 +0000,count/min,68.0,2
HKQuantityTypeIdentifierHeartRate,PhysTrax Apple Watch,11.6.1,"Watch7,1","<<HKDevice: 0x133e952c0>, name:Apple Watch, manufacturer:Apple Inc., model:Watch, hardware:Watch7,1, software:11.6.1, creation date:2025-09-13 14:18:16 +0000>",2025-10-02 14:23:37 +0000,2025-10-02 14:23:37 +0000,count/min,69.0,2
HKQuantityTypeIdentifierHeartRate,PhysTrax Apple Watch,11.6.1,"Watch7,1","<<HKDevice: 0x133e952c0>, name:Apple Watch, manufacturer:Apple Inc., model:Watch, hardware:Watch7,1, software:11.6.1, creation date:2025-09-13 14:18:16 +0000>",2025-10-02 14:23:42 +0000,2025-10-02 14:23:42 +0000,count/min,71.0,2
HKQuantityTypeIdentifierHeartRate,PhysTrax Apple Watch,11.6.1,"Watch7,1","<<HKDevice: 0x133e952c0>, name:Apple Watch, manufacturer:Apple Inc., model:Watch, hardware:Watch7,1, software:11.6.1, creation date:2025-09-13 14:18:16 +0000>",2025-10-02 14:23:46 +0000,2025-10-02 14:23:46 +0000,count/min,71.0,2
HKQuantityTypeIdentifierHeartRate,PhysTrax Apple Watch,11.6.1,"Watch7,1","<<HKDevice: 0x133e952c0>, name:Apple Watch, manufacturer:Apple Inc., model:Watch, hardware:Watch7,1, software:11.6.1, creation date:2025-09-13 14:18:16 +0000>",2025-10-02 14:23:51 +0000,2025-10-02 14:23:51 +0000,count/min,69.0,2
HKQuantityTypeIdentifierHeartRate,PhysTrax Apple Watch,11.6.1,"Watch7,1","<<HKDevice: 0x133e952c0>, name:Apple Watch, manufacturer:Apple Inc., model:Watch, hardware:Watch7,1, software:11.6.1, creation date:2025-09-13 14:18:16 +0000>",2025-10-02 14:23:57 +0000,2025-10-02 14:23:57 +0000,count/min,68.0,2
HKQuantityTypeIdentifierHeartRate,PhysTrax Apple Watch,11.6.1,"Watch7,1","<<HKDevice: 0x133e952c0>, name:Apple Watch, manufacturer:Apple Inc., model:Watch, hardware:Watch7,1, software:11.6.1, creation date:2025-09-13 14:18:16 +0000>",2025-10-02 14:24:01 +0000,2025-10-02 14:24:01 +0000,count/min,69.0,2
HKQuantityTypeIdentifierHeartRate,PhysTrax Apple Watch,11.6.1,"Watch7,1","<<HKDevice: 0x133e952c0>, name:Apple Watch, manufacturer:Apple Inc., model:Watch, hardware:Watch7,1, software:11.6.1, creation date:2025-09-13 14:18:16 +0000>",2025-10-02 14:24:07 +0000,2025-10-02 14:24:07 +0000,count/min,70.0,2
HKQuantityTypeIdentifierHeartRate,PhysTrax Apple Watch,11.6.1,"Watch7,1","<<HKDevice: 0x133e952c0>, name:Apple Watch, manufacturer:Apple Inc., model:Watch, hardware:Watch7,1, software:11.6.1, creation date:2025-09-13 14:18:16 +0000>",2025-10-02 14:24:10 +0000,2025-10-02 14:24:10 +0000,count/min,69.0,2
HKQuantityTypeIdentifierHeartRate,PhysTrax Apple Watch,11.6.1,"Watch7,1","<<HKDevice: 0x133e952c0>, name:Apple Watch, manufacturer:Apple Inc., model:Watch, hardware:Watch7,1, software:11.6.1, creation date:2025-09-13 14:18:16 +0000>",2025-10-02 14:24:17 +0000,2025-10-02 14:24:17 +0000,count/min,71.0,2
HKQuantityTypeIdentifierHeartRate,PhysTrax Apple Watch,11.6.1,"Watch7,1","<<HKDevice: 0x133e952c0>, name:Apple Watch, manufacturer:Apple Inc., model:Watch, hardware:Watch7,1, software:11.6.1, creation date:2025-09-13 14:18:16 +0000>",2025-10-02 14:24:18 +0000,2025-10-02 14:24:18 +0000,count/min,71.0,2
HKQuantityTypeIdentifierHeartRate,PhysTrax Apple Watch,11.6.1,"Watch7,1","<<HKDevice: 0x133e952c0>, name:Apple Watch, manufacturer:Apple Inc., model:Watch, hardware:Watch7,1, software:11.6.1, creation date:2025-09-13 14:18:16 +0000>",2025-10-02 14:24:25 +0000,2025-10-02 14:24:25 +0000,count/min,69.0,2
HKQuantityTypeIdentifierHeartRate,PhysTrax Apple Watch,11.6.1,"Watch7,1","<<HKDevice: 0x133e952c0>, name:Apple Watch, manufacturer:Apple Inc., model:Watch, hardware:Watch7,1, software:11.6.1, creation date:2025-09-13 14:18:16 +0000>",2025-10-02 14:24:29 +0000,2025-10-02 14:24:29 +0000,count/min,68.0,2
HKQuantityTypeIdentifierHeartRate,PhysTrax Apple Watch,11.6.1,"Watch7,1","<<HKDevice: 0x133e952c0>, name:Apple Watch, manufacturer:Apple Inc., model:Watch, hardware:Watch7,1, software:11.6.1, creation date:2025-09-13 14:18:16 +0000>",2025-10-02 14:24:37 +0000,2025-10-02 14:24:37 +0000,count/min,70.0,2
HKQuantityTypeIdentifierHeartRate,PhysTrax Apple Watch,11.6.1,"Watch7,1","<<HKDevice: 0x133e952c0>, name:Apple Watch, manufacturer:Apple Inc., model:Watch, hardware:Watch7,1, software:11.6.1, creation date:2025-09-13 14:18:16 +0000>",2025-10-02 14:24:42 +0000,2025-10-02 14:24:42 +0000,count/min,70.0,2
HKQuantityTypeIdentifierHeartRate,PhysTrax Apple Watch,11.6.1,"Watch7,1","<<HKDevice: 0x133e952c0>, name:Apple Watch, manufacturer:Apple Inc., model:Watch, hardware:Watch7,1, software:11.6.1, creation date:2025-09-13 14:18:16 +0000>",2025-10-02 14:24:43 +0000,2025-10-02 14:24:43 +0000,count/min,70.0,2
HKQuantityTypeIdentifierHeartRate,PhysTrax Apple Watch,11.6.1,"Watch7,1","<<HKDevice: 0x133e952c0>, name:Apple Watch, manufacturer:Apple Inc., model:Watch, hardware:Watch7,1, software:11.6.1, creation date:2025-09-13 14:18:16 +0000>",2025-10-02 14:24:49 +0000,2025-10-02 14:24:49 +0000,count/min,71.0,2
HKQuantityTypeIdentifierHeartRate,PhysTrax Apple Watch,11.6.1,"Watch7,1","<<HKDevice: 0x133e952c0>, name:Apple Watch, manufacturer:Apple Inc., model:Watch, hardware:Watch7,1, software:11.6.1, creation date:2025-09-13 14:18:16 +0000>",2025-10-02 14:24:54 +0000,2025-10-02 14:24:54 +0000,count/min,70.0,2
HKQuantityTypeIdentifierHeartRate,PhysTrax Apple Watch,11.6.1,"Watch7,1","<<HKDevice: 0x133e952c0>, name:Apple Watch, manufacturer:Apple Inc., model:Watch, hardware:Watch7,1, software:11.6.1, creation date:2025-09-13 14:18:16 +0000>",2025-10-02 14:24:58 +0000,2025-10-02 14:24:58 +0000,count/min,69.0,2
HKQuantityTypeIdentifierHeartRate,PhysTrax Apple Watch,11.6.1,"Watch7,1","<<HKDevice: 0x133e952c0>, name:Apple Watch, manufacturer:Apple Inc., model:Watch, hardware:Watch7,1, software:11.6.1, creation date:2025-09-13 14:18:16 +0000>",2025-10-02 14:25:03 +0000,2025-10-02 14:25:03 +0000,count/min,69.0,2
HKQuantityTypeIdentifierHeartRate,PhysTrax Apple Watch,11.6.1,"Watch7,1","<<HKDevice: 0x133e952c0>, name:Apple Watch, manufacturer:Apple Inc., model:Watch, hardware:Watch7,1, software:11.6.1, creation date:2025-09-13 14:18:16 +0000>",2025-10-02 14:25:12 +0000,2025-10-02 14:25:12 +0000,count/min,71.0,2
HKQuantityTypeIdentifierHeartRate,PhysTrax Apple Watch,11.6.1,"Watch7,1","<<HKDevice: 0x133e952c0>, name:Apple Watch, manufacturer:Apple Inc., model:Watch, hardware:Watch7,1, software:11.6.1, creation date:2025-09-13 14:18:16 +0000>",2025-10-02 14:25:13 +0000,2025-10-02 14:25:13 +0000,count/min,71.0,2
HKQuantityTypeIdentifierHeartRate,PhysTrax Apple Watch,11.6.1,"Watch7,1","<<HKDevice: 0x133e952c0>, name:Apple Watch, manufacturer:Apple Inc., model:Watch, hardware:Watch7,1, software:11.6.1, creation date:2025-09-13 14:18:16 +0000>",2025-10-02 14:25:22 +0000,2025-10-02 14:25:22 +0000,count/min,68.0,2
HKQuantityTypeIdentifierHeartRate,PhysTrax Apple Watch,11.6.1,"Watch7,1","<<HKDevice: 0x133e952c0>, name:Apple Watch, manufacturer:Apple Inc., model:Watch, hardware:Watch7,1, software:11.6.1, creation date:2025-09-13 14:18:16 +0000>",2025-10-02 14:25:23 +0000,2025-10-02 14:25:23 +0000,count/min,68.0,2
HKQuantityTypeIdentifierHeartRate,PhysTrax Apple Watch,11.6.1,"Watch7,1","<<HKDevice: 0x133e952c0>, name:Apple Watch, manufacturer:Apple Inc., model:Watch, hardware:Watch7,1, software:11.6.1, creation date:2025-09-13 14:18:16 +0000>",2025-10-02 14:25:29 +0000,2025-10-02 14:25:29 +0000,count/min,67.0,2
HKQuantityTypeIdentifierHeartRate,PhysTrax Apple Watch,11.6.1,"Watch7,1","<<HKDevice: 0x133e952c0>, name:Apple Watch, manufacturer:Apple Inc., model:Watch, hardware:Watch7,1, software:11.6.1, creation date:2025-09-13 14:18:16 +0000>",2025-10-02 14:25:34 +0000,2025-10-02 14:25:34 +0000,count/min,68.0,2
HKQuantityTypeIdentifierHeartRate,PhysTrax Apple Watch,11.6.1,"Watch7,1","<<HKDevice: 0x133e952c0>, name:Apple Watch, manufacturer:Apple Inc., model:Watch, hardware:Watch7,1, software:11.6.1, creation date:2025-09-13 14:18:16 +0000>",2025-10-02 14:25:38 +0000,2025-10-02 14:25:38 +0000,count/min,68.0,2
HKQuantityTypeIdentifierHeartRate,PhysTrax Apple Watch,11.6.1,"Watch7,1","<<HKDevice: 0x133e952c0>, name:Apple Watch, manufacturer:Apple Inc., model:Watch, hardware:Watch7,1, software:11.6.1, creation date:2025-09-13 14:18:16 +0000>",2025-10-02 14:25:45 +0000,2025-10-02 14:25:45 +0000,count/min,68.0,2
HKQuantityTypeIdentifierHeartRate,PhysTrax Apple Watch,11.6.1,"Watch7,1","<<HKDevice: 0x133e952c0>, name:Apple Watch, manufacturer:Apple Inc., model:Watch, hardware:Watch7,1, software:11.6.1, creation date:2025-09-13 14:18:16 +0000>",2025-10-02 14:25:49 +0000,2025-10-02 14:25:49 +0000,count/min,68.0,2
HKQuantityTypeIdentifierHeartRate,PhysTrax Apple Watch,11.6.1,"Watch7,1","<<HKDevice: 0x133e952c0>, name:Apple Watch, manufacturer:Apple Inc., model:Watch, hardware:Watch7,1, software:11.6.1, creation date:2025-09-13 14:18:16 +0000>",2025-10-02 14:25:57 +0000,2025-10-02 14:25:57 +0000,count/min,68.0,2
HKQuantityTypeIdentifierHeartRate,PhysTrax Apple Watch,11.6.1,"Watch7,1","<<HKDevice: 0x133e952c0>, name:Apple Watch, manufacturer:Apple Inc., model:Watch, hardware:Watch7,1, software:11.6.1, creation date:2025-09-13 14:18:16 +0000>",2025-10-02 14:26:00 +0000,2025-10-02 14:26:00 +0000,count/min,68.0,2
HKQuantityTypeIdentifierHeartRate,PhysTrax Apple Watch,11.6.1,"Watch7,1","<<HKDevice: 0x133e952c0>, name:Apple Watch, manufacturer:Apple Inc., model:Watch, hardware:Watch7,1, software:11.6.1, creation date:2025-09-13 14:18:16 +0000>",2025-10-02 14:26:05 +0000,2025-10-02 14:26:05 +0000,count/min,68.0,2
HKQuantityTypeIdentifierHeartRate,PhysTrax Apple Watch,11.6.1,"Watch7,1","<<HKDevice: 0x133e952c0>, name:Apple Watch, manufacturer:Apple Inc., model:Watch, hardware:Watch7,1, software:11.6.1, creation date:2025-09-13 14:18:16 +0000>",2025-10-02 14:26:10 +0000,2025-10-02 14:26:10 +0000,count/min,68.0,2
HKQuantityTypeIdentifierHeartRate,PhysTrax Apple Watch,11.6.1,"Watch7,1","<<HKDevice: 0x133e952c0>, name:Apple Watch, manufacturer:Apple Inc., model:Watch, hardware:Watch7,1, software:11.6.1, creation date:2025-09-13 14:18:16 +0000>",2025-10-02 14:26:17 +0000,2025-10-02 14:26:17 +0000,count/min,68.0,2
HKQuantityTypeIdentifierHeartRate,PhysTrax Apple Watch,11.6.1,"Watch7,1","<<HKDevice: 0x133e952c0>, name:Apple Watch, manufacturer:Apple Inc., model:Watch, hardware:Watch7,1, software:11.6.1, creation date:2025-09-13 14:18:16 +0000>",2025-10-02 14:26:22 +0000,2025-10-02 14:26:22 +0000,count/min,68.0,2
HKQuantityTypeIdentifierHeartRate,PhysTrax Apple Watch,11.6.1,"Watch7,1","<<HKDevice: 0x133e952c0>, name:Apple Watch, manufacturer:Apple Inc., model:Watch, hardware:Watch7,1, software:11.6.1, creation date:2025-09-13 14:18:16 +0000>",2025-10-02 14:26:24 +0000,2025-10-02 14:26:24 +0000,count/min,68.0,2
HKQuantityTypeIdentifierHeartRate,PhysTrax Apple Watch,11.6.1,"Watch7,1","<<HKDevice: 0x133e952c0>, name:Apple Watch, manufacturer:Apple Inc., model:Watch, hardware:Watch7,1, software:11.6.1, creation date:2025-09-13 14:18:16 +0000>",2025-10-02 14:26:28 +0000,2025-10-02 14:26:28 +0000,count/min,67.0,2
HKQuantityTypeIdentifierHeartRate,PhysTrax Apple Watch,11.6.1,"Watch7,1","<<HKDevice: 0x133e952c0>, name:Apple Watch, manufacturer:Apple Inc., model:Watch, hardware:Watch7,1, software:11.6.1, creation date:2025-09-13 14:18:16 +0000>",2025-10-02 14:26:33 +0000,2025-10-02 14:26:33 +0000,count/min,67.0,2
HKQuantityTypeIdentifierHeartRate,PhysTrax Apple Watch,11.6.1,"Watch7,1","<<HKDevice: 0x133e952c0>, name:Apple Watch, manufacturer:Apple Inc., model:Watch, hardware:Watch7,1, software:11.6.1, creation date:2025-09-13 14:18:16 +0000>",2025-10-02 14:26:38 +0000,2025-10-02 14:26:38 +0000,count/min,66.0,2
HKQuantityTypeIdentifierHeartRate,PhysTrax Apple Watch,11.6.1,"Watch7,1","<<HKDevice: 0x133e952c0>, name:Apple Watch, manufacturer:Apple Inc., model:Watch, hardware:Watch7,1, software:11.6.1, creation date:2025-09-13 14:18:16 +0000>",2025-10-02 14:26:44 +0000,2025-10-02 14:26:44 +0000,count/min,66.0,2
HKQuantityTypeIdentifierHeartRate,PhysTrax Apple Watch,11.6.1,"Watch7,1","<<HKDevice: 0x133e952c0>, name:Apple Watch, manufacturer:Apple Inc., model:Watch, hardware:Watch7,1, software:11.6.1, creation date:2025-09-13 14:18:16 +0000>",2025-10-02 14:26:51 +0000,2025-10-02 14:26:51 +0000,count/min,66.0,2
HKQuantityTypeIdentifierHeartRate,PhysTrax Apple Watch,11.6.1,"Watch7,1","<<HKDevice: 0x133e952c0>, name:Apple Watch, manufacturer:Apple Inc., model:Watch, hardware:Watch7,1, software:11.6.1, creation date:2025-09-13 14:18:16 +0000>",2025-10-02 14:26:57 +0000,2025-10-02 14:26:57 +0000,count/min,67.0,2
HKQuantityTypeIdentifierHeartRate,PhysTrax Apple Watch,11.6.1,"Watch7,1","<<HKDevice: 0x133e952c0>, name:Apple Watch, manufacturer:Apple Inc., model:Watch, hardware:Watch7,1, software:11.6.1, creation date:2025-09-13 14:18:16 +0000>",2025-10-02 14:27:00 +0000,2025-10-02 14:27:00 +0000,count/min,67.0,2
HKQuantityTypeIdentifierHeartRate,PhysTrax Apple Watch,11.6.1,"Watch7,1","<<HKDevice: 0x133e952c0>, name:Apple Watch, manufacturer:Apple Inc., model:Watch, hardware:Watch7,1, software:11.6.1, creation date:2025-09-13 14:18:16 +0000>",2025-10-02 14:27:07 +0000,2025-10-02 14:27:07 +0000,count/min,67.0,2
HKQuantityTypeIdentifierHeartRate,PhysTrax Apple Watch,11.6.1,"Watch7,1","<<HKDevice: 0x133e952c0>, name:Apple Watch, manufacturer:Apple Inc., model:Watch, hardware:Watch7,1, software:11.6.1, creation date:2025-09-13 14:18:16 +0000>",2025-10-02 14:27:08 +0000,2025-10-02 14:27:08 +0000,count/min,67.0,2
HKQuantityTypeIdentifierHeartRate,PhysTrax Apple Watch,11.6.1,"Watch7,1","<<HKDevice: 0x133e952c0>, name:Apple Watch, manufacturer:Apple Inc., model:Watch, hardware:Watch7,1, software:11.6.1, creation date:2025-09-13 14:18:16 +0000>",2025-10-02 14:27:17 +0000,2025-10-02 14:27:17 +0000,count/min,65.0,2
HKQuantityTypeIdentifierHeartRate,PhysTrax Apple Watch,11.6.1,"Watch7,1","<<HKDevice: 0x133e952c0>, name:Apple Watch, manufacturer:Apple Inc., model:Watch, hardware:Watch7,1, software:11.6.1, creation date:2025-09-13 14:18:16 +0000>",2025-10-02 14:27:22 +0000,2025-10-02 14:27:22 +0000,count/min,67.0,2
HKQuantityTypeIdentifierHeartRate,PhysTrax Apple Watch,11.6.1,"Watch7,1","<<HKDevice: 0x133e952c0>, name:Apple Watch, manufacturer:Apple Inc., model:Watch, hardware:Watch7,1, software:11.6.1, creation date:2025-09-13 14:18:16 +0000>",2025-10-02 14:27:23 +0000,2025-10-02 14:27:23 +0000,count/min,67.0,2
HKQuantityTypeIdentifierHeartRate,PhysTrax Apple Watch,11.6.1,"Watch7,1","<<HKDevice: 0x133e952c0>, name:Apple Watch, manufacturer:Apple Inc., model:Watch, hardware:Watch7,1, software:11.6.1, creation date:2025-09-13 14:18:16 +0000>",2025-10-02 14:27:30 +0000,2025-10-02 14:27:30 +0000,count/min,66.0,2
HKQuantityTypeIdentifierHeartRate,PhysTrax Apple Watch,11.6.1,"Watch7,1","<<HKDevice: 0x133e952c0>, name:Apple Watch, manufacturer:Apple Inc., model:Watch, hardware:Watch7,1, software:11.6.1, creation date:2025-09-13 14:18:16 +0000>",2025-10-02 14:27:33 +0000,2025-10-02 14:27:33 +0000,count/min,67.0,2
HKQuantityTypeIdentifierHeartRate,PhysTrax Apple Watch,11.6.1,"Watch7,1","<<HKDevice: 0x133e952c0>, name:Apple Watch, manufacturer:Apple Inc., model:Watch, hardware:Watch7,1, software:11.6.1, creation date:2025-09-13 14:18:16 +0000>",2025-10-02 14:27:41 +0000,2025-10-02 14:27:41 +0000,count/min,66.0,2
HKQuantityTypeIdentifierHeartRate,PhysTrax Apple Watch,11.6.1,"Watch7,1","<<HKDevice: 0x133e952c0>, name:Apple Watch, manufacturer:Apple Inc., model:Watch, hardware:Watch7,1, software:11.6.1, creation date:2025-09-13 14:18:16 +0000>",2025-10-02 14:27:46 +0000,2025-10-02 14:27:46 +0000,count/min,67.0,2
HKQuantityTypeIdentifierHeartRate,PhysTrax Apple Watch,11.6.1,"Watch7,1","<<HKDevice: 0x133e952c0>, name:Apple Watch, manufacturer:Apple Inc., model:Watch, hardware:Watch7,1, software:11.6.1, creation date:2025-09-13 14:18:16 +0000>",2025-10-02 14:27:51 +0000,2025-10-02 14:27:51 +0000,count/min,67.0,2
HKQuantityTypeIdentifierHeartRate,PhysTrax Apple Watch,11.6.1,"Watch7,1","<<HKDevice: 0x133e952c0>, name:Apple Watch, manufacturer:Apple Inc., model:Watch, hardware:Watch7,1, software:11.6.1, creation date:2025-09-13 14:18:16 +0000>",2025-10-02 14:27:55 +0000,2025-10-02 14:27:55 +0000,count/min,68.0,2
HKQuantityTypeIdentifierHeartRate,PhysTrax Apple Watch,11.6.1,"Watch7,1","<<HKDevice: 0x133e952c0>, name:Apple Watch, manufacturer:Apple Inc., model:Watch, hardware:Watch7,1, software:11.6.1, creation date:2025-09-13 14:18:16 +0000>",2025-10-02 14:27:58 +0000,2025-10-02 14:27:58 +0000,count/min,69.0,2
HKQuantityTypeIdentifierHeartRate,PhysTrax Apple Watch,11.6.1,"Watch7,1","<<HKDevice: 0x133e952c0>, name:Apple Watch, manufacturer:Apple Inc., model:Watch, hardware:Watch7,1, software:11.6.1, creation date:2025-09-13 14:18:16 +0000>",2025-10-02 14:28:06 +0000,2025-10-02 14:28:06 +0000,count/min,71.0,2
HKQuantityTypeIdentifierHeartRate,PhysTrax Apple Watch,11.6.1,"Watch7,1","<<HKDevice: 0x133e952c0>, name:Apple Watch, manufacturer:Apple Inc., model:Watch, hardware:Watch7,1, software:11.6.1, creation date:2025-09-13 14:18:16 +0000>",2025-10-02 14:28:12 +0000,2025-10-02 14:28:12 +0000,count/min,70.0,2
HKQuantityTypeIdentifierHeartRate,PhysTrax Apple Watch,11.6.1,"Watch7,1","<<HKDevice: 0x133e952c0>, name:Apple Watch, manufacturer:Apple Inc., model:Watch, hardware:Watch7,1, software:11.6.1, creation date:2025-09-13 14:18:16 +0000>",2025-10-02 14:28:17 +0000,2025-10-02 14:28:17 +0000,count/min,68.0,2
HKQuantityTypeIdentifierHeartRate,PhysTrax Apple Watch,11.6.1,"Watch7,1","<<HKDevice: 0x133e952c0>, name:Apple Watch, manufacturer:Apple Inc., model:Watch, hardware:Watch7,1, software:11.6.1, creation date:2025-09-13 14:18:16 +0000>",2025-10-02 14:28:20 +0000,2025-10-02 14:28:20 +0000,count/min,68.0,2
HKQuantityTypeIdentifierHeartRate,PhysTrax Apple Watch,11.6.1,"Watch7,1","<<HKDevice: 0x133e952c0>, name:Apple Watch, manufacturer:Apple Inc., model:Watch, hardware:Watch7,1, software:11.6.1, creation date:2025-09-13 14:18:16 +0000>",2025-10-02 14:28:25 +0000,2025-10-02 14:28:25 +0000,count/min,67.0,2
HKQuantityTypeIdentifierHeartRate,PhysTrax Apple Watch,11.6.1,"Watch7,1","<<HKDevice: 0x133e952c0>, name:Apple Watch, manufacturer:Apple Inc., model:Watch, hardware:Watch7,1, software:11.6.1, creation date:2025-09-13 14:18:16 +0000>",2025-10-02 14:28:32 +0000,2025-10-02 14:28:32 +0000,count/min,67.0,2
HKQuantityTypeIdentifierHeartRate,PhysTrax Apple Watch,11.6.1,"Watch7,1","<<HKDevice: 0x133e952c0>, name:Apple Watch, manufacturer:Apple Inc., model:Watch, hardware:Watch7,1, software:11.6.1, creation date:2025-09-13 14:18:16 +0000>",2025-10-02 14:28:33 +0000,2025-10-02 14:28:33 +0000,count/min,67.0,2
HKQuantityTypeIdentifierHeartRate,PhysTrax Apple Watch,11.6.1,"Watch7,1","<<HKDevice: 0x133e952c0>, name:Apple Watch, manufacturer:Apple Inc., model:Watch, hardware:Watch7,1, software:11.6.1, creation date:2025-09-13 14:18:16 +0000>",2025-10-02 14:28:41 +0000,2025-10-02 14:28:41 +0000,count/min,67.0,2
HKQuantityTypeIdentifierHeartRate,PhysTrax Apple Watch,11.6.1,"Watch7,1","<<HKDevice: 0x133e952c0>, name:Apple Watch, manufacturer:Apple Inc., model:Watch, hardware:Watch7,1, software:11.6.1, creation date:2025-09-13 14:18:16 +0000>",2025-10-02 14:28:47 +0000,2025-10-02 14:28:47 +0000,count/min,68.0,2
HKQuantityTypeIdentifierHeartRate,PhysTrax Apple Watch,11.6.1,"Watch7,1","<<HKDevice: 0x133e952c0>, name:Apple Watch, manufacturer:Apple Inc., model:Watch, hardware:Watch7,1, software:11.6.1, creation date:2025-09-13 14:18:16 +0000>",2025-10-02 14:28:52 +0000,2025-10-02 14:28:52 +0000,count/min,68.0,2
HKQuantityTypeIdentifierHeartRate,PhysTrax Apple Watch,11.6.1,"Watch7,1","<<HKDevice: 0x133e952c0>, name:Apple Watch, manufacturer:Apple Inc., model:Watch, hardware:Watch7,1, software:11.6.1, creation date:2025-09-13 14:18:16 +0000>",2025-10-02 14:28:53 +0000,2025-10-02 14:28:53 +0000,count/min,68.0,2
HKQuantityTypeIdentifierHeartRate,PhysTrax Apple Watch,11.6.1,"Watch7,1","<<HKDevice: 0x133e952c0>, name:Apple Watch, manufacturer:Apple Inc., model:Watch, hardware:Watch7,1, software:11.6.1, creation date:2025-09-13 14:18:16 +0000>",2025-10-02 14:28:59 +0000,2025-10-02 14:28:59 +0000,count/min,68.0,2
HKQuantityTypeIdentifierHeartRate,PhysTrax Apple Watch,11.6.1,"Watch7,1","<<HKDevice: 0x133e952c0>, name:Apple Watch, manufacturer:Apple Inc., model:Watch, hardware:Watch7,1, software:11.6.1, creation date:2025-09-13 14:18:16 +0000>",2025-10-02 14:29:07 +0000,2025-10-02 14:29:07 +0000,count/min,67.0,2
HKQuantityTypeIdentifierHeartRate,PhysTrax Apple Watch,11.6.1,"Watch7,1","<<HKDevice: 0x133e952c0>, name:Apple Watch, manufacturer:Apple Inc., model:Watch, hardware:Watch7,1, software:11.6.1, creation date:2025-09-13 14:18:16 +0000>",2025-10-02 14:29:11 +0000,2025-10-02 14:29:11 +0000,count/min,67.0,2
HKQuantityTypeIdentifierHeartRate,PhysTrax Apple Watch,11.6.1,"Watch7,1","<<HKDevice: 0x133e952c0>, name:Apple Watch, manufacturer:Apple Inc., model:Watch, hardware:Watch7,1, software:11.6.1, creation date:2025-09-13 14:18:16 +0000>",2025-10-02 14:29:17 +0000,2025-10-02 14:29:17 +0000,count/min,68.0,2
HKQuantityTypeIdentifierHeartRate,PhysTrax Apple Watch,11.6.1,"Watch7,1","<<HKDevice: 0x133e952c0>, name:Apple Watch, manufacturer:Apple Inc., model:Watch, hardware:Watch7,1, software:11.6.1, creation date:2025-09-13 14:18:16 +0000>",2025-10-02 14:29:18 +0000,2025-10-02 14:29:18 +0000,count/min,68.0,2
HKQuantityTypeIdentifierHeartRate,PhysTrax Apple Watch,11.6.1,"Watch7,1","<<HKDevice: 0x133e952c0>, name:Apple Watch, manufacturer:Apple Inc., model:Watch, hardware:Watch7,1, software:11.6.1, creation date:2025-09-13 14:18:16 +0000>",2025-10-02 14:29:24 +0000,2025-10-02 14:29:24 +0000,count/min,68.0,2
HKQuantityTypeIdentifierHeartRate,PhysTrax Apple Watch,11.6.1,"Watch7,1","<<HKDevice: 0x133e952c0>, name:Apple Watch, manufacturer:Apple Inc., model:Watch, hardware:Watch7,1, software:11.6.1, creation date:2025-09-13 14:18:16 +0000>",2025-10-02 14:29:28 +0000,2025-10-02 14:29:28 +0000,count/min,69.0,2
HKQuantityTypeIdentifierHeartRate,PhysTrax Apple Watch,11.6.1,"Watch7,1","<<HKDevice: 0x133e952c0>, name:Apple Watch, manufacturer:Apple Inc., model:Watch, hardware:Watch7,1, software:11.6.1, creation date:2025-09-13 14:18:16 +0000>",2025-10-02 14:29:37 +0000,2025-10-02 14:29:37 +0000,count/min,70.0,2
HKQuantityTypeIdentifierHeartRate,PhysTrax Apple Watch,11.6.1,"Watch7,1","<<HKDevice: 0x133e952c0>, name:Apple Watch, manufacturer:Apple Inc., model:Watch, hardware:Watch7,1, software:11.6.1, creation date:2025-09-13 14:18:16 +0000>",2025-10-02 14:29:39 +0000,2025-10-02 14:29:39 +0000,count/min,70.0,2
HKQuantityTypeIdentifierHeartRate,PhysTrax Apple Watch,11.6.1,"Watch7,1","<<HKDevice: 0x133e952c0>, name:Apple Watch, manufacturer:Apple Inc., model:Watch, hardware:Watch7,1, software:11.6.1, creation date:2025-09-13 14:18:16 +0000>",2025-10-02 14:29:45 +0000,2025-10-02 14:29:45 +0000,count/min,69.0,2
HKQuantityTypeIdentifierHeartRate,PhysTrax Apple Watch,11.6.1,"Watch7,1","<<HKDevice: 0x133e952c0>, name:Apple Watch, manufacturer:Apple Inc., model:Watch, hardware:Watch7,1, software:11.6.1, creation date:2025-09-13 14:18:16 +0000>",2025-10-02 14:29:50 +0000,2025-10-02 14:29:50 +0000,count/min,69.0,2
HKQuantityTypeIdentifierHeartRate,PhysTrax Apple Watch,11.6.1,"Watch7,1","<<HKDevice: 0x133e952c0>, name:Apple Watch, manufacturer:Apple Inc., model:Watch, hardware:Watch7,1, software:11.6.1, creation date:2025-09-13 14:18:16 +0000>",2025-10-02 14:29:55 +0000,2025-10-02 14:29:55 +0000,count/min,69.0,2
HKQuantityTypeIdentifierHeartRate,PhysTrax Apple Watch,11.6.1,"Watch7,1","<<HKDevice: 0x133e952c0>, name:Apple Watch, manufacturer:Apple Inc., model:Watch, hardware:Watch7,1, software:11.6.1, creation date:2025-09-13 14:18:16 +0000>",2025-10-02 14:30:02 +0000,2025-10-02 14:30:02 +0000,count/min,68.0,2
HKQuantityTypeIdentifierHeartRate,PhysTrax Apple Watch,11.6.1,"Watch7,1","<<HKDevice: 0x133e952c0>, name:Apple Watch, manufacturer:Apple Inc., model:Watch, hardware:Watch7,1, software:11.6.1, creation date:2025-09-13 14:18:16 +0000>",2025-10-02 14:30:03 +0000,2025-10-02 14:30:03 +0000,count/min,68.0,2
HKQuantityTypeIdentifierHeartRate,PhysTrax Apple Watch,11.6.1,"Watch7,1","<<HKDevice: 0x133e952c0>, name:Apple Watch, manufacturer:Apple Inc., model:Watch, hardware:Watch7,1, software:11.6.1, creation date:2025-09-13 14:18:16 +0000>",2025-10-02 14:30:12 +0000,2025-10-02 14:30:12 +0000,count/min,69.0,2
HKQuantityTypeIdentifierHeartRate,PhysTrax Apple Watch,11.6.1,"Watch7,1","<<HKDevice: 0x133e952c0>, name:Apple Watch, manufacturer:Apple Inc., model:Watch, hardware:Watch7,1, software:11.6.1, creation date:2025-09-13 14:18:16 +0000>",2025-10-02 14:30:13 +0000,2025-10-02 14:30:13 +0000,count/min,69.0,2
HKQuantityTypeIdentifierHeartRate,PhysTrax Apple Watch,11.6.1,"Watch7,1","<<HKDevice: 0x133e952c0>, name:Apple Watch, manufacturer:Apple Inc., model:Watch, hardware:Watch7,1, software:11.6.1, creation date:2025-09-13 14:18:16 +0000>",2025-10-02 14:30:22 +0000,2025-10-02 14:30:22 +0000,count/min,70.0,2
HKQuantityTypeIdentifierHeartRate,PhysTrax Apple Watch,11.6.1,"Watch7,1","<<HKDevice: 0x133e952c0>, name:Apple Watch, manufacturer:Apple Inc., model:Watch, hardware:Watch7,1, software:11.6.1, creation date:2025-09-13 14:18:16 +0000>",2025-10-02 14:30:23 +0000,2025-10-02 14:30:23 +0000,count/min,70.0,2
HKQuantityTypeIdentifierHeartRate,PhysTrax Apple Watch,11.6.1,"Watch7,1","<<HKDevice: 0x133e952c0>, name:Apple Watch, manufacturer:Apple Inc., model:Watch, hardware:Watch7,1, software:11.6.1, creation date:2025-09-13 14:18:16 +0000>",2025-10-02 14:30:31 +0000,2025-10-02 14:30:31 +0000,count/min,70.0,2
HKQuantityTypeIdentifierHeartRate,PhysTrax Apple Watch,11.6.1,"Watch7,1","<<HKDevice: 0x133e952c0>, name:Apple Watch, manufacturer:Apple Inc., model:Watch, hardware:Watch7,1, software:11.6.1, creation date:2025-09-13 14:18:16 +0000>",2025-10-02 14:30:34 +0000,2025-10-02 14:30:34 +0000,count/min,70.0,2
HKQuantityTypeIdentifierHeartRate,PhysTrax Apple Watch,11.6.1,"Watch7,1","<<HKDevice: 0x133e952c0>, name:Apple Watch, manufacturer:Apple Inc., model:Watch, hardware:Watch7,1, software:11.6.1, creation date:2025-09-13 14:18:16 +0000>",2025-10-02 14:30:38 +0000,2025-10-02 14:30:38 +0000,count/min,70.0,2
HKQuantityTypeIdentifierHeartRate,PhysTrax Apple Watch,11.6.1,"Watch7,1","<<HKDevice: 0x133e951a0>, name:Apple Watch, manufacturer:Apple Inc., model:Watch, hardware:Watch7,1, software:11.6.1, creation date:2025-09-13 14:18:16 +0000>",2025-10-02 14:30:46 +0000,2025-10-02 14:30:46 +0000,count/min,68.0,2
HKQuantityTypeIdentifierHeartRate,PhysTrax Apple Watch,11.6.1,"Watch7,1","<<HKDevice: 0x133e951a0>, name:Apple Watch, manufacturer:Apple Inc., model:Watch, hardware:Watch7,1, software:11.6.1, creation date:2025-09-13 14:18:16 +0000>",2025-10-02 14:30:48 +0000,2025-10-02 14:30:48 +0000,count/min,67.0,2
HKQuantityTypeIdentifierHeartRate,PhysTrax Apple Watch,11.6.1,"Watch7,1","<<HKDevice: 0x133e951a0>, name:Apple Watch, manufacturer:Apple Inc., model:Watch, hardware:Watch7,1, software:11.6.1, creation date:2025-09-13 14:18:16 +0000>",2025-10-02 14:30:54 +0000,2025-10-02 14:30:54 +0000,count/min,68.0,2
HKQuantityTypeIdentifierHeartRate,PhysTrax Apple Watch,11.6.1,"Watch7,1","<<HKDevice: 0x133e951a0>, name:Apple Watch, manufacturer:Apple Inc., model:Watch, hardware:Watch7,1, software:11.6.1, creation date:2025-09-13 14:18:16 +0000>",2025-10-02 14:31:02 +0000,2025-10-02 14:31:02 +0000,count/min,66.0,2
HKQuantityTypeIdentifierHeartRate,PhysTrax Apple Watch,11.6.1,"Watch7,1","<<HKDevice: 0x133e951a0>, name:Apple Watch, manufacturer:Apple Inc., model:Watch, hardware:Watch7,1, software:11.6.1, creation date:2025-09-13 14:18:16 +0000>",2025-10-02 14:31:03 +0000,2025-10-02 14:31:03 +0000,count/min,66.0,2
HKQuantityTypeIdentifierHeartRate,PhysTrax Apple Watch,11.6.1,"Watch7,1","<<HKDevice: 0x133e951a0>, name:Apple Watch, manufacturer:Apple Inc., model:Watch, hardware:Watch7,1, software:11.6.1, creation date:2025-09-13 14:18:16 +0000>",2025-10-02 14:31:12 +0000,2025-10-02 14:31:12 +0000,count/min,69.0,2
HKQuantityTypeIdentifierHeartRate,PhysTrax Apple Watch,11.6.1,"Watch7,1","<<HKDevice: 0x133e951a0>, name:Apple Watch, manufacturer:Apple Inc., model:Watch, hardware:Watch7,1, software:11.6.1, creation date:2025-09-13 14:18:16 +0000>",2025-10-02 14:31:17 +0000,2025-10-02 14:31:17 +0000,count/min,69.0,2
HKQuantityTypeIdentifierHeartRate,PhysTrax Apple Watch,11.6.1,"Watch7,1","<<HKDevice: 0x133e951a0>, name:Apple Watch, manufacturer:Apple Inc., model:Watch, hardware:Watch7,1, software:11.6.1, creation date:2025-09-13 14:18:16 +0000>",2025-10-02 14:31:19 +0000,2025-10-02 14:31:19 +0000,count/min,69.0,2
HKQuantityTypeIdentifierHeartRate,PhysTrax Apple Watch,11.6.1,"Watch7,1","<<HKDevice: 0x133e951a0>, name:Apple Watch, manufacturer:Apple Inc., model:Watch, hardware:Watch7,1, software:11.6.1, creation date:2025-09-13 14:18:16 +0000>",2025-10-02 14:31:27 +0000,2025-10-02 14:31:27 +0000,count/min,68.0,2
HKQuantityTypeIdentifierHeartRate,PhysTrax Apple Watch,11.6.1,"Watch7,1","<<HKDevice: 0x133e951a0>, name:Apple Watch, manufacturer:Apple Inc., model:Watch, hardware:Watch7,1, software:11.6.1, creation date:2025-09-13 14:18:16 +0000>",2025-10-02 14:31:32 +0000,2025-10-02 14:31:32 +0000,count/min,68.0,2
HKQuantityTypeIdentifierHeartRate,PhysTrax Apple Watch,11.6.1,"Watch7,1","<<HKDevice: 0x133e951a0>, name:Apple Watch, manufacturer:Apple Inc., model:Watch, hardware:Watch7,1, software:11.6.1, creation date:2025-09-13 14:18:16 +0000>",2025-10-02 14:31:33 +0000,2025-10-02 14:31:33 +0000,count/min,68.0,2
HKQuantityTypeIdentifierHeartRate,PhysTrax Apple Watch,11.6.1,"Watch7,1","<<HKDevice: 0x133e951a0>, name:Apple Watch, manufacturer:Apple Inc., model:Watch, hardware:Watch7,1, software:11.6.1, creation date:2025-09-13 14:18:16 +0000>",2025-10-02 14:31:38 +0000,2025-10-02 14:31:38 +0000,count/min,69.0,2
HKQuantityTypeIdentifierHeartRate,PhysTrax Apple Watch,11.6.1,"Watch7,1","<<HKDevice: 0x133e951a0>, name:Apple Watch, manufacturer:Apple Inc., model:Watch, hardware:Watch7,1, software:11.6.1, creation date:2025-09-13 14:18:16 +0000>",2025-10-02 14:31:47 +0000,2025-10-02 14:31:47 +0000,count/min,73.0,2
HKQuantityTypeIdentifierHeartRate,PhysTrax Apple Watch,11.6.1,"Watch7,1","<<HKDevice: 0x133e951a0>, name:Apple Watch, manufacturer:Apple Inc., model:Watch, hardware:Watch7,1, software:11.6.1, creation date:2025-09-13 14:18:16 +0000>",2025-10-02 14:31:52 +0000,2025-10-02 14:31:52 +0000,count/min,73.0,2
HKQuantityTypeIdentifierHeartRate,PhysTrax Apple Watch,11.6.1,"Watch7,1","<<HKDevice: 0x133e951a0>, name:Apple Watch, manufacturer:Apple Inc., model:Watch, hardware:Watch7,1, software:11.6.1, creation date:2025-09-13 14:18:16 +0000>",2025-10-02 14:31:54 +0000,2025-10-02 14:31:54 +0000,count/min,73.0,2
HKQuantityTypeIdentifierHeartRate,PhysTrax Apple Watch,11.6.1,"Watch7,1","<<HKDevice: 0x133e951a0>, name:Apple Watch, manufacturer:Apple Inc., model:Watch, hardware:Watch7,1, software:11.6.1, creation date:2025-09-13 14:18:16 +0000>",2025-10-02 14:32:02 +0000,2025-10-02 14:32:02 +0000,count/min,72.0,2
HKQuantityTypeIdentifierHeartRate,PhysTrax Apple Watch,11.6.1,"Watch7,1","<<HKDevice: 0x133e951a0>, name:Apple Watch, manufacturer:Apple Inc., model:Watch, hardware:Watch7,1, software:11.6.1, creation date:2025-09-13 14:18:16 +0000>",2025-10-02 14:32:03 +0000,2025-10-02 14:32:03 +0000,count/min,72.0,2
HKQuantityTypeIdentifierHeartRate,PhysTrax Apple Watch,11.6.1,"Watch7,1","<<HKDevice: 0x133e951a0>, name:Apple Watch, manufacturer:Apple Inc., model:Watch, hardware:Watch7,1, software:11.6.1, creation date:2025-09-13 14:18:16 +0000>",2025-10-02 14:32:12 +0000,2025-10-02 14:32:12 +0000,count/min,70.0,2
HKQuantityTypeIdentifierHeartRate,PhysTrax Apple Watch,11.6.1,"Watch7,1","<<HKDevice: 0x133e951a0>, name:Apple Watch, manufacturer:Apple Inc., model:Watch, hardware:Watch7,1, software:11.6.1, creation date:2025-09-13 14:18:16 +0000>",2025-10-02 14:32:14 +0000,2025-10-02 14:32:14 +0000,count/min,69.0,2
HKQuantityTypeIdentifierHeartRate,PhysTrax Apple Watch,11.6.1,"Watch7,1","<<HKDevice: 0x133e951a0>, name:Apple Watch, manufacturer:Apple Inc., model:Watch, hardware:Watch7,1, software:11.6.1, creation date:2025-09-13 14:18:16 +0000>",2025-10-02 14:32:19 +0000,2025-10-02 14:32:19 +0000,count/min,71.0,2
HKQuantityTypeIdentifierHeartRate,PhysTrax Apple Watch,11.6.1,"Watch7,1","<<HKDevice: 0x133e951a0>, name:Apple Watch, manufacturer:Apple Inc., model:Watch, hardware:Watch7,1, software:11.6.1, creation date:2025-09-13 14:18:16 +0000>",2025-10-02 14:32:27 +0000,2025-10-02 14:32:27 +0000,count/min,70.0,2
HKQuantityTypeIdentifierHeartRate,PhysTrax Apple Watch,11.6.1,"Watch7,1","<<HKDevice: 0x133e951a0>, name:Apple Watch, manufacturer:Apple Inc., model:Watch, hardware:Watch7,1, software:11.6.1, creation date:2025-09-13 14:18:16 +0000>",2025-10-02 14:32:28 +0000,2025-10-02 14:32:28 +0000,count/min,70.0,2
HKQuantityTypeIdentifierHeartRate,PhysTrax Apple Watch,11.6.1,"Watch7,1","<<HKDevice: 0x133e951a0>, name:Apple Watch, manufacturer:Apple Inc., model:Watch, hardware:Watch7,1, software:11.6.1, creation date:2025-09-13 14:18:16 +0000>",2025-10-02 14:32:34 +0000,2025-10-02 14:32:34 +0000,count/min,68.0,2
HKQuantityTypeIdentifierHeartRate,PhysTrax Apple Watch,11.6.1,"Watch7,1","<<HKDevice: 0x133e951a0>, name:Apple Watch, manufacturer:Apple Inc., model:Watch, hardware:Watch7,1, software:11.6.1, creation date:2025-09-13 14:18:16 +0000>",2025-10-02 14:32:42 +0000,2025-10-02 14:32:42 +0000,count/min,68.0,2
HKQuantityTypeIdentifierHeartRate,PhysTrax Apple Watch,11.6.1,"Watch7,1","<<HKDevice: 0x133e951a0>, name:Apple Watch, manufacturer:Apple Inc., model:Watch, hardware:Watch7,1, software:11.6.1, creation date:2025-09-13 14:18:16 +0000>",2025-10-02 14:32:43 +0000,2025-10-02 14:32:43 +0000,count/min,68.0,2
HKQuantityTypeIdentifierHeartRate,PhysTrax Apple Watch,11.6.1,"Watch7,1","<<HKDevice: 0x133e951a0>, name:Apple Watch, manufacturer:Apple Inc., model:Watch, hardware:Watch7,1, software:11.6.1, creation date:2025-09-13 14:18:16 +0000>",2025-10-02 14:32:49 +0000,2025-10-02 14:32:49 +0000,count/min,69.0,2
HKQuantityTypeIdentifierHeartRate,PhysTrax Apple Watch,11.6.1,"Watch7,1","<<HKDevice: 0x133e951a0>, name:Apple Watch, manufacturer:Apple Inc., model:Watch, hardware:Watch7,1, software:11.6.1, creation date:2025-09-13 14:18:16 +0000>",2025-10-02 14:32:54 +0000,2025-10-02 14:32:54 +0000,count/min,66.0,2
HKQuantityTypeIdentifierHeartRate,PhysTrax Apple Watch,11.6.1,"Watch7,1","<<HKDevice: 0x133e951a0>, name:Apple Watch, manufacturer:Apple Inc., model:Watch, hardware:Watch7,1, software:11.6.1, creation date:2025-09-13 14:18:16 +0000>",2025-10-02 14:33:01 +0000,2025-10-02 14:33:01 +0000,count/min,64.0,2
HKQuantityTypeIdentifierHeartRate,PhysTrax Apple Watch,11.6.1,"Watch7,1","<<HKDevice: 0x133e951a0>, name:Apple Watch, manufacturer:Apple Inc., model:Watch, hardware:Watch7,1, software:11.6.1, creation date:2025-09-13 14:18:16 +0000>",2025-10-02 14:33:03 +0000,2025-10-02 14:33:03 +0000,count/min,64.0,2
HKQuantityTypeIdentifierHeartRate,PhysTrax Apple Watch,11.6.1,"Watch7,1","<<HKDevice: 0x133e951a0>, name:Apple Watch, manufacturer:Apple Inc., model:Watch, hardware:Watch7,1, software:11.6.1, creation date:2025-09-13 14:18:16 +0000>",2025-10-02 14:33:08 +0000,2025-10-02 14:33:08 +0000,count/min,64.0,2
HKQuantityTypeIdentifierHeartRate,PhysTrax Apple Watch,11.6.1,"Watch7,1","<<HKDevice: 0x133e951a0>, name:Apple Watch, manufacturer:Apple Inc., model:Watch, hardware:Watch7,1, software:11.6.1, creation date:2025-09-13 14:18:16 +0000>",2025-10-02 14:33:15 +0000,2025-10-02 14:33:15 +0000,count/min,60.0,2
HKQuantityTypeIdentifierHeartRate,PhysTrax Apple Watch,11.6.1,"Watch7,1","<<HKDevice: 0x133e951a0>, name:Apple Watch, manufacturer:Apple Inc., model:Watch, hardware:Watch7,1, software:11.6.1, creation date:2025-09-13 14:18:16 +0000>",2025-10-02 14:33:19 +0000,2025-10-02 14:33:19 +0000,count/min,59.0,2
HKQuantityTypeIdentifierHeartRate,PhysTrax Apple Watch,11.6.1,"Watch7,1","<<HKDevice: 0x133e951a0>, name:Apple Watch, manufacturer:Apple Inc., model:Watch, hardware:Watch7,1, software:11.6.1, creation date:2025-09-13 14:18:16 +0000>",2025-10-02 14:33:25 +0000,2025-10-02 14:33:25 +0000,count/min,60.0,2
HKQuantityTypeIdentifierHeartRate,PhysTrax Apple Watch,11.6.1,"Watch7,1","<<HKDevice: 0x133e951a0>, name:Apple Watch, manufacturer:Apple Inc., model:Watch, hardware:Watch7,1, software:11.6.1, creation date:2025-09-13 14:18:16 +0000>",2025-10-02 14:33:28 +0000,2025-10-02 14:33:28 +0000,count/min,62.00000000000001,2
HKQuantityTypeIdentifierHeartRate,PhysTrax Apple Watch,11.6.1,"Watch7,1","<<HKDevice: 0x133e951a0>, name:Apple Watch, manufacturer:Apple Inc., model:Watch, hardware:Watch7,1, software:11.6.1, creation date:2025-09-13 14:18:16 +0000>",2025-10-02 14:33:37 +0000,2025-10-02 14:33:37 +0000,count/min,64.0,2
HKQuantityTypeIdentifierHeartRate,PhysTrax Apple Watch,11.6.1,"Watch7,1","<<HKDevice: 0x133e951a0>, name:Apple Watch, manufacturer:Apple Inc., model:Watch, hardware:Watch7,1, software:11.6.1, creation date:2025-09-13 14:18:16 +0000>",2025-10-02 14:33:42 +0000,2025-10-02 14:33:42 +0000,count/min,62.00000000000001,2
HKQuantityTypeIdentifierHeartRate,PhysTrax Apple Watch,11.6.1,"Watch7,1","<<HKDevice: 0x133e951a0>, name:Apple Watch, manufacturer:Apple Inc., model:Watch, hardware:Watch7,1, software:11.6.1, creation date:2025-09-13 14:18:16 +0000>",2025-10-02 14:33:47 +0000,2025-10-02 14:33:47 +0000,count/min,62.00000000000001,2
HKQuantityTypeIdentifierHeartRate,PhysTrax Apple Watch,11.6.1,"Watch7,1","<<HKDevice: 0x133e951a0>, name:Apple Watch, manufacturer:Apple Inc., model:Watch, hardware:Watch7,1, software:11.6.1, creation date:2025-09-13 14:18:16 +0000>",2025-10-02 14:33:52 +0000,2025-10-02 14:33:52 +0000,count/min,61.0,2
HKQuantityTypeIdentifierHeartRate,PhysTrax Apple Watch,11.6.1,"Watch7,1","<<HKDevice: 0x133e951a0>, name:Apple Watch, manufacturer:Apple Inc., model:Watch, hardware:Watch7,1, software:11.6.1, creation date:2025-09-13 14:18:16 +0000>",2025-10-02 14:33:53 +0000,2025-10-02 14:33:53 +0000,count/min,61.0,2
HKQuantityTypeIdentifierHeartRate,PhysTrax Apple Watch,11.6.1,"Watch7,1","<<HKDevice: 0x133e951a0>, name:Apple Watch, manufacturer:Apple Inc., model:Watch, hardware:Watch7,1, software:11.6.1, creation date:2025-09-13 14:18:16 +0000>",2025-10-02 14:34:01 +0000,2025-10-02 14:34:01 +0000,count/min,62.00000000000001,2
HKQuantityTypeIdentifierHeartRate,PhysTrax Apple Watch,11.6.1,"Watch7,1","<<HKDevice: 0x133e951a0>, name:Apple Watch, manufacturer:Apple Inc., model:Watch, hardware:Watch7,1, software:11.6.1, creation date:2025-09-13 14:18:16 +0000>",2025-10-02 14:34:06 +0000,2025-10-02 14:34:06 +0000,count/min,64.0,2
HKQuantityTypeIdentifierHeartRate,PhysTrax Apple Watch,11.6.1,"Watch7,1","<<HKDevice: 0x133e951a0>, name:Apple Watch, manufacturer:Apple Inc., model:Watch, hardware:Watch7,1, software:11.6.1, creation date:2025-09-13 14:18:16 +0000>",2025-10-02 14:34:12 +0000,2025-10-02 14:34:12 +0000,count/min,64.0,2
HKQuantityTypeIdentifierHeartRate,PhysTrax Apple Watch,11.6.1,"Watch7,1","<<HKDevice: 0x133e951a0>, name:Apple Watch, manufacturer:Apple Inc., model:Watch, hardware:Watch7,1, software:11.6.1, creation date:2025-09-13 14:18:16 +0000>",2025-10-02 14:34:14 +0000,2025-10-02 14:34:14 +0000,count/min,63.0,2
HKQuantityTypeIdentifierHeartRate,PhysTrax Apple Watch,11.6.1,"Watch7,1","<<HKDevice: 0x133e951a0>, name:Apple Watch, manufacturer:Apple Inc., model:Watch, hardware:Watch7,1, software:11.6.1, creation date:2025-09-13 14:18:16 +0000>",2025-10-02 14:34:21 +0000,2025-10-02 14:34:21 +0000,count/min,66.0,2
HKQuantityTypeIdentifierHeartRate,PhysTrax Apple Watch,11.6.1,"Watch7,1","<<HKDevice: 0x133e951a0>, name:Apple Watch, manufacturer:Apple Inc., model:Watch, hardware:Watch7,1, software:11.6.1, creation date:2025-09-13 14:18:16 +0000>",2025-10-02 14:34:26 +0000,2025-10-02 14:34:26 +0000,count/min,64.0,2
HKQuantityTypeIdentifierHeartRate,PhysTrax Apple Watch,11.6.1,"Watch7,1","<<HKDevice: 0x133e951a0>, name:Apple Watch, manufacturer:Apple Inc., model:Watch, hardware:Watch7,1, software:11.6.1, creation date:2025-09-13 14:18:16 +0000>",2025-10-02 14:34:32 +0000,2025-10-02 14:34:32 +0000,count/min,63.0,2
HKQuantityTypeIdentifierHeartRate,PhysTrax Apple Watch,11.6.1,"Watch7,1","<<HKDevice: 0x133e951a0>, name:Apple Watch, manufacturer:Apple Inc., model:Watch, hardware:Watch7,1, software:11.6.1, creation date:2025-09-13 14:18:16 +0000>",2025-10-02 14:34:33 +0000,2025-10-02 14:34:33 +0000,count/min,63.0,2
HKQuantityTypeIdentifierHeartRate,PhysTrax Apple Watch,11.6.1,"Watch7,1","<<HKDevice: 0x133e951a0>, name:Apple Watch, manufacturer:Apple Inc., model:Watch, hardware:Watch7,1, software:11.6.1, creation date:2025-09-13 14:18:16 +0000>",2025-10-02 14:34:41 +0000,2025-10-02 14:34:41 +0000,count/min,62.00000000000001,2
HKQuantityTypeIdentifierHeartRate,PhysTrax Apple Watch,11.6.1,"Watch7,1","<<HKDevice: 0x133e951a0>, name:Apple Watch, manufacturer:Apple Inc., model:Watch, hardware:Watch7,1, software:11.6.1, creation date:2025-09-13 14:18:16 +0000>",2025-10-02 14:34:45 +0000,2025-10-02 14:34:45 +0000,count/min,61.0,2
HKQuantityTypeIdentifierHeartRate,PhysTrax Apple Watch,11.6.1,"Watch7,1","<<HKDevice: 0x133e951a0>, name:Apple Watch, manufacturer:Apple Inc., model:Watch, hardware:Watch7,1, software:11.6.1, creation date:2025-09-13 14:18:16 +0000>",2025-10-02 14:34:48 +0000,2025-10-02 14:34:48 +0000,count/min,61.0,2
HKQuantityTypeIdentifierHeartRate,PhysTrax Apple Watch,11.6.1,"Watch7,1","<<HKDevice: 0x133e951a0>, name:Apple Watch, manufacturer:Apple Inc., model:Watch, hardware:Watch7,1, software:11.6.1, creation date:2025-09-13 14:18:16 +0000>",2025-10-02 14:34:56 +0000,2025-10-02 14:34:56 +0000,count/min,62.00000000000001,2
HKQuantityTypeIdentifierHeartRate,PhysTrax Apple Watch,11.6.1,"Watch7,1","<<HKDevice: 0x133e951a0>, name:Apple Watch, manufacturer:Apple Inc., model:Watch, hardware:Watch7,1, software:11.6.1, creation date:2025-09-13 14:18:16 +0000>",2025-10-02 14:35:01 +0000,2025-10-02 14:35:01 +0000,count/min,61.0,2
HKQuantityTypeIdentifierHeartRate,PhysTrax Apple Watch,11.6.1,"Watch7,1","<<HKDevice: 0x133e951a0>, name:Apple Watch, manufacturer:Apple Inc., model:Watch, hardware:Watch7,1, software:11.6.1, creation date:2025-09-13 14:18:16 +0000>",2025-10-02 14:35:03 +0000,2025-10-02 14:35:03 +0000,count/min,61.0,2
HKQuantityTypeIdentifierHeartRate,PhysTrax Apple Watch,11.6.1,"Watch7,1","<<HKDevice: 0x133e951a0>, name:Apple Watch, manufacturer:Apple Inc., model:Watch, hardware:Watch7,1, software:11.6.1, creation date:2025-09-13 14:18:16 +0000>",2025-10-02 14:35:08 +0000,2025-10-02 14:35:08 +0000,count/min,63.0,2
HKQuantityTypeIdentifierHeartRate,PhysTrax Apple Watch,11.6.1,"Watch7,1","<<HKDevice: 0x133e951a0>, name:Apple Watch, manufacturer:Apple Inc., model:Watch, hardware:Watch7,1, software:11.6.1, creation date:2025-09-13 14:18:16 +0000>",2025-10-02 14:35:16 +0000,2025-10-02 14:35:16 +0000,count/min,65.0,2
HKQuantityTypeIdentifierHeartRate,PhysTrax Apple Watch,11.6.1,"Watch7,1","<<HKDevice: 0x133e951a0>, name:Apple Watch, manufacturer:Apple Inc., model:Watch, hardware:Watch7,1, software:11.6.1, creation date:2025-09-13 14:18:16 +0000>",2025-10-02 14:35:21 +0000,2025-10-02 14:35:21 +0000,count/min,64.0,2
HKQuantityTypeIdentifierHeartRate,PhysTrax Apple Watch,11.6.1,"Watch7,1","<<HKDevice: 0x133e951a0>, name:Apple Watch, manufacturer:Apple Inc., model:Watch, hardware:Watch7,1, software:11.6.1, creation date:2025-09-13 14:18:16 +0000>",2025-10-02 14:35:26 +0000,2025-10-02 14:35:26 +0000,count/min,64.0,2
HKQuantityTypeIdentifierHeartRate,PhysTrax Apple Watch,11.6.1,"Watch7,1","<<HKDevice: 0x133e951a0>, name:Apple Watch, manufacturer:Apple Inc., model:Watch, hardware:Watch7,1, software:11.6.1, creation date:2025-09-13 14:18:16 +0000>",2025-10-02 14:35:28 +0000,2025-10-02 14:35:28 +0000,count/min,64.0,2
HKQuantityTypeIdentifierHeartRate,PhysTrax Apple Watch,11.6.1,"Watch7,1","<<HKDevice: 0x133e951a0>, name:Apple Watch, manufacturer:Apple Inc., model:Watch, hardware:Watch7,1, software:11.6.1, creation date:2025-09-13 14:18:16 +0000>",2025-10-02 14:35:37 +0000,2025-10-02 14:35:37 +0000,count/min,69.0,2
HKQuantityTypeIdentifierHeartRate,PhysTrax Apple Watch,11.6.1,"Watch7,1","<<HKDevice: 0x133e951a0>, name:Apple Watch, manufacturer:Apple Inc., model:Watch, hardware:Watch7,1, software:11.6.1, creation date:2025-09-13 14:18:16 +0000>",2025-10-02 14:35:42 +0000,2025-10-02 14:35:42 +0000,count/min,68.0,2
HKQuantityTypeIdentifierHeartRate,PhysTrax Apple Watch,11.6.1,"Watch7,1","<<HKDevice: 0x133e951a0>, name:Apple Watch, manufacturer:Apple Inc., model:Watch, hardware:Watch7,1, software:11.6.1, creation date:2025-09-13 14:18:16 +0000>",2025-10-02 14:35:47 +0000,2025-10-02 14:35:47 +0000,count/min,65.0,2
HKQuantityTypeIdentifierHeartRate,PhysTrax Apple Watch,11.6.1,"Watch7,1","<<HKDevice: 0x133e951a0>, name:Apple Watch, manufacturer:Apple Inc., model:Watch, hardware:Watch7,1, software:11.6.1, creation date:2025-09-13 14:18:16 +0000>",2025-10-02 14:35:49 +0000,2025-10-02 14:35:49 +0000,count/min,65.0,2
HKQuantityTypeIdentifierHeartRate,PhysTrax Apple Watch,11.6.1,"Watch7,1","<<HKDevice: 0x133e951a0>, name:Apple Watch, manufacturer:Apple Inc., model:Watch, hardware:Watch7,1, software:11.6.1, creation date:2025-09-13 14:18:16 +0000>",2025-10-02 14:35:53 +0000,2025-10-02 14:35:53 +0000,count/min,66.0,2
HKQuantityTypeIdentifierHeartRate,PhysTrax Apple Watch,11.6.1,"Watch7,1","<<HKDevice: 0x133e951a0>, name:Apple Watch, manufacturer:Apple Inc., model:Watch, hardware:Watch7,1, software:11.6.1, creation date:2025-09-13 14:18:16 +0000>",2025-10-02 14:36:02 +0000,2025-10-02 14:36:02 +0000,count/min,69.0,2
HKQuantityTypeIdentifierHeartRate,PhysTrax Apple Watch,11.6.1,"Watch7,1","<<HKDevice: 0x133e951a0>, name:Apple Watch, manufacturer:Apple Inc., model:Watch, hardware:Watch7,1, software:11.6.1, creation date:2025-09-13 14:18:16 +0000>",2025-10-02 14:36:06 +0000,2025-10-02 14:36:06 +0000,count/min,68.0,2
HKQuantityTypeIdentifierHeartRate,PhysTrax Apple Watch,11.6.1,"Watch7,1","<<HKDevice: 0x133e951a0>, name:Apple Watch, manufacturer:Apple Inc., model:Watch, hardware:Watch7,1, software:11.6.1, creation date:2025-09-13 14:18:16 +0000>",2025-10-02 14:36:12 +0000,2025-10-02 14:36:12 +0000,count/min,65.0,2
HKQuantityTypeIdentifierHeartRate,PhysTrax Apple Watch,11.6.1,"Watch7,1","<<HKDevice: 0x133e951a0>, name:Apple Watch, manufacturer:Apple Inc., model:Watch, hardware:Watch7,1, software:11.6.1, creation date:2025-09-13 14:18:16 +0000>",2025-10-02 14:36:17 +0000,2025-10-02 14:36:17 +0000,count/min,65.0,2
HKQuantityTypeIdentifierHeartRate,PhysTrax Apple Watch,11.6.1,"Watch7,1","<<HKDevice: 0x133e951a0>, name:Apple Watch, manufacturer:Apple Inc., model:Watch, hardware:Watch7,1, software:11.6.1, creation date:2025-09-13 14:18:16 +0000>",2025-10-02 14:36:18 +0000,2025-10-02 14:36:18 +0000,count/min,65.0,2
HKQuantityTypeIdentifierHeartRate,PhysTrax Apple Watch,11.6.1,"Watch7,1","<<HKDevice: 0x133e951a0>, name:Apple Watch, manufacturer:Apple Inc., model:Watch, hardware:Watch7,1, software:11.6.1, creation date:2025-09-13 14:18:16 +0000>",2025-10-02 14:36:26 +0000,2025-10-02 14:36:26 +0000,count/min,63.0,2
HKQuantityTypeIdentifierHeartRate,PhysTrax Apple Watch,11.6.1,"Watch7,1","<<HKDevice: 0x133e951a0>, name:Apple Watch, manufacturer:Apple Inc., model:Watch, hardware:Watch7,1, software:11.6.1, creation date:2025-09-13 14:18:16 +0000>",2025-10-02 14:36:28 +0000,2025-10-02 14:36:28 +0000,count/min,63.0,2
HKQuantityTypeIdentifierHeartRate,PhysTrax Apple Watch,11.6.1,"Watch7,1","<<HKDevice: 0x133e951a0>, name:Apple Watch, manufacturer:Apple Inc., model:Watch, hardware:Watch7,1, software:11.6.1, creation date:2025-09-13 14:18:16 +0000>",2025-10-02 14:36:37 +0000,2025-10-02 14:36:37 +0000,count/min,62.00000000000001,2
HKQuantityTypeIdentifierHeartRate,PhysTrax Apple Watch,11.6.1,"Watch7,1","<<HKDevice: 0x133e951a0>, name:Apple Watch, manufacturer:Apple Inc., model:Watch, hardware:Watch7,1, software:11.6.1, creation date:2025-09-13 14:18:16 +0000>",2025-10-02 14:36:42 +0000,2025-10-02 14:36:42 +0000,count/min,62.00000000000001,2
HKQuantityTypeIdentifierHeartRate,PhysTrax Apple Watch,11.6.1,"Watch7,1","<<HKDevice: 0x133e951a0>, name:Apple Watch, manufacturer:Apple Inc., model:Watch, hardware:Watch7,1, software:11.6.1, creation date:2025-09-13 14:18:16 +0000>",2025-10-02 14:36:45 +0000,2025-10-02 14:36:45 +0000,count/min,61.0,2
HKQuantityTypeIdentifierHeartRate,PhysTrax Apple Watch,11.6.1,"Watch7,1","<<HKDevice: 0x133e951a0>, name:Apple Watch, manufacturer:Apple Inc., model:Watch, hardware:Watch7,1, software:11.6.1, creation date:2025-09-13 14:18:16 +0000>",2025-10-02 14:36:49 +0000,2025-10-02 14:36:49 +0000,count/min,61.0,2
HKQuantityTypeIdentifierHeartRate,PhysTrax Apple Watch,11.6.1,"Watch7,1","<<HKDevice: 0x133e951a0>, name:Apple Watch, manufacturer:Apple Inc., model:Watch, hardware:Watch7,1, software:11.6.1, creation date:2025-09-13 14:18:16 +0000>",2025-10-02 14:36:57 +0000,2025-10-02 14:36:57 +0000,count/min,58.0,2
HKQuantityTypeIdentifierHeartRate,PhysTrax Apple Watch,11.6.1,"Watch7,1","<<HKDevice: 0x133e951a0>, name:Apple Watch, manufacturer:Apple Inc., model:Watch, hardware:Watch7,1, software:11.6.1, creation date:2025-09-13 14:18:16 +0000>",2025-10-02 14:37:01 +0000,2025-10-02 14:37:01 +0000,count/min,57.0,2
HKQuantityTypeIdentifierHeartRate,PhysTrax Apple Watch,11.6.1,"Watch7,1","<<HKDevice: 0x133e951a0>, name:Apple Watch, manufacturer:Apple Inc., model:Watch, hardware:Watch7,1, software:11.6.1, creation date:2025-09-13 14:18:16 +0000>",2025-10-02 14:37:05 +0000,2025-10-02 14:37:05 +0000,count/min,58.0,2
HKQuantityTypeIdentifierHeartRate,PhysTrax Apple Watch,11.6.1,"Watch7,1","<<HKDevice: 0x133e951a0>, name:Apple Watch, manufacturer:Apple Inc., model:Watch, hardware:Watch7,1, software:11.6.1, creation date:2025-09-13 14:18:16 +0000>",2025-10-02 14:37:11 +0000,2025-10-02 14:37:11 +0000,count/min,58.0,2
HKQuantityTypeIdentifierHeartRate,PhysTrax Apple Watch,11.6.1,"Watch7,1","<<HKDevice: 0x133e951a0>, name:Apple Watch, manufacturer:Apple Inc., model:Watch, hardware:Watch7,1, software:11.6.1, creation date:2025-09-13 14:18:16 +0000>",2025-10-02 14:37:14 +0000,2025-10-02 14:37:14 +0000,count/min,59.0,2
HKQuantityTypeIdentifierHeartRate,PhysTrax Apple Watch,11.6.1,"Watch7,1","<<HKDevice: 0x133e951a0>, name:Apple Watch, manufacturer:Apple Inc., model:Watch, hardware:Watch7,1, software:11.6.1, creation date:2025-09-13 14:18:16 +0000>",2025-10-02 14:37:19 +0000,2025-10-02 14:37:19 +0000,count/min,60.0,2
HKQuantityTypeIdentifierHeartRate,PhysTrax Apple Watch,11.6.1,"Watch7,1","<<HKDevice: 0x133e951a0>, name:Apple Watch, manufacturer:Apple Inc., model:Watch, hardware:Watch7,1, software:11.6.1, creation date:2025-09-13 14:18:16 +0000>",2025-10-02 14:37:25 +0000,2025-10-02 14:37:25 +0000,count/min,59.0,2
HKQuantityTypeIdentifierHeartRate,PhysTrax Apple Watch,11.6.1,"Watch7,1","<<HKDevice: 0x133e951a0>, name:Apple Watch, manufacturer:Apple Inc., model:Watch, hardware:Watch7,1, software:11.6.1, creation date:2025-09-13 14:18:16 +0000>",2025-10-02 14:37:32 +0000,2025-10-02 14:37:32 +0000,count/min,60.0,2
HKQuantityTypeIdentifierHeartRate,PhysTrax Apple Watch,11.6.1,"Watch7,1","<<HKDevice: 0x133e951a0>, name:Apple Watch, manufacturer:Apple Inc., model:Watch, hardware:Watch7,1, software:11.6.1, creation date:2025-09-13 14:18:16 +0000>",2025-10-02 14:37:35 +0000,2025-10-02 14:37:35 +0000,count/min,60.0,2
HKQuantityTypeIdentifierHeartRate,PhysTrax Apple Watch,11.6.1,"Watch7,1","<<HKDevice: 0x133e951a0>, name:Apple Watch, manufacturer:Apple Inc., model:Watch, hardware:Watch7,1, software:11.6.1, creation date:2025-09-13 14:18:16 +0000>",2025-10-02 14:37:39 +0000,2025-10-02 14:37:39 +0000,count/min,59.0,2
HKQuantityTypeIdentifierHeartRate,PhysTrax Apple Watch,11.6.1,"Watch7,1","<<HKDevice: 0x133e951a0>, name:Apple Watch, manufacturer:Apple Inc., model:Watch, hardware:Watch7,1, software:11.6.1, creation date:2025-09-13 14:18:16 +0000>",2025-10-02 14:37:43 +0000,2025-10-02 14:37:43 +0000,count/min,61.0,2
HKQuantityTypeIdentifierHeartRate,PhysTrax Apple Watch,11.6.1,"Watch7,1","<<HKDevice: 0x133e951a0>, name:Apple Watch, manufacturer:Apple Inc., model:Watch, hardware:Watch7,1, software:11.6.1, creation date:2025-09-13 14:18:16 +0000>",2025-10-02 14:37:48 +0000,2025-10-02 14:37:48 +0000,count/min,63.0,2
HKQuantityTypeIdentifierHeartRate,PhysTrax Apple Watch,11.6.1,"Watch7,1","<<HKDevice: 0x133e951a0>, name:Apple Watch, manufacturer:Apple Inc., model:Watch, hardware:Watch7,1, software:11.6.1, creation date:2025-09-13 14:18:16 +0000>",2025-10-02 14:37:57 +0000,2025-10-02 14:37:57 +0000,count/min,63.0,2
HKQuantityTypeIdentifierHeartRate,PhysTrax Apple Watch,11.6.1,"Watch7,1","<<HKDevice: 0x133e951a0>, name:Apple Watch, manufacturer:Apple Inc., model:Watch, hardware:Watch7,1, software:11.6.1, creation date:2025-09-13 14:18:16 +0000>",2025-10-02 14:38:02 +0000,2025-10-02 14:38:02 +0000,count/min,64.0,2
HKQuantityTypeIdentifierHeartRate,PhysTrax Apple Watch,11.6.1,"Watch7,1","<<HKDevice: 0x133e951a0>, name:Apple Watch, manufacturer:Apple Inc., model:Watch, hardware:Watch7,1, software:11.6.1, creation date:2025-09-13 14:18:16 +0000>",2025-10-02 14:38:07 +0000,2025-10-02 14:38:07 +0000,count/min,64.0,2
HKQuantityTypeIdentifierHeartRate,PhysTrax Apple Watch,11.6.1,"Watch7,1","<<HKDevice: 0x133e951a0>, name:Apple Watch, manufacturer:Apple Inc., model:Watch, hardware:Watch7,1, software:11.6.1, creation date:2025-09-13 14:18:16 +0000>",2025-10-02 14:38:08 +0000,2025-10-02 14:38:08 +0000,count/min,65.0,2
HKQuantityTypeIdentifierHeartRate,PhysTrax Apple Watch,11.6.1,"Watch7,1","<<HKDevice: 0x133e951a0>, name:Apple Watch, manufacturer:Apple Inc., model:Watch, hardware:Watch7,1, software:11.6.1, creation date:2025-09-13 14:18:16 +0000>",2025-10-02 14:38:17 +0000,2025-10-02 14:38:17 +0000,count/min,66.0,2
HKQuantityTypeIdentifierHeartRate,PhysTrax Apple Watch,11.6.1,"Watch7,1","<<HKDevice: 0x133e951a0>, name:Apple Watch, manufacturer:Apple Inc., model:Watch, hardware:Watch7,1, software:11.6.1, creation date:2025-09-13 14:18:16 +0000>",2025-10-02 14:38:18 +0000,2025-10-02 14:38:18 +0000,count/min,66.0,2
HKQuantityTypeIdentifierHeartRate,PhysTrax Apple Watch,11.6.1,"Watch7,1","<<HKDevice: 0x133e951a0>, name:Apple Watch, manufacturer:Apple Inc., model:Watch, hardware:Watch7,1, software:11.6.1, creation date:2025-09-13 14:18:16 +0000>",2025-10-02 14:38:23 +0000,2025-10-02 14:38:23 +0000,count/min,65.0,2
HKQuantityTypeIdentifierHeartRate,PhysTrax Apple Watch,11.6.1,"Watch7,1","<<HKDevice: 0x133e951a0>, name:Apple Watch, manufacturer:Apple Inc., model:Watch, hardware:Watch7,1, software:11.6.1, creation date:2025-09-13 14:18:16 +0000>",2025-10-02 14:38:28 +0000,2025-10-02 14:38:28 +0000,count/min,68.0,2
HKQuantityTypeIdentifierHeartRate,PhysTrax Apple Watch,11.6.1,"Watch7,1","<<HKDevice: 0x133e951a0>, name:Apple Watch, manufacturer:Apple Inc., model:Watch, hardware:Watch7,1, software:11.6.1, creation date:2025-09-13 14:18:16 +0000>",2025-10-02 14:38:33 +0000,2025-10-02 14:38:33 +0000,count/min,74.0,2
HKQuantityTypeIdentifierHeartRate,PhysTrax Apple Watch,11.6.1,"Watch7,1","<<HKDevice: 0x133e951a0>, name:Apple Watch, manufacturer:Apple Inc., model:Watch, hardware:Watch7,1, software:11.6.1, creation date:2025-09-13 14:18:16 +0000>",2025-10-02 14:38:40 +0000,2025-10-02 14:38:40 +0000,count/min,75.0,2
HKQuantityTypeIdentifierHeartRate,PhysTrax Apple Watch,11.6.1,"Watch7,1","<<HKDevice: 0x133e951a0>, name:Apple Watch, manufacturer:Apple Inc., model:Watch, hardware:Watch7,1, software:11.6.1, creation date:2025-09-13 14:18:16 +0000>",2025-10-02 14:38:47 +0000,2025-10-02 14:38:47 +0000,count/min,72.0,2
HKQuantityTypeIdentifierHeartRate,PhysTrax Apple Watch,11.6.1,"Watch7,1","<<HKDevice: 0x133e951a0>, name:Apple Watch, manufacturer:Apple Inc., model:Watch, hardware:Watch7,1, software:11.6.1, creation date:2025-09-13 14:18:16 +0000>",2025-10-02 14:38:52 +0000,2025-10-02 14:38:52 +0000,count/min,66.0,2
HKQuantityTypeIdentifierHeartRate,PhysTrax Apple Watch,11.6.1,"Watch7,1","<<HKDevice: 0x133e951a0>, name:Apple Watch, manufacturer:Apple Inc., model:Watch, hardware:Watch7,1, software:11.6.1, creation date:2025-09-13 14:18:16 +0000>",2025-10-02 14:38:57 +0000,2025-10-02 14:38:57 +0000,count/min,64.0,2
HKQuantityTypeIdentifierHeartRate,PhysTrax Apple Watch,11.6.1,"Watch7,1","<<HKDevice: 0x133e951a0>, name:Apple Watch, manufacturer:Apple Inc., model:Watch, hardware:Watch7,1, software:11.6.1, creation date:2025-09-13 14:18:16 +0000>",2025-10-02 14:39:02 +0000,2025-10-02 14:39:02 +0000,count/min,65.0,2
HKQuantityTypeIdentifierHeartRate,PhysTrax Apple Watch,11.6.1,"Watch7,1","<<HKDevice: 0x133e951a0>, name:Apple Watch, manufacturer:Apple Inc., model:Watch, hardware:Watch7,1, software:11.6.1, creation date:2025-09-13 14:18:16 +0000>",2025-10-02 14:39:04 +0000,2025-10-02 14:39:04 +0000,count/min,66.0,2
HKQuantityTypeIdentifierHeartRate,PhysTrax Apple Watch,11.6.1,"Watch7,1","<<HKDevice: 0x133e951a0>, name:Apple Watch, manufacturer:Apple Inc., model:Watch, hardware:Watch7,1, software:11.6.1, creation date:2025-09-13 14:18:16 +0000>",2025-10-02 14:39:11 +0000,2025-10-02 14:39:11 +0000,count/min,63.0,2
HKQuantityTypeIdentifierHeartRate,PhysTrax Apple Watch,11.6.1,"Watch7,1","<<HKDevice: 0x133e951a0>, name:Apple Watch, manufacturer:Apple Inc., model:Watch, hardware:Watch7,1, software:11.6.1, creation date:2025-09-13 14:18:16 +0000>",2025-10-02 14:39:32 +0000,2025-10-02 14:39:32 +0000,count/min,69.0,2
HKQuantityTypeIdentifierHeartRate,PhysTrax Apple Watch,11.6.1,"Watch7,1","<<HKDevice: 0x133e951a0>, name:Apple Watch, manufacturer:Apple Inc., model:Watch, hardware:Watch7,1, software:11.6.1, creation date:2025-09-13 14:18:16 +0000>",2025-10-02 14:39:37 +0000,2025-10-02 14:39:37 +0000,count/min,69.0,2
HKQuantityTypeIdentifierHeartRate,PhysTrax Apple Watch,11.6.1,"Watch7,1","<<HKDevice: 0x133e951a0>, name:Apple Watch, manufacturer:Apple Inc., model:Watch, hardware:Watch7,1, software:11.6.1, creation date:2025-09-13 14:18:16 +0000>",2025-10-02 14:39:42 +0000,2025-10-02 14:39:42 +0000,count/min,67.0,2
HKQuantityTypeIdentifierHeartRate,PhysTrax Apple Watch,11.6.1,"Watch7,1","<<HKDevice: 0x133e951a0>, name:Apple Watch, manufacturer:Apple Inc., model:Watch, hardware:Watch7,1, software:11.6.1, creation date:2025-09-13 14:18:16 +0000>",2025-10-02 14:39:47 +0000,2025-10-02 14:39:47 +0000,count/min,64.0,2
HKQuantityTypeIdentifierHeartRate,PhysTrax Apple Watch,11.6.1,"Watch7,1","<<HKDevice: 0x133e951a0>, name:Apple Watch, manufacturer:Apple Inc., model:Watch, hardware:Watch7,1, software:11.6.1, creation date:2025-09-13 14:18:16 +0000>",2025-10-02 14:39:52 +0000,2025-10-02 14:39:52 +0000,count/min,63.0,2
HKQuantityTypeIdentifierHeartRate,PhysTrax Apple Watch,11.6.1,"Watch7,1","<<HKDevice: 0x133e951a0>, name:Apple Watch, manufacturer:Apple Inc., model:Watch, hardware:Watch7,1, software:11.6.1, creation date:2025-09-13 14:18:16 +0000>",2025-10-02 14:39:57 +0000,2025-10-02 14:39:57 +0000,count/min,64.0,2
HKQuantityTypeIdentifierHeartRate,PhysTrax Apple Watch,11.6.1,"Watch7,1","<<HKDevice: 0x133e951a0>, name:Apple Watch, manufacturer:Apple Inc., model:Watch, hardware:Watch7,1, software:11.6.1, creation date:2025-09-13 14:18:16 +0000>",2025-10-02 14:40:00 +0000,2025-10-02 14:40:00 +0000,count/min,63.0,2
HKQuantityTypeIdentifierHeartRate,PhysTrax Apple Watch,11.6.1,"Watch7,1","<<HKDevice: 0x133e951a0>, name:Apple Watch, manufacturer:Apple Inc., model:Watch, hardware:Watch7,1, software:11.6.1, creation date:2025-09-13 14:18:16 +0000>",2025-10-02 14:40:03 +0000,2025-10-02 14:40:03 +0000,count/min,62.00000000000001,2
HKQuantityTypeIdentifierHeartRate,PhysTrax Apple Watch,11.6.1,"Watch7,1","<<HKDevice: 0x133e951a0>, name:Apple Watch, manufacturer:Apple Inc., model:Watch, hardware:Watch7,1, software:11.6.1, creation date:2025-09-13 14:18:16 +0000>",2025-10-02 14:40:08 +0000,2025-10-02 14:40:08 +0000,count/min,64.0,2
HKQuantityTypeIdentifierHeartRate,PhysTrax Apple Watch,11.6.1,"Watch7,1","<<HKDevice: 0x133e951a0>, name:Apple Watch, manufacturer:Apple Inc., model:Watch, hardware:Watch7,1, software:11.6.1, creation date:2025-09-13 14:18:16 +0000>",2025-10-02 14:40:17 +0000,2025-10-02 14:40:17 +0000,count/min,59.0,2
HKQuantityTypeIdentifierHeartRate,PhysTrax Apple Watch,11.6.1,"Watch7,1","<<HKDevice: 0x133e951a0>, name:Apple Watch, manufacturer:Apple Inc., model:Watch, hardware:Watch7,1, software:11.6.1, creation date:2025-09-13 14:18:16 +0000>",2025-10-02 14:40:22 +0000,2025-10-02 14:40:22 +0000,count/min,57.0,2
HKQuantityTypeIdentifierHeartRate,PhysTrax Apple Watch,11.6.1,"Watch7,1","<<HKDevice: 0x133e951a0>, name:Apple Watch, manufacturer:Apple Inc., model:Watch, hardware:Watch7,1, software:11.6.1, creation date:2025-09-13 14:18:16 +0000>",2025-10-02 14:40:25 +0000,2025-10-02 14:40:25 +0000,count/min,57.0,2
HKQuantityTypeIdentifierHeartRate,PhysTrax Apple Watch,11.6.1,"Watch7,1","<<HKDevice: 0x133e951a0>, name:Apple Watch, manufacturer:Apple Inc., model:Watch, hardware:Watch7,1, software:11.6.1, creation date:2025-09-13 14:18:16 +0000>",2025-10-02 14:40:30 +0000,2025-10-02 14:40:30 +0000,count/min,57.0,2
HKQuantityTypeIdentifierHeartRate,PhysTrax Apple Watch,11.6.1,"Watch7,1","<<HKDevice: 0x133e951a0>, name:Apple Watch, manufacturer:Apple Inc., model:Watch, hardware:Watch7,1, software:11.6.1, creation date:2025-09-13 14:18:16 +0000>",2025-10-02 14:40:36 +0000,2025-10-02 14:40:36 +0000,count/min,59.0,2
HKQuantityTypeIdentifierHeartRate,PhysTrax Apple Watch,11.6.1,"Watch7,1","<<HKDevice: 0x133e951a0>, name:Apple Watch, manufacturer:Apple Inc., model:Watch, hardware:Watch7,1, software:11.6.1, creation date:2025-09-13 14:18:16 +0000>",2025-10-02 14:40:42 +0000,2025-10-02 14:40:42 +0000,count/min,60.0,2
HKQuantityTypeIdentifierHeartRate,PhysTrax Apple Watch,11.6.1,"Watch7,1","<<HKDevice: 0x133e951a0>, name:Apple Watch, manufacturer:Apple Inc., model:Watch, hardware:Watch7,1, software:11.6.1, creation date:2025-09-13 14:18:16 +0000>",2025-10-02 14:40:45 +0000,2025-10-02 14:40:45 +0000,count/min,60.0,2
HKQuantityTypeIdentifierHeartRate,PhysTrax Apple Watch,11.6.1,"Watch7,1","<<HKDevice: 0x133e951a0>, name:Apple Watch, manufacturer:Apple Inc., model:Watch, hardware:Watch7,1, software:11.6.1, creation date:2025-09-13 14:18:16 +0000>",2025-10-02 14:40:49 +0000,2025-10-02 14:40:49 +0000,count/min,59.0,2
HKQuantityTypeIdentifierHeartRate,PhysTrax Apple Watch,11.6.1,"Watch7,1","<<HKDevice: 0x133e951a0>, name:Apple Watch, manufacturer:Apple Inc., model:Watch, hardware:Watch7,1, software:11.6.1, creation date:2025-09-13 14:18:16 +0000>",2025-10-02 14:40:57 +0000,2025-10-02 14:40:57 +0000,count/min,59.0,2
HKQuantityTypeIdentifierHeartRate,PhysTrax Apple Watch,11.6.1,"Watch7,1","<<HKDevice: 0x133e951a0>, name:Apple Watch, manufacturer:Apple Inc., model:Watch, hardware:Watch7,1, software:11.6.1, creation date:2025-09-13 14:18:16 +0000>",2025-10-02 14:40:59 +0000,2025-10-02 14:40:59 +0000,count/min,59.0,2
HKQuantityTypeIdentifierHeartRate,PhysTrax Apple Watch,11.6.1,"Watch7,1","<<HKDevice: 0x133e951a0>, name:Apple Watch, manufacturer:Apple Inc., model:Watch, hardware:Watch7,1, software:11.6.1, creation date:2025-09-13 14:18:16 +0000>",2025-10-02 14:41:06 +0000,2025-10-02 14:41:06 +0000,count/min,57.0,2
HKQuantityTypeIdentifierHeartRate,PhysTrax Apple Watch,11.6.1,"Watch7,1","<<HKDevice: 0x133e951a0>, name:Apple Watch, manufacturer:Apple Inc., model:Watch, hardware:Watch7,1, software:11.6.1, creation date:2025-09-13 14:18:16 +0000>",2025-10-02 14:41:12 +0000,2025-10-02 14:41:12 +0000,count/min,58.0,2
HKQuantityTypeIdentifierHeartRate,PhysTrax Apple Watch,11.6.1,"Watch7,1","<<HKDevice: 0x133e951a0>, name:Apple Watch, manufacturer:Apple Inc., model:Watch, hardware:Watch7,1, software:11.6.1, creation date:2025-09-13 14:18:16 +0000>",2025-10-02 14:41:15 +0000,2025-10-02 14:41:15 +0000,count/min,59.0,2
HKQuantityTypeIdentifierHeartRate,PhysTrax Apple Watch,11.6.1,"Watch7,1","<<HKDevice: 0x133e951a0>, name:Apple Watch, manufacturer:Apple Inc., model:Watch, hardware:Watch7,1, software:11.6.1, creation date:2025-09-13 14:18:16 +0000>",2025-10-02 14:41:20 +0000,2025-10-02 14:41:20 +0000,count/min,60.0,2
HKQuantityTypeIdentifierHeartRate,PhysTrax Apple Watch,11.6.1,"Watch7,1","<<HKDevice: 0x133e951a0>, name:Apple Watch, manufacturer:Apple Inc., model:Watch, hardware:Watch7,1, software:11.6.1, creation date:2025-09-13 14:18:16 +0000>",2025-10-02 14:41:25 +0000,2025-10-02 14:41:25 +0000,count/min,60.0,2
HKQuantityTypeIdentifierHeartRate,PhysTrax Apple Watch,11.6.1,"Watch7,1","<<HKDevice: 0x133e951a0>, name:Apple Watch, manufacturer:Apple Inc., model:Watch, hardware:Watch7,1, software:11.6.1, creation date:2025-09-13 14:18:16 +0000>",2025-10-02 14:41:32 +0000,2025-10-02 14:41:32 +0000,count/min,65.0,2
HKQuantityTypeIdentifierHeartRate,PhysTrax Apple Watch,11.6.1,"Watch7,1","<<HKDevice: 0x133e951a0>, name:Apple Watch, manufacturer:Apple Inc., model:Watch, hardware:Watch7,1, software:11.6.1, creation date:2025-09-13 14:18:16 +0000>",2025-10-02 14:41:34 +0000,2025-10-02 14:41:34 +0000,count/min,66.0,2
HKQuantityTypeIdentifierHeartRate,PhysTrax Apple Watch,11.6.1,"Watch7,1","<<HKDevice: 0x133e951a0>, name:Apple Watch, manufacturer:Apple Inc., model:Watch, hardware:Watch7,1, software:11.6.1, creation date:2025-09-13 14:18:16 +0000>",2025-10-02 14:41:42 +0000,2025-10-02 14:41:42 +0000,count/min,64.0,2
HKQuantityTypeIdentifierHeartRate,PhysTrax Apple Watch,11.6.1,"Watch7,1","<<HKDevice: 0x133e951a0>, name:Apple Watch, manufacturer:Apple Inc., model:Watch, hardware:Watch7,1, software:11.6.1, creation date:2025-09-13 14:18:16 +0000>",2025-10-02 14:41:46 +0000,2025-10-02 14:41:46 +0000,count/min,64.0,2
HKQuantityTypeIdentifierHeartRate,PhysTrax Apple Watch,11.6.1,"Watch7,1","<<HKDevice: 0x133e951a0>, name:Apple Watch, manufacturer:Apple Inc., model:Watch, hardware:Watch7,1, software:11.6.1, creation date:2025-09-13 14:18:16 +0000>",2025-10-02 14:41:48 +0000,2025-10-02 14:41:48 +0000,count/min,64.0,2
HKQuantityTypeIdentifierHeartRate,PhysTrax Apple Watch,11.6.1,"Watch7,1","<<HKDevice: 0x133e951a0>, name:Apple Watch, manufacturer:Apple Inc., model:Watch, hardware:Watch7,1, software:11.6.1, creation date:2025-09-13 14:18:16 +0000>",2025-10-02 14:41:57 +0000,2025-10-02 14:41:57 +0000,count/min,63.0,2
HKQuantityTypeIdentifierHeartRate,PhysTrax Apple Watch,11.6.1,"Watch7,1","<<HKDevice: 0x133e951a0>, name:Apple Watch, manufacturer:Apple Inc., model:Watch, hardware:Watch7,1, software:11.6.1, creation date:2025-09-13 14:18:16 +0000>",2025-10-02 14:41:58 +0000,2025-10-02 14:41:58 +0000,count/min,63.0,2
HKQuantityTypeIdentifierHeartRate,PhysTrax Apple Watch,11.6.1,"Watch7,1","<<HKDevice: 0x133e951a0>, name:Apple Watch, manufacturer:Apple Inc., model:Watch, hardware:Watch7,1, software:11.6.1, creation date:2025-09-13 14:18:16 +0000>",2025-10-02 14:42:07 +0000,2025-10-02 14:42:07 +0000,count/min,65.0,2
HKQuantityTypeIdentifierHeartRate,PhysTrax Apple Watch,11.6.1,"Watch7,1","<<HKDevice: 0x133e951a0>, name:Apple Watch, manufacturer:Apple Inc., model:Watch, hardware:Watch7,1, software:11.6.1, creation date:2025-09-13 14:18:16 +0000>",2025-10-02 14:42:09 +0000,2025-10-02 14:42:09 +0000,count/min,65.0,2
HKQuantityTypeIdentifierHeartRate,PhysTrax Apple Watch,11.6.1,"Watch7,1","<<HKDevice: 0x133e951a0>, name:Apple Watch, manufacturer:Apple Inc., model:Watch, hardware:Watch7,1, software:11.6.1, creation date:2025-09-13 14:18:16 +0000>",2025-10-02 14:42:16 +0000,2025-10-02 14:42:16 +0000,count/min,63.0,2
HKQuantityTypeIdentifierHeartRate,PhysTrax Apple Watch,11.6.1,"Watch7,1","<<HKDevice: 0x133e951a0>, name:Apple Watch, manufacturer:Apple Inc., model:Watch, hardware:Watch7,1, software:11.6.1, creation date:2025-09-13 14:18:16 +0000>",2025-10-02 14:42:20 +0000,2025-10-02 14:42:20 +0000,count/min,62.00000000000001,2
HKQuantityTypeIdentifierHeartRate,PhysTrax Apple Watch,11.6.1,"Watch7,1","<<HKDevice: 0x133e951a0>, name:Apple Watch, manufacturer:Apple Inc., model:Watch, hardware:Watch7,1, software:11.6.1, creation date:2025-09-13 14:18:16 +0000>",2025-10-02 14:42:25 +0000,2025-10-02 14:42:25 +0000,count/min,63.0,2
HKQuantityTypeIdentifierHeartRate,PhysTrax Apple Watch,11.6.1,"Watch7,1","<<HKDevice: 0x133e951a0>, name:Apple Watch, manufacturer:Apple Inc., model:Watch, hardware:Watch7,1, software:11.6.1, creation date:2025-09-13 14:18:16 +0000>",2025-10-02 14:42:28 +0000,2025-10-02 14:42:28 +0000,count/min,63.0,2
HKQuantityTypeIdentifierHeartRate,PhysTrax Apple Watch,11.6.1,"Watch7,1","<<HKDevice: 0x133e951a0>, name:Apple Watch, manufacturer:Apple Inc., model:Watch, hardware:Watch7,1, software:11.6.1, creation date:2025-09-13 14:18:16 +0000>",2025-10-02 14:42:36 +0000,2025-10-02 14:42:36 +0000,count/min,65.0,2
HKQuantityTypeIdentifierHeartRate,PhysTrax Apple Watch,11.6.1,"Watch7,1","<<HKDevice: 0x133e951a0>, name:Apple Watch, manufacturer:Apple Inc., model:Watch, hardware:Watch7,1, software:11.6.1, creation date:2025-09-13 14:18:16 +0000>",2025-10-02 14:42:42 +0000,2025-10-02 14:42:42 +0000,count/min,61.0,2
HKQuantityTypeIdentifierHeartRate,PhysTrax Apple Watch,11.6.1,"Watch7,1","<<HKDevice: 0x133e951a0>, name:Apple Watch, manufacturer:Apple Inc., model:Watch, hardware:Watch7,1, software:11.6.1, creation date:2025-09-13 14:18:16 +0000>",2025-10-02 14:42:46 +0000,2025-10-02 14:42:46 +0000,count/min,61.0,2
HKQuantityTypeIdentifierHeartRate,PhysTrax Apple Watch,11.6.1,"Watch7,1","<<HKDevice: 0x133e951a0>, name:Apple Watch, manufacturer:Apple Inc., model:Watch, hardware:Watch7,1, software:11.6.1, creation date:2025-09-13 14:18:16 +0000>",2025-10-02 14:42:51 +0000,2025-10-02 14:42:51 +0000,count/min,61.0,2
HKQuantityTypeIdentifierHeartRate,PhysTrax Apple Watch,11.6.1,"Watch7,1","<<HKDevice: 0x133e951a0>, name:Apple Watch, manufacturer:Apple Inc., model:Watch, hardware:Watch7,1, software:11.6.1, creation date:2025-09-13 14:18:16 +0000>",2025-10-02 14:42:54 +0000,2025-10-02 14:42:54 +0000,count/min,62.00000000000001,2
HKQuantityTypeIdentifierHeartRate,PhysTrax Apple Watch,11.6.1,"Watch7,1","<<HKDevice: 0x133e951a0>, name:Apple Watch, manufacturer:Apple Inc., model:Watch, hardware:Watch7,1, software:11.6.1, creation date:2025-09-13 14:18:16 +0000>",2025-10-02 14:43:01 +0000,2025-10-02 14:43:01 +0000,count/min,63.0,2
HKQuantityTypeIdentifierHeartRate,PhysTrax Apple Watch,11.6.1,"Watch7,1","<<HKDevice: 0x133e951a0>, name:Apple Watch, manufacturer:Apple Inc., model:Watch, hardware:Watch7,1, software:11.6.1, creation date:2025-09-13 14:18:16 +0000>",2025-10-02 14:43:03 +0000,2025-10-02 14:43:03 +0000,count/min,63.0,2
HKQuantityTypeIdentifierHeartRate,PhysTrax Apple Watch,11.6.1,"Watch7,1","<<HKDevice: 0x133e951a0>, name:Apple Watch, manufacturer:Apple Inc., model:Watch, hardware:Watch7,1, software:11.6.1, creation date:2025-09-13 14:18:16 +0000>",2025-10-02 14:43:12 +0000,2025-10-02 14:43:12 +0000,count/min,68.0,2
HKQuantityTypeIdentifierHeartRate,PhysTrax Apple Watch,11.6.1,"Watch7,1","<<HKDevice: 0x133e951a0>, name:Apple Watch, manufacturer:Apple Inc., model:Watch, hardware:Watch7,1, software:11.6.1, creation date:2025-09-13 14:18:16 +0000>",2025-10-02 14:43:17 +0000,2025-10-02 14:43:17 +0000,count/min,66.0,2
HKQuantityTypeIdentifierHeartRate,PhysTrax Apple Watch,11.6.1,"Watch7,1","<<HKDevice: 0x133e951a0>, name:Apple Watch, manufacturer:Apple Inc., model:Watch, hardware:Watch7,1, software:11.6.1, creation date:2025-09-13 14:18:16 +0000>",2025-10-02 14:43:22 +0000,2025-10-02 14:43:22 +0000,count/min,64.0,2
HKQuantityTypeIdentifierHeartRate,PhysTrax Apple Watch,11.6.1,"Watch7,1","<<HKDevice: 0x133e951a0>, name:Apple Watch, manufacturer:Apple Inc., model:Watch, hardware:Watch7,1, software:11.6.1, creation date:2025-09-13 14:18:16 +0000>",2025-10-02 14:43:24 +0000,2025-10-02 14:43:24 +0000,count/min,63.0,2
HKQuantityTypeIdentifierHeartRate,PhysTrax Apple Watch,11.6.1,"Watch7,1","<<HKDevice: 0x133e951a0>, name:Apple Watch, manufacturer:Apple Inc., model:Watch, hardware:Watch7,1, software:11.6.1, creation date:2025-09-13 14:18:16 +0000>",2025-10-02 14:43:29 +0000,2025-10-02 14:43:29 +0000,count/min,64.0,2
HKQuantityTypeIdentifierHeartRate,PhysTrax Apple Watch,11.6.1,"Watch7,1","<<HKDevice: 0x133e951a0>, name:Apple Watch, manufacturer:Apple Inc., model:Watch, hardware:Watch7,1, software:11.6.1, creation date:2025-09-13 14:18:16 +0000>",2025-10-02 14:43:36 +0000,2025-10-02 14:43:36 +0000,count/min,62.00000000000001,2
HKQuantityTypeIdentifierHeartRate,PhysTrax Apple Watch,11.6.1,"Watch7,1","<<HKDevice: 0x133e951a0>, name:Apple Watch, manufacturer:Apple Inc., model:Watch, hardware:Watch7,1, software:11.6.1, creation date:2025-09-13 14:18:16 +0000>",2025-10-02 14:43:39 +0000,2025-10-02 14:43:39 +0000,count/min,62.00000000000001,2
HKQuantityTypeIdentifierHeartRate,PhysTrax Apple Watch,11.6.1,"Watch7,1","<<HKDevice: 0x133e951a0>, name:Apple Watch, manufacturer:Apple Inc., model:Watch, hardware:Watch7,1, software:11.6.1, creation date:2025-09-13 14:18:16 +0000>",2025-10-02 14:43:43 +0000,2025-10-02 14:43:43 +0000,count/min,62.00000000000001,2
HKQuantityTypeIdentifierHeartRate,PhysTrax Apple Watch,11.6.1,"Watch7,1","<<HKDevice: 0x133e951a0>, name:Apple Watch, manufacturer:Apple Inc., model:Watch, hardware:Watch7,1, software:11.6.1, creation date:2025-09-13 14:18:16 +0000>",2025-10-02 14:43:49 +0000,2025-10-02 14:43:49 +0000,count/min,62.00000000000001,2
HKQuantityTypeIdentifierHeartRate,PhysTrax Apple Watch,11.6.1,"Watch7,1","<<HKDevice: 0x133e951a0>, name:Apple Watch, manufacturer:Apple Inc., model:Watch, hardware:Watch7,1, software:11.6.1, creation date:2025-09-13 14:18:16 +0000>",2025-10-02 14:43:54 +0000,2025-10-02 14:43:54 +0000,count/min,63.0,2
HKQuantityTypeIdentifierHeartRate,PhysTrax Apple Watch,11.6.1,"Watch7,1","<<HKDevice: 0x133e951a0>, name:Apple Watch, manufacturer:Apple Inc., model:Watch, hardware:Watch7,1, software:11.6.1, creation date:2025-09-13 14:18:16 +0000>",2025-10-02 14:44:00 +0000,2025-10-02 14:44:00 +0000,count/min,62.00000000000001,2
HKQuantityTypeIdentifierHeartRate,PhysTrax Apple Watch,11.6.1,"Watch7,1","<<HKDevice: 0x133e951a0>, name:Apple Watch, manufacturer:Apple Inc., model:Watch, hardware:Watch7,1, software:11.6.1, creation date:2025-09-13 14:18:16 +0000>",2025-10-02 14:44:07 +0000,2025-10-02 14:44:07 +0000,count/min,64.0,2
HKQuantityTypeIdentifierHeartRate,PhysTrax Apple Watch,11.6.1,"Watch7,1","<<HKDevice: 0x133e951a0>, name:Apple Watch, manufacturer:Apple Inc., model:Watch, hardware:Watch7,1, software:11.6.1, creation date:2025-09-13 14:18:16 +0000>",2025-10-02 14:44:09 +0000,2025-10-02 14:44:09 +0000,count/min,65.0,2
HKQuantityTypeIdentifierHeartRate,PhysTrax Apple Watch,11.6.1,"Watch7,1","<<HKDevice: 0x133e951a0>, name:Apple Watch, manufacturer:Apple Inc., model:Watch, hardware:Watch7,1, software:11.6.1, creation date:2025-09-13 14:18:16 +0000>",2025-10-02 14:44:13 +0000,2025-10-02 14:44:13 +0000,count/min,64.0,2
HKQuantityTypeIdentifierHeartRate,PhysTrax Apple Watch,11.6.1,"Watch7,1","<<HKDevice: 0x133e951a0>, name:Apple Watch, manufacturer:Apple Inc., model:Watch, hardware:Watch7,1, software:11.6.1, creation date:2025-09-13 14:18:16 +0000>",2025-10-02 14:44:21 +0000,2025-10-02 14:44:21 +0000,count/min,67.0,2
HKQuantityTypeIdentifierHeartRate,PhysTrax Apple Watch,11.6.1,"Watch7,1","<<HKDevice: 0x133e951a0>, name:Apple Watch, manufacturer:Apple Inc., model:Watch, hardware:Watch7,1, software:11.6.1, creation date:2025-09-13 14:18:16 +0000>",2025-10-02 14:44:25 +0000,2025-10-02 14:44:25 +0000,count/min,65.0,2
HKQuantityTypeIdentifierHeartRate,PhysTrax Apple Watch,11.6.1,"Watch7,1","<<HKDevice: 0x133e951a0>, name:Apple Watch, manufacturer:Apple Inc., model:Watch, hardware:Watch7,1, software:11.6.1, creation date:2025-09-13 14:18:16 +0000>",2025-10-02 14:44:32 +0000,2025-10-02 14:44:32 +0000,count/min,63.0,2
HKQuantityTypeIdentifierHeartRate,PhysTrax Apple Watch,11.6.1,"Watch7,1","<<HKDevice: 0x133e951a0>, name:Apple Watch, manufacturer:Apple Inc., model:Watch, hardware:Watch7,1, software:11.6.1, creation date:2025-09-13 14:18:16 +0000>",2025-10-02 14:44:36 +0000,2025-10-02 14:44:36 +0000,count/min,63.0,2
HKQuantityTypeIdentifierHeartRate,PhysTrax Apple Watch,11.6.1,"Watch7,1","<<HKDevice: 0x133e951a0>, name:Apple Watch, manufacturer:Apple Inc., model:Watch, hardware:Watch7,1, software:11.6.1, creation date:2025-09-13 14:18:16 +0000>",2025-10-02 14:44:38 +0000,2025-10-02 14:44:38 +0000,count/min,63.0,2
HKQuantityTypeIdentifierHeartRate,PhysTrax Apple Watch,11.6.1,"Watch7,1","<<HKDevice: 0x133e951a0>, name:Apple Watch, manufacturer:Apple Inc., model:Watch, hardware:Watch7,1, software:11.6.1, creation date:2025-09-13 14:18:16 +0000>",2025-10-02 14:44:46 +0000,2025-10-02 14:44:46 +0000,count/min,66.0,2
HKQuantityTypeIdentifierHeartRate,PhysTrax Apple Watch,11.6.1,"Watch7,1","<<HKDevice: 0x133e951a0>, name:Apple Watch, manufacturer:Apple Inc., model:Watch, hardware:Watch7,1, software:11.6.1, creation date:2025-09-13 14:18:16 +0000>",2025-10-02 14:44:52 +0000,2025-10-02 14:44:52 +0000,count/min,65.0,2
HKQuantityTypeIdentifierHeartRate,PhysTrax Apple Watch,11.6.1,"Watch7,1","<<HKDevice: 0x133e951a0>, name:Apple Watch, manufacturer:Apple Inc., model:Watch, hardware:Watch7,1, software:11.6.1, creation date:2025-09-13 14:18:16 +0000>",2025-10-02 14:44:53 +0000,2025-10-02 14:44:53 +0000,count/min,65.0,2
HKQuantityTypeIdentifierHeartRate,PhysTrax Apple Watch,11.6.1,"Watch7,1","<<HKDevice: 0x133e951a0>, name:Apple Watch, manufacturer:Apple Inc., model:Watch, hardware:Watch7,1, software:11.6.1, creation date:2025-09-13 14:18:16 +0000>",2025-10-02 14:45:02 +0000,2025-10-02 14:45:02 +0000,count/min,67.0,2
HKQuantityTypeIdentifierHeartRate,PhysTrax Apple Watch,11.6.1,"Watch7,1","<<HKDevice: 0x133e951a0>, name:Apple Watch, manufacturer:Apple Inc., model:Watch, hardware:Watch7,1, software:11.6.1, creation date:2025-09-13 14:18:16 +0000>",2025-10-02 14:45:04 +0000,2025-10-02 14:45:04 +0000,count/min,67.0,2
HKQuantityTypeIdentifierHeartRate,PhysTrax Apple Watch,11.6.1,"Watch7,1","<<HKDevice: 0x133e951a0>, name:Apple Watch, manufacturer:Apple Inc., model:Watch, hardware:Watch7,1, software:11.6.1, creation date:2025-09-13 14:18:16 +0000>",2025-10-02 14:45:12 +0000,2025-10-02 14:45:12 +0000,count/min,66.0,2
HKQuantityTypeIdentifierHeartRate,PhysTrax Apple Watch,11.6.1,"Watch7,1","<<HKDevice: 0x133e951a0>, name:Apple Watch, manufacturer:Apple Inc., model:Watch, hardware:Watch7,1, software:11.6.1, creation date:2025-09-13 14:18:16 +0000>",2025-10-02 14:45:13 +0000,2025-10-02 14:45:13 +0000,count/min,66.0,2
HKQuantityTypeIdentifierHeartRate,PhysTrax Apple Watch,11.6.1,"Watch7,1","<<HKDevice: 0x133e951a0>, name:Apple Watch, manufacturer:Apple Inc., model:Watch, hardware:Watch7,1, software:11.6.1, creation date:2025-09-13 14:18:16 +0000>",2025-10-02 14:45:18 +0000,2025-10-02 14:45:18 +0000,count/min,71.0,2
HKQuantityTypeIdentifierHeartRate,PhysTrax Apple Watch,11.6.1,"Watch7,1","<<HKDevice: 0x133e951a0>, name:Apple Watch, manufacturer:Apple Inc., model:Watch, hardware:Watch7,1, software:11.6.1, creation date:2025-09-13 14:18:16 +0000>",2025-10-02 14:45:23 +0000,2025-10-02 14:45:23 +0000,count/min,79.0,2
HKQuantityTypeIdentifierHeartRate,PhysTrax Apple Watch,11.6.1,"Watch7,1","<<HKDevice: 0x133e951a0>, name:Apple Watch, manufacturer:Apple Inc., model:Watch, hardware:Watch7,1, software:11.6.1, creation date:2025-09-13 14:18:16 +0000>",2025-10-02 14:45:32 +0000,2025-10-02 14:45:32 +0000,count/min,75.0,2
HKQuantityTypeIdentifierHeartRate,PhysTrax Apple Watch,11.6.1,"Watch7,1","<<HKDevice: 0x133e951a0>, name:Apple Watch, manufacturer:Apple Inc., model:Watch, hardware:Watch7,1, software:11.6.1, creation date:2025-09-13 14:18:16 +0000>",2025-10-02 14:45:37 +0000,2025-10-02 14:45:37 +0000,count/min,70.0,2
HKQuantityTypeIdentifierHeartRate,PhysTrax Apple Watch,11.6.1,"Watch7,1","<<HKDevice: 0x133e951a0>, name:Apple Watch, manufacturer:Apple Inc., model:Watch, hardware:Watch7,1, software:11.6.1, creation date:2025-09-13 14:18:16 +0000>",2025-10-02 14:45:39 +0000,2025-10-02 14:45:39 +0000,count/min,69.0,2
HKQuantityTypeIdentifierHeartRate,PhysTrax Apple Watch,11.6.1,"Watch7,1","<<HKDevice: 0x133e951a0>, name:Apple Watch, manufacturer:Apple Inc., model:Watch, hardware:Watch7,1, software:11.6.1, creation date:2025-09-13 14:18:16 +0000>",2025-10-02 14:45:46 +0000,2025-10-02 14:45:46 +0000,count/min,66.0,2
HKQuantityTypeIdentifierHeartRate,PhysTrax Apple Watch,11.6.1,"Watch7,1","<<HKDevice: 0x133e951a0>, name:Apple Watch, manufacturer:Apple Inc., model:Watch, hardware:Watch7,1, software:11.6.1, creation date:2025-09-13 14:18:16 +0000>",2025-10-02 14:45:48 +0000,2025-10-02 14:45:48 +0000,count/min,66.0,2
HKQuantityTypeIdentifierHeartRate,PhysTrax Apple Watch,11.6.1,"Watch7,1","<<HKDevice: 0x133e951a0>, name:Apple Watch, manufacturer:Apple Inc., model:Watch, hardware:Watch7,1, software:11.6.1, creation date:2025-09-13 14:18:16 +0000>",2025-10-02 14:45:57 +0000,2025-10-02 14:45:57 +0000,count/min,69.0,2
HKQuantityTypeIdentifierHeartRate,PhysTrax Apple Watch,11.6.1,"Watch7,1","<<HKDevice: 0x133e951a0>, name:Apple Watch, manufacturer:Apple Inc., model:Watch, hardware:Watch7,1, software:11.6.1, creation date:2025-09-13 14:18:16 +0000>",2025-10-02 14:46:02 +0000,2025-10-02 14:46:02 +0000,count/min,68.0,2
HKQuantityTypeIdentifierHeartRate,PhysTrax Apple Watch,11.6.1,"Watch7,1","<<HKDevice: 0x133e951a0>, name:Apple Watch, manufacturer:Apple Inc., model:Watch, hardware:Watch7,1, software:11.6.1, creation date:2025-09-13 14:18:16 +0000>",2025-10-02 14:46:06 +0000,2025-10-02 14:46:06 +0000,count/min,66.0,2
HKQuantityTypeIdentifierHeartRate,PhysTrax Apple Watch,11.6.1,"Watch7,1","<<HKDevice: 0x133e951a0>, name:Apple Watch, manufacturer:Apple Inc., model:Watch, hardware:Watch7,1, software:11.6.1, creation date:2025-09-13 14:18:16 +0000>",2025-10-02 14:46:12 +0000,2025-10-02 14:46:12 +0000,count/min,66.0,2
HKQuantityTypeIdentifierHeartRate,PhysTrax Apple Watch,11.6.1,"Watch7,1","<<HKDevice: 0x133e951a0>, name:Apple Watch, manufacturer:Apple Inc., model:Watch, hardware:Watch7,1, software:11.6.1, creation date:2025-09-13 14:18:16 +0000>",2025-10-02 14:46:13 +0000,2025-10-02 14:46:13 +0000,count/min,66.0,2
HKQuantityTypeIdentifierHeartRate,PhysTrax Apple Watch,11.6.1,"Watch7,1","<<HKDevice: 0x133e951a0>, name:Apple Watch, manufacturer:Apple Inc., model:Watch, hardware:Watch7,1, software:11.6.1, creation date:2025-09-13 14:18:16 +0000>",2025-10-02 14:46:19 +0000,2025-10-02 14:46:19 +0000,count/min,66.0,2
HKQuantityTypeIdentifierHeartRate,PhysTrax Apple Watch,11.6.1,"Watch7,1","<<HKDevice: 0x133e951a0>, name:Apple Watch, manufacturer:Apple Inc., model:Watch, hardware:Watch7,1, software:11.6.1, creation date:2025-09-13 14:18:16 +0000>",2025-10-02 14:46:27 +0000,2025-10-02 14:46:27 +0000,count/min,68.0,2
HKQuantityTypeIdentifierHeartRate,PhysTrax Apple Watch,11.6.1,"Watch7,1","<<HKDevice: 0x133e951a0>, name:Apple Watch, manufacturer:Apple Inc., model:Watch, hardware:Watch7,1, software:11.6.1, creation date:2025-09-13 14:18:16 +0000>",2025-10-02 14:46:28 +0000,2025-10-02 14:46:28 +0000,count/min,68.0,2
HKQuantityTypeIdentifierHeartRate,PhysTrax Apple Watch,11.6.1,"Watch7,1","<<HKDevice: 0x133e951a0>, name:Apple Watch, manufacturer:Apple Inc., model:Watch, hardware:Watch7,1, software:11.6.1, creation date:2025-09-13 14:18:16 +0000>",2025-10-02 14:46:36 +0000,2025-10-02 14:46:36 +0000,count/min,70.0,2
HKQuantityTypeIdentifierHeartRate,PhysTrax Apple Watch,11.6.1,"Watch7,1","<<HKDevice: 0x133e951a0>, name:Apple Watch, manufacturer:Apple Inc., model:Watch, hardware:Watch7,1, software:11.6.1, creation date:2025-09-13 14:18:16 +0000>",2025-10-02 14:46:39 +0000,2025-10-02 14:46:39 +0000,count/min,70.0,2
HKQuantityTypeIdentifierHeartRate,PhysTrax Apple Watch,11.6.1,"Watch7,1","<<HKDevice: 0x133e951a0>, name:Apple Watch, manufacturer:Apple Inc., model:Watch, hardware:Watch7,1, software:11.6.1, creation date:2025-09-13 14:18:16 +0000>",2025-10-02 14:46:43 +0000,2025-10-02 14:46:43 +0000,count/min,70.0,2
HKQuantityTypeIdentifierHeartRate,PhysTrax Apple Watch,11.6.1,"Watch7,1","<<HKDevice: 0x133e951a0>, name:Apple Watch, manufacturer:Apple Inc., model:Watch, hardware:Watch7,1, software:11.6.1, creation date:2025-09-13 14:18:16 +0000>",2025-10-02 14:46:52 +0000,2025-10-02 14:46:52 +0000,count/min,68.0,2
HKQuantityTypeIdentifierHeartRate,PhysTrax Apple Watch,11.6.1,"Watch7,1","<<HKDevice: 0x133e951a0>, name:Apple Watch, manufacturer:Apple Inc., model:Watch, hardware:Watch7,1, software:11.6.1, creation date:2025-09-13 14:18:16 +0000>",2025-10-02 14:46:54 +0000,2025-10-02 14:46:54 +0000,count/min,67.0,2
HKQuantityTypeIdentifierHeartRate,PhysTrax Apple Watch,11.6.1,"Watch7,1","<<HKDevice: 0x133e951a0>, name:Apple Watch, manufacturer:Apple Inc., model:Watch, hardware:Watch7,1, software:11.6.1, creation date:2025-09-13 14:18:16 +0000>",2025-10-02 14:46:59 +0000,2025-10-02 14:46:59 +0000,count/min,66.0,2
HKQuantityTypeIdentifierHeartRate,PhysTrax Apple Watch,11.6.1,"Watch7,1","<<HKDevice: 0x133e951a0>, name:Apple Watch, manufacturer:Apple Inc., model:Watch, hardware:Watch7,1, software:11.6.1, creation date:2025-09-13 14:18:16 +0000>",2025-10-02 14:47:05 +0000,2025-10-02 14:47:05 +0000,count/min,66.0,2
HKQuantityTypeIdentifierHeartRate,PhysTrax Apple Watch,11.6.1,"Watch7,1","<<HKDevice: 0x133e951a0>, name:Apple Watch, manufacturer:Apple Inc., model:Watch, hardware:Watch7,1, software:11.6.1, creation date:2025-09-13 14:18:16 +0000>",2025-10-02 14:47:08 +0000,2025-10-02 14:47:08 +0000,count/min,66.0,2
HKQuantityTypeIdentifierHeartRate,PhysTrax Apple Watch,11.6.1,"Watch7,1","<<HKDevice: 0x133e951a0>, name:Apple Watch, manufacturer:Apple Inc., model:Watch, hardware:Watch7,1, software:11.6.1, creation date:2025-09-13 14:18:16 +0000>",2025-10-02 14:47:15 +0000,2025-10-02 14:47:15 +0000,count/min,65.0,2
HKQuantityTypeIdentifierHeartRate,PhysTrax Apple Watch,11.6.1,"Watch7,1","<<HKDevice: 0x133e951a0>, name:Apple Watch, manufacturer:Apple Inc., model:Watch, hardware:Watch7,1, software:11.6.1, creation date:2025-09-13 14:18:16 +0000>",2025-10-02 14:47:19 +0000,2025-10-02 14:47:19 +0000,count/min,65.0,2
HKQuantityTypeIdentifierHeartRate,PhysTrax Apple Watch,11.6.1,"Watch7,1","<<HKDevice: 0x133e951a0>, name:Apple Watch, manufacturer:Apple Inc., model:Watch, hardware:Watch7,1, software:11.6.1, creation date:2025-09-13 14:18:16 +0000>",2025-10-02 14:47:26 +0000,2025-10-02 14:47:26 +0000,count/min,67.0,2
HKQuantityTypeIdentifierHeartRate,PhysTrax Apple Watch,11.6.1,"Watch7,1","<<HKDevice: 0x133e951a0>, name:Apple Watch, manufacturer:Apple Inc., model:Watch, hardware:Watch7,1, software:11.6.1, creation date:2025-09-13 14:18:16 +0000>",2025-10-02 14:47:28 +0000,2025-10-02 14:47:28 +0000,count/min,68.0,2
HKQuantityTypeIdentifierHeartRate,PhysTrax Apple Watch,11.6.1,"Watch7,1","<<HKDevice: 0x133e951a0>, name:Apple Watch, manufacturer:Apple Inc., model:Watch, hardware:Watch7,1, software:11.6.1, creation date:2025-09-13 14:18:16 +0000>",2025-10-02 14:47:33 +0000,2025-10-02 14:47:33 +0000,count/min,69.0,2
HKQuantityTypeIdentifierHeartRate,PhysTrax Apple Watch,11.6.1,"Watch7,1","<<HKDevice: 0x133e95380>, name:Apple Watch, manufacturer:Apple Inc., model:Watch, hardware:Watch7,1, software:11.6.1, creation date:2025-09-13 14:18:16 +0000>",2025-10-02 14:47:42 +0000,2025-10-02 14:47:42 +0000,count/min,64.0,2
HKQuantityTypeIdentifierHeartRate,PhysTrax Apple Watch,11.6.1,"Watch7,1","<<HKDevice: 0x133e95380>, name:Apple Watch, manufacturer:Apple Inc., model:Watch, hardware:Watch7,1, software:11.6.1, creation date:2025-09-13 14:18:16 +0000>",2025-10-02 14:47:46 +0000,2025-10-02 14:47:46 +0000,count/min,63.0,2
HKQuantityTypeIdentifierHeartRate,PhysTrax Apple Watch,11.6.1,"Watch7,1","<<HKDevice: 0x133e95380>, name:Apple Watch, manufacturer:Apple Inc., model:Watch, hardware:Watch7,1, software:11.6.1, creation date:2025-09-13 14:18:16 +0000>",2025-10-02 14:47:50 +0000,2025-10-02 14:47:50 +0000,count/min,62.00000000000001,2
HKQuantityTypeIdentifierHeartRate,PhysTrax Apple Watch,11.6.1,"Watch7,1","<<HKDevice: 0x133e95380>, name:Apple Watch, manufacturer:Apple Inc., model:Watch, hardware:Watch7,1, software:11.6.1, creation date:2025-09-13 14:18:16 +0000>",2025-10-02 14:47:56 +0000,2025-10-02 14:47:56 +0000,count/min,62.00000000000001,2
HKQuantityTypeIdentifierHeartRate,PhysTrax Apple Watch,11.6.1,"Watch7,1","<<HKDevice: 0x133e95380>, name:Apple Watch, manufacturer:Apple Inc., model:Watch, hardware:Watch7,1, software:11.6.1, creation date:2025-09-13 14:18:16 +0000>",2025-10-02 14:47:58 +0000,2025-10-02 14:47:58 +0000,count/min,62.00000000000001,2
HKQuantityTypeIdentifierHeartRate,PhysTrax Apple Watch,11.6.1,"Watch7,1","<<HKDevice: 0x133e95380>, name:Apple Watch, manufacturer:Apple Inc., model:Watch, hardware:Watch7,1, software:11.6.1, creation date:2025-09-13 14:18:16 +0000>",2025-10-02 14:48:05 +0000,2025-10-02 14:48:05 +0000,count/min,66.0,2
HKQuantityTypeIdentifierHeartRate,PhysTrax Apple Watch,11.6.1,"Watch7,1","<<HKDevice: 0x133e95380>, name:Apple Watch, manufacturer:Apple Inc., model:Watch, hardware:Watch7,1, software:11.6.1, creation date:2025-09-13 14:18:16 +0000>",2025-10-02 14:48:11 +0000,2025-10-02 14:48:11 +0000,count/min,64.0,2
HKQuantityTypeIdentifierHeartRate,PhysTrax Apple Watch,11.6.1,"Watch7,1","<<HKDevice: 0x133e95380>, name:Apple Watch, manufacturer:Apple Inc., model:Watch, hardware:Watch7,1, software:11.6.1, creation date:2025-09-13 14:18:16 +0000>",2025-10-02 14:48:16 +0000,2025-10-02 14:48:16 +0000,count/min,62.00000000000001,2
HKQuantityTypeIdentifierHeartRate,PhysTrax Apple Watch,11.6.1,"Watch7,1","<<HKDevice: 0x133e95380>, name:Apple Watch, manufacturer:Apple Inc., model:Watch, hardware:Watch7,1, software:11.6.1, creation date:2025-09-13 14:18:16 +0000>",2025-10-02 14:48:20 +0000,2025-10-02 14:48:20 +0000,count/min,63.0,2
HKQuantityTypeIdentifierHeartRate,PhysTrax Apple Watch,11.6.1,"Watch7,1","<<HKDevice: 0x133e95380>, name:Apple Watch, manufacturer:Apple Inc., model:Watch, hardware:Watch7,1, software:11.6.1, creation date:2025-09-13 14:18:16 +0000>",2025-10-02 14:48:24 +0000,2025-10-02 14:48:24 +0000,count/min,64.0,2
HKQuantityTypeIdentifierHeartRate,PhysTrax Apple Watch,11.6.1,"Watch7,1","<<HKDevice: 0x133e95380>, name:Apple Watch, manufacturer:Apple Inc., model:Watch, hardware:Watch7,1, software:11.6.1, creation date:2025-09-13 14:18:16 +0000>",2025-10-02 14:48:32 +0000,2025-10-02 14:48:32 +0000,count/min,66.0,2
HKQuantityTypeIdentifierHeartRate,PhysTrax Apple Watch,11.6.1,"Watch7,1","<<HKDevice: 0x133e95380>, name:Apple Watch, manufacturer:Apple Inc., model:Watch, hardware:Watch7,1, software:11.6.1, creation date:2025-09-13 14:18:16 +0000>",2025-10-02 14:48:35 +0000,2025-10-02 14:48:35 +0000,count/min,65.0,2
HKQuantityTypeIdentifierHeartRate,PhysTrax Apple Watch,11.6.1,"Watch7,1","<<HKDevice: 0x133e95380>, name:Apple Watch, manufacturer:Apple Inc., model:Watch, hardware:Watch7,1, software:11.6.1, creation date:2025-09-13 14:18:16 +0000>",2025-10-02 14:48:42 +0000,2025-10-02 14:48:42 +0000,count/min,68.0,2
HKQuantityTypeIdentifierHeartRate,PhysTrax Apple Watch,11.6.1,"Watch7,1","<<HKDevice: 0x133e95380>, name:Apple Watch, manufacturer:Apple Inc., model:Watch, hardware:Watch7,1, software:11.6.1, creation date:2025-09-13 14:18:16 +0000>",2025-10-02 14:48:47 +0000,2025-10-02 14:48:47 +0000,count/min,68.0,2
HKQuantityTypeIdentifierHeartRate,PhysTrax Apple Watch,11.6.1,"Watch7,1","<<HKDevice: 0x133e95380>, name:Apple Watch, manufacturer:Apple Inc., model:Watch, hardware:Watch7,1, software:11.6.1, creation date:2025-09-13 14:18:16 +0000>",2025-10-02 14:48:52 +0000,2025-10-02 14:48:52 +0000,count/min,67.0,2
HKQuantityTypeIdentifierHeartRate,PhysTrax Apple Watch,11.6.1,"Watch7,1","<<HKDevice: 0x133e95380>, name:Apple Watch, manufacturer:Apple Inc., model:Watch, hardware:Watch7,1, software:11.6.1, creation date:2025-09-13 14:18:16 +0000>",2025-10-02 14:48:53 +0000,2025-10-02 14:48:53 +0000,count/min,67.0,2
HKQuantityTypeIdentifierHeartRate,PhysTrax Apple Watch,11.6.1,"Watch7,1","<<HKDevice: 0x133e95380>, name:Apple Watch, manufacturer:Apple Inc., model:Watch, hardware:Watch7,1, software:11.6.1, creation date:2025-09-13 14:18:16 +0000>",2025-10-02 14:49:02 +0000,2025-10-02 14:49:02 +0000,count/min,65.0,2
HKQuantityTypeIdentifierHeartRate,PhysTrax Apple Watch,11.6.1,"Watch7,1","<<HKDevice: 0x133e95380>, name:Apple Watch, manufacturer:Apple Inc., model:Watch, hardware:Watch7,1, software:11.6.1, creation date:2025-09-13 14:18:16 +0000>",2025-10-02 14:49:05 +0000,2025-10-02 14:49:05 +0000,count/min,65.0,2
HKQuantityTypeIdentifierHeartRate,PhysTrax Apple Watch,11.6.1,"Watch7,1","<<HKDevice: 0x133e95380>, name:Apple Watch, manufacturer:Apple Inc., model:Watch, hardware:Watch7,1, software:11.6.1, creation date:2025-09-13 14:18:16 +0000>",2025-10-02 14:49:10 +0000,2025-10-02 14:49:10 +0000,count/min,66.0,2
HKQuantityTypeIdentifierHeartRate,PhysTrax Apple Watch,11.6.1,"Watch7,1","<<HKDevice: 0x133e95380>, name:Apple Watch, manufacturer:Apple Inc., model:Watch, hardware:Watch7,1, software:11.6.1, creation date:2025-09-13 14:18:16 +0000>",2025-10-02 14:49:17 +0000,2025-10-02 14:49:17 +0000,count/min,65.0,2
HKQuantityTypeIdentifierHeartRate,PhysTrax Apple Watch,11.6.1,"Watch7,1","<<HKDevice: 0x133e95380>, name:Apple Watch, manufacturer:Apple Inc., model:Watch, hardware:Watch7,1, software:11.6.1, creation date:2025-09-13 14:18:16 +0000>",2025-10-02 14:49:18 +0000,2025-10-02 14:49:18 +0000,count/min,65.0,2
HKQuantityTypeIdentifierHeartRate,PhysTrax Apple Watch,11.6.1,"Watch7,1","<<HKDevice: 0x133e95380>, name:Apple Watch, manufacturer:Apple Inc., model:Watch, hardware:Watch7,1, software:11.6.1, creation date:2025-09-13 14:18:16 +0000>",2025-10-02 14:49:24 +0000,2025-10-02 14:49:24 +0000,count/min,65.0,2
HKQuantityTypeIdentifierHeartRate,PhysTrax Apple Watch,11.6.1,"Watch7,1","<<HKDevice: 0x133e95380>, name:Apple Watch, manufacturer:Apple Inc., model:Watch, hardware:Watch7,1, software:11.6.1, creation date:2025-09-13 14:18:16 +0000>",2025-10-02 14:49:31 +0000,2025-10-02 14:49:31 +0000,count/min,62.00000000000001,2
HKQuantityTypeIdentifierHeartRate,PhysTrax Apple Watch,11.6.1,"Watch7,1","<<HKDevice: 0x133e95380>, name:Apple Watch, manufacturer:Apple Inc., model:Watch, hardware:Watch7,1, software:11.6.1, creation date:2025-09-13 14:18:16 +0000>",2025-10-02 14:49:33 +0000,2025-10-02 14:49:33 +0000,count/min,63.0,2
HKQuantityTypeIdentifierHeartRate,PhysTrax Apple Watch,11.6.1,"Watch7,1","<<HKDevice: 0x133e95380>, name:Apple Watch, manufacturer:Apple Inc., model:Watch, hardware:Watch7,1, software:11.6.1, creation date:2025-09-13 14:18:16 +0000>",2025-10-02 14:49:42 +0000,2025-10-02 14:49:42 +0000,count/min,67.0,2
HKQuantityTypeIdentifierHeartRate,PhysTrax Apple Watch,11.6.1,"Watch7,1","<<HKDevice: 0x133e95380>, name:Apple Watch, manufacturer:Apple Inc., model:Watch, hardware:Watch7,1, software:11.6.1, creation date:2025-09-13 14:18:16 +0000>",2025-10-02 14:49:46 +0000,2025-10-02 14:49:46 +0000,count/min,67.0,2
HKQuantityTypeIdentifierHeartRate,PhysTrax Apple Watch,11.6.1,"Watch7,1","<<HKDevice: 0x133e95380>, name:Apple Watch, manufacturer:Apple Inc., model:Watch, hardware:Watch7,1, software:11.6.1, creation date:2025-09-13 14:18:16 +0000>",2025-10-02 14:49:52 +0000,2025-10-02 14:49:52 +0000,count/min,65.0,2
HKQuantityTypeIdentifierHeartRate,PhysTrax Apple Watch,11.6.1,"Watch7,1","<<HKDevice: 0x133e95380>, name:Apple Watch, manufacturer:Apple Inc., model:Watch, hardware:Watch7,1, software:11.6.1, creation date:2025-09-13 14:18:16 +0000>",2025-10-02 14:49:57 +0000,2025-10-02 14:49:57 +0000,count/min,63.0,2
HKQuantityTypeIdentifierHeartRate,PhysTrax Apple Watch,11.6.1,"Watch7,1","<<HKDevice: 0x133e95380>, name:Apple Watch, manufacturer:Apple Inc., model:Watch, hardware:Watch7,1, software:11.6.1, creation date:2025-09-13 14:18:16 +0000>",2025-10-02 14:49:59 +0000,2025-10-02 14:49:59 +0000,count/min,63.0,2
HKQuantityTypeIdentifierHeartRate,PhysTrax Apple Watch,11.6.1,"Watch7,1","<<HKDevice: 0x133e95380>, name:Apple Watch, manufacturer:Apple Inc., model:Watch, hardware:Watch7,1, software:11.6.1, creation date:2025-09-13 14:18:16 +0000>",2025-10-02 14:50:03 +0000,2025-10-02 14:50:03 +0000,count/min,63.0,2
HKQuantityTypeIdentifierHeartRate,PhysTrax Apple Watch,11.6.1,"Watch7,1","<<HKDevice: 0x133e95380>, name:Apple Watch, manufacturer:Apple Inc., model:Watch, hardware:Watch7,1, software:11.6.1, creation date:2025-09-13 14:18:16 +0000>",2025-10-02 14:50:10 +0000,2025-10-02 14:50:10 +0000,count/min,65.0,2
HKQuantityTypeIdentifierHeartRate,PhysTrax Apple Watch,11.6.1,"Watch7,1","<<HKDevice: 0x133e95380>, name:Apple Watch, manufacturer:Apple Inc., model:Watch, hardware:Watch7,1, software:11.6.1, creation date:2025-09-13 14:18:16 +0000>",2025-10-02 14:50:14 +0000,2025-10-02 14:50:14 +0000,count/min,63.0,2
HKQuantityTypeIdentifierHeartRate,PhysTrax Apple Watch,11.6.1,"Watch7,1","<<HKDevice: 0x133e95380>, name:Apple Watch, manufacturer:Apple Inc., model:Watch, hardware:Watch7,1, software:11.6.1, creation date:2025-09-13 14:18:16 +0000>",2025-10-02 14:50:18 +0000,2025-10-02 14:50:18 +0000,count/min,63.0,2
HKQuantityTypeIdentifierHeartRate,PhysTrax Apple Watch,11.6.1,"Watch7,1","<<HKDevice: 0x133e95380>, name:Apple Watch, manufacturer:Apple Inc., model:Watch, hardware:Watch7,1, software:11.6.1, creation date:2025-09-13 14:18:16 +0000>",2025-10-02 14:50:26 +0000,2025-10-02 14:50:26 +0000,count/min,61.0,2
HKQuantityTypeIdentifierHeartRate,PhysTrax Apple Watch,11.6.1,"Watch7,1","<<HKDevice: 0x133e95380>, name:Apple Watch, manufacturer:Apple Inc., model:Watch, hardware:Watch7,1, software:11.6.1, creation date:2025-09-13 14:18:16 +0000>",2025-10-02 14:50:31 +0000,2025-10-02 14:50:31 +0000,count/min,62.00000000000001,2
HKQuantityTypeIdentifierHeartRate,PhysTrax Apple Watch,11.6.1,"Watch7,1","<<HKDevice: 0x133e95380>, name:Apple Watch, manufacturer:Apple Inc., model:Watch, hardware:Watch7,1, software:11.6.1, creation date:2025-09-13 14:18:16 +0000>",2025-10-02 14:50:33 +0000,2025-10-02 14:50:33 +0000,count/min,63.0,2
HKQuantityTypeIdentifierHeartRate,PhysTrax Apple Watch,11.6.1,"Watch7,1","<<HKDevice: 0x133e95380>, name:Apple Watch, manufacturer:Apple Inc., model:Watch, hardware:Watch7,1, software:11.6.1, creation date:2025-09-13 14:18:16 +0000>",2025-10-02 14:50:41 +0000,2025-10-02 14:50:41 +0000,count/min,66.0,2
HKQuantityTypeIdentifierHeartRate,PhysTrax Apple Watch,11.6.1,"Watch7,1","<<HKDevice: 0x133e95380>, name:Apple Watch, manufacturer:Apple Inc., model:Watch, hardware:Watch7,1, software:11.6.1, creation date:2025-09-13 14:18:16 +0000>",2025-10-02 14:50:46 +0000,2025-10-02 14:50:46 +0000,count/min,67.0,2
HKQuantityTypeIdentifierHeartRate,PhysTrax Apple Watch,11.6.1,"Watch7,1","<<HKDevice: 0x133e95380>, name:Apple Watch, manufacturer:Apple Inc., model:Watch, hardware:Watch7,1, software:11.6.1, creation date:2025-09-13 14:18:16 +0000>",2025-10-02 14:50:48 +0000,2025-10-02 14:50:48 +0000,count/min,67.0,2
HKQuantityTypeIdentifierHeartRate,PhysTrax Apple Watch,11.6.1,"Watch7,1","<<HKDevice: 0x133e95380>, name:Apple Watch, manufacturer:Apple Inc., model:Watch, hardware:Watch7,1, software:11.6.1, creation date:2025-09-13 14:18:16 +0000>",2025-10-02 14:50:55 +0000,2025-10-02 14:50:55 +0000,count/min,69.0,2
HKQuantityTypeIdentifierHeartRate,PhysTrax Apple Watch,11.6.1,"Watch7,1","<<HKDevice: 0x133e95380>, name:Apple Watch, manufacturer:Apple Inc., model:Watch, hardware:Watch7,1, software:11.6.1, creation date:2025-09-13 14:18:16 +0000>",2025-10-02 14:50:58 +0000,2025-10-02 14:50:58 +0000,count/min,69.0,2
HKQuantityTypeIdentifierHeartRate,PhysTrax Apple Watch,11.6.1,"Watch7,1","<<HKDevice: 0x133e95380>, name:Apple Watch, manufacturer:Apple Inc., model:Watch, hardware:Watch7,1, software:11.6.1, creation date:2025-09-13 14:18:16 +0000>",2025-10-02 14:51:06 +0000,2025-10-02 14:51:06 +0000,count/min,74.0,2
HKQuantityTypeIdentifierHeartRate,PhysTrax Apple Watch,11.6.1,"Watch7,1","<<HKDevice: 0x133e95380>, name:Apple Watch, manufacturer:Apple Inc., model:Watch, hardware:Watch7,1, software:11.6.1, creation date:2025-09-13 14:18:16 +0000>",2025-10-02 14:51:08 +0000,2025-10-02 14:51:08 +0000,count/min,73.0,2
HKQuantityTypeIdentifierHeartRate,PhysTrax Apple Watch,11.6.1,"Watch7,1","<<HKDevice: 0x133e95380>, name:Apple Watch, manufacturer:Apple Inc., model:Watch, hardware:Watch7,1, software:11.6.1, creation date:2025-09-13 14:18:16 +0000>",2025-10-02 14:51:17 +0000,2025-10-02 14:51:17 +0000,count/min,67.0,2
HKQuantityTypeIdentifierHeartRate,PhysTrax Apple Watch,11.6.1,"Watch7,1","<<HKDevice: 0x133e95380>, name:Apple Watch, manufacturer:Apple Inc., model:Watch, hardware:Watch7,1, software:11.6.1, creation date:2025-09-13 14:18:16 +0000>",2025-10-02 14:51:21 +0000,2025-10-02 14:51:21 +0000,count/min,66.0,2
HKQuantityTypeIdentifierHeartRate,PhysTrax Apple Watch,11.6.1,"Watch7,1","<<HKDevice: 0x133e95380>, name:Apple Watch, manufacturer:Apple Inc., model:Watch, hardware:Watch7,1, software:11.6.1, creation date:2025-09-13 14:18:16 +0000>",2025-10-02 14:51:26 +0000,2025-10-02 14:51:26 +0000,count/min,64.0,2
HKQuantityTypeIdentifierHeartRate,PhysTrax Apple Watch,11.6.1,"Watch7,1","<<HKDevice: 0x133e95380>, name:Apple Watch, manufacturer:Apple Inc., model:Watch, hardware:Watch7,1, software:11.6.1, creation date:2025-09-13 14:18:16 +0000>",2025-10-02 14:51:29 +0000,2025-10-02 14:51:29 +0000,count/min,64.0,2
HKQuantityTypeIdentifierHeartRate,PhysTrax Apple Watch,11.6.1,"Watch7,1","<<HKDevice: 0x133e95380>, name:Apple Watch, manufacturer:Apple Inc., model:Watch, hardware:Watch7,1, software:11.6.1, creation date:2025-09-13 14:18:16 +0000>",2025-10-02 14:51:37 +0000,2025-10-02 14:51:37 +0000,count/min,70.0,2
HKQuantityTypeIdentifierHeartRate,PhysTrax Apple Watch,11.6.1,"Watch7,1","<<HKDevice: 0x133e95380>, name:Apple Watch, manufacturer:Apple Inc., model:Watch, hardware:Watch7,1, software:11.6.1, creation date:2025-09-13 14:18:16 +0000>",2025-10-02 14:51:42 +0000,2025-10-02 14:51:42 +0000,count/min,68.0,2
HKQuantityTypeIdentifierHeartRate,PhysTrax Apple Watch,11.6.1,"Watch7,1","<<HKDevice: 0x133e95380>, name:Apple Watch, manufacturer:Apple Inc., model:Watch, hardware:Watch7,1, software:11.6.1, creation date:2025-09-13 14:18:16 +0000>",2025-10-02 14:51:46 +0000,2025-10-02 14:51:46 +0000,count/min,65.0,2
HKQuantityTypeIdentifierHeartRate,PhysTrax Apple Watch,11.6.1,"Watch7,1","<<HKDevice: 0x133e95380>, name:Apple Watch, manufacturer:Apple Inc., model:Watch, hardware:Watch7,1, software:11.6.1, creation date:2025-09-13 14:18:16 +0000>",2025-10-02 14:51:52 +0000,2025-10-02 14:51:52 +0000,count/min,65.0,2
HKQuantityTypeIdentifierHeartRate,PhysTrax Apple Watch,11.6.1,"Watch7,1","<<HKDevice: 0x133e95380>, name:Apple Watch, manufacturer:Apple Inc., model:Watch, hardware:Watch7,1, software:11.6.1, creation date:2025-09-13 14:18:16 +0000>",2025-10-02 14:51:54 +0000,2025-10-02 14:51:54 +0000,count/min,65.0,2
HKQuantityTypeIdentifierHeartRate,PhysTrax Apple Watch,11.6.1,"Watch7,1","<<HKDevice: 0x133e95380>, name:Apple Watch, manufacturer:Apple Inc., model:Watch, hardware:Watch7,1, software:11.6.1, creation date:2025-09-13 14:18:16 +0000>",2025-10-02 14:52:02 +0000,2025-10-02 14:52:02 +0000,count/min,63.0,2
HKQuantityTypeIdentifierHeartRate,PhysTrax Apple Watch,11.6.1,"Watch7,1","<<HKDevice: 0x133e95380>, name:Apple Watch, manufacturer:Apple Inc., model:Watch, hardware:Watch7,1, software:11.6.1, creation date:2025-09-13 14:18:16 +0000>",2025-10-02 14:52:06 +0000,2025-10-02 14:52:06 +0000,count/min,63.0,2
HKQuantityTypeIdentifierHeartRate,PhysTrax Apple Watch,11.6.1,"Watch7,1","<<HKDevice: 0x133e95380>, name:Apple Watch, manufacturer:Apple Inc., model:Watch, hardware:Watch7,1, software:11.6.1, creation date:2025-09-13 14:18:16 +0000>",2025-10-02 14:52:09 +0000,2025-10-02 14:52:09 +0000,count/min,63.0,2
HKQuantityTypeIdentifierHeartRate,PhysTrax Apple Watch,11.6.1,"Watch7,1","<<HKDevice: 0x133e95380>, name:Apple Watch, manufacturer:Apple Inc., model:Watch, hardware:Watch7,1, software:11.6.1, creation date:2025-09-13 14:18:16 +0000>",2025-10-02 14:52:13 +0000,2025-10-02 14:52:13 +0000,count/min,64.0,2
HKQuantityTypeIdentifierHeartRate,PhysTrax Apple Watch,11.6.1,"Watch7,1","<<HKDevice: 0x133e95380>, name:Apple Watch, manufacturer:Apple Inc., model:Watch, hardware:Watch7,1, software:11.6.1, creation date:2025-09-13 14:18:16 +0000>",2025-10-02 14:52:18 +0000,2025-10-02 14:52:18 +0000,count/min,67.0,2
HKQuantityTypeIdentifierHeartRate,PhysTrax Apple Watch,11.6.1,"Watch7,1","<<HKDevice: 0x133e95380>, name:Apple Watch, manufacturer:Apple Inc., model:Watch, hardware:Watch7,1, software:11.6.1, creation date:2025-09-13 14:18:16 +0000>",2025-10-02 14:52:27 +0000,2025-10-02 14:52:27 +0000,count/min,62.00000000000001,2
HKQuantityTypeIdentifierHeartRate,PhysTrax Apple Watch,11.6.1,"Watch7,1","<<HKDevice: 0x133e95380>, name:Apple Watch, manufacturer:Apple Inc., model:Watch, hardware:Watch7,1, software:11.6.1, creation date:2025-09-13 14:18:16 +0000>",2025-10-02 14:52:28 +0000,2025-10-02 14:52:28 +0000,count/min,63.0,2
HKQuantityTypeIdentifierHeartRate,PhysTrax Apple Watch,11.6.1,"Watch7,1","<<HKDevice: 0x133e95380>, name:Apple Watch, manufacturer:Apple Inc., model:Watch, hardware:Watch7,1, software:11.6.1, creation date:2025-09-13 14:18:16 +0000>",2025-10-02 14:52:33 +0000,2025-10-02 14:52:33 +0000,count/min,64.0,2
HKQuantityTypeIdentifierHeartRate,PhysTrax Apple Watch,11.6.1,"Watch7,1","<<HKDevice: 0x133e95380>, name:Apple Watch, manufacturer:Apple Inc., model:Watch, hardware:Watch7,1, software:11.6.1, creation date:2025-09-13 14:18:16 +0000>",2025-10-02 14:52:42 +0000,2025-10-02 14:52:42 +0000,count/min,65.0,2
HKQuantityTypeIdentifierHeartRate,PhysTrax Apple Watch,11.6.1,"Watch7,1","<<HKDevice: 0x133e95380>, name:Apple Watch, manufacturer:Apple Inc., model:Watch, hardware:Watch7,1, software:11.6.1, creation date:2025-09-13 14:18:16 +0000>",2025-10-02 14:52:46 +0000,2025-10-02 14:52:46 +0000,count/min,64.0,2
HKQuantityTypeIdentifierHeartRate,PhysTrax Apple Watch,11.6.1,"Watch7,1","<<HKDevice: 0x133e95380>, name:Apple Watch, manufacturer:Apple Inc., model:Watch, hardware:Watch7,1, software:11.6.1, creation date:2025-09-13 14:18:16 +0000>",2025-10-02 14:52:49 +0000,2025-10-02 14:52:49 +0000,count/min,64.0,2
HKQuantityTypeIdentifierHeartRate,PhysTrax Apple Watch,11.6.1,"Watch7,1","<<HKDevice: 0x133e95380>, name:Apple Watch, manufacturer:Apple Inc., model:Watch, hardware:Watch7,1, software:11.6.1, creation date:2025-09-13 14:18:16 +0000>",2025-10-02 14:52:57 +0000,2025-10-02 14:52:57 +0000,count/min,64.0,2
HKQuantityTypeIdentifierHeartRate,PhysTrax Apple Watch,11.6.1,"Watch7,1","<<HKDevice: 0x133e95380>, name:Apple Watch, manufacturer:Apple Inc., model:Watch, hardware:Watch7,1, software:11.6.1, creation date:2025-09-13 14:18:16 +0000>",2025-10-02 14:53:01 +0000,2025-10-02 14:53:01 +0000,count/min,63.0,2
HKQuantityTypeIdentifierHeartRate,PhysTrax Apple Watch,11.6.1,"Watch7,1","<<HKDevice: 0x133e95380>, name:Apple Watch, manufacturer:Apple Inc., model:Watch, hardware:Watch7,1, software:11.6.1, creation date:2025-09-13 14:18:16 +0000>",2025-10-02 14:53:06 +0000,2025-10-02 14:53:06 +0000,count/min,63.0,2
HKQuantityTypeIdentifierHeartRate,PhysTrax Apple Watch,11.6.1,"Watch7,1","<<HKDevice: 0x133e95380>, name:Apple Watch, manufacturer:Apple Inc., model:Watch, hardware:Watch7,1, software:11.6.1, creation date:2025-09-13 14:18:16 +0000>",2025-10-02 14:53:10 +0000,2025-10-02 14:53:10 +0000,count/min,62.00000000000001,2
HKQuantityTypeIdentifierHeartRate,PhysTrax Apple Watch,11.6.1,"Watch7,1","<<HKDevice: 0x133e95380>, name:Apple Watch, manufacturer:Apple Inc., model:Watch, hardware:Watch7,1, software:11.6.1, creation date:2025-09-13 14:18:16 +0000>",2025-10-02 14:53:13 +0000,2025-10-02 14:53:13 +0000,count/min,64.0,2
HKQuantityTypeIdentifierHeartRate,PhysTrax Apple Watch,11.6.1,"Watch7,1","<<HKDevice: 0x133e95380>, name:Apple Watch, manufacturer:Apple Inc., model:Watch, hardware:Watch7,1, software:11.6.1, creation date:2025-09-13 14:18:16 +0000>",2025-10-02 14:53:18 +0000,2025-10-02 14:53:18 +0000,count/min,68.0,2
HKQuantityTypeIdentifierHeartRate,PhysTrax Apple Watch,11.6.1,"Watch7,1","<<HKDevice: 0x133e95380>, name:Apple Watch, manufacturer:Apple Inc., model:Watch, hardware:Watch7,1, software:11.6.1, creation date:2025-09-13 14:18:16 +0000>",2025-10-02 14:53:27 +0000,2025-10-02 14:53:27 +0000,count/min,69.0,2
HKQuantityTypeIdentifierHeartRate,PhysTrax Apple Watch,11.6.1,"Watch7,1","<<HKDevice: 0x133e95380>, name:Apple Watch, manufacturer:Apple Inc., model:Watch, hardware:Watch7,1, software:11.6.1, creation date:2025-09-13 14:18:16 +0000>",2025-10-02 14:53:32 +0000,2025-10-02 14:53:32 +0000,count/min,67.0,2
HKQuantityTypeIdentifierHeartRate,PhysTrax Apple Watch,11.6.1,"Watch7,1","<<HKDevice: 0x133e95380>, name:Apple Watch, manufacturer:Apple Inc., model:Watch, hardware:Watch7,1, software:11.6.1, creation date:2025-09-13 14:18:16 +0000>",2025-10-02 14:53:37 +0000,2025-10-02 14:53:37 +0000,count/min,67.0,2
HKQuantityTypeIdentifierHeartRate,PhysTrax Apple Watch,11.6.1,"Watch7,1","<<HKDevice: 0x133e95380>, name:Apple Watch, manufacturer:Apple Inc., model:Watch, hardware:Watch7,1, software:11.6.1, creation date:2025-09-13 14:18:16 +0000>",2025-10-02 14:53:42 +0000,2025-10-02 14:53:42 +0000,count/min,66.0,2
HKQuantityTypeIdentifierHeartRate,PhysTrax Apple Watch,11.6.1,"Watch7,1","<<HKDevice: 0x133e95380>, name:Apple Watch, manufacturer:Apple Inc., model:Watch, hardware:Watch7,1, software:11.6.1, creation date:2025-09-13 14:18:16 +0000>",2025-10-02 14:53:43 +0000,2025-10-02 14:53:43 +0000,count/min,66.0,2
HKQuantityTypeIdentifierHeartRate,PhysTrax Apple Watch,11.6.1,"Watch7,1","<<HKDevice: 0x133e95380>, name:Apple Watch, manufacturer:Apple Inc., model:Watch, hardware:Watch7,1, software:11.6.1, creation date:2025-09-13 14:18:16 +0000>",2025-10-02 14:53:50 +0000,2025-10-02 14:53:50 +0000,count/min,65.0,2
HKQuantityTypeIdentifierHeartRate,PhysTrax Apple Watch,11.6.1,"Watch7,1","<<HKDevice: 0x133e95380>, name:Apple Watch, manufacturer:Apple Inc., model:Watch, hardware:Watch7,1, software:11.6.1, creation date:2025-09-13 14:18:16 +0000>",2025-10-02 14:53:55 +0000,2025-10-02 14:53:55 +0000,count/min,64.0,2
HKQuantityTypeIdentifierHeartRate,PhysTrax Apple Watch,11.6.1,"Watch7,1","<<HKDevice: 0x133e95380>, name:Apple Watch, manufacturer:Apple Inc., model:Watch, hardware:Watch7,1, software:11.6.1, creation date:2025-09-13 14:18:16 +0000>",2025-10-02 14:54:00 +0000,2025-10-02 14:54:00 +0000,count/min,65.0,2
HKQuantityTypeIdentifierHeartRate,PhysTrax Apple Watch,11.6.1,"Watch7,1","<<HKDevice: 0x133e95380>, name:Apple Watch, manufacturer:Apple Inc., model:Watch, hardware:Watch7,1, software:11.6.1, creation date:2025-09-13 14:18:16 +0000>",2025-10-02 14:54:03 +0000,2025-10-02 14:54:03 +0000,count/min,66.0,2
HKQuantityTypeIdentifierHeartRate,PhysTrax Apple Watch,11.6.1,"Watch7,1","<<HKDevice: 0x133e95380>, name:Apple Watch, manufacturer:Apple Inc., model:Watch, hardware:Watch7,1, software:11.6.1, creation date:2025-09-13 14:18:16 +0000>",2025-10-02 14:54:08 +0000,2025-10-02 14:54:08 +0000,count/min,70.0,2
HKQuantityTypeIdentifierHeartRate,PhysTrax Apple Watch,11.6.1,"Watch7,1","<<HKDevice: 0x133e95380>, name:Apple Watch, manufacturer:Apple Inc., model:Watch, hardware:Watch7,1, software:11.6.1, creation date:2025-09-13 14:18:16 +0000>",2025-10-02 14:54:17 +0000,2025-10-02 14:54:17 +0000,count/min,71.0,2
HKQuantityTypeIdentifierHeartRate,PhysTrax Apple Watch,11.6.1,"Watch7,1","<<HKDevice: 0x133e95380>, name:Apple Watch, manufacturer:Apple Inc., model:Watch, hardware:Watch7,1, software:11.6.1, creation date:2025-09-13 14:18:16 +0000>",2025-10-02 14:54:22 +0000,2025-10-02 14:54:22 +0000,count/min,70.0,2
HKQuantityTypeIdentifierHeartRate,PhysTrax Apple Watch,11.6.1,"Watch7,1","<<HKDevice: 0x133e95380>, name:Apple Watch, manufacturer:Apple Inc., model:Watch, hardware:Watch7,1, software:11.6.1, creation date:2025-09-13 14:18:16 +0000>",2025-10-02 14:54:23 +0000,2025-10-02 14:54:23 +0000,count/min,70.0,2
HKQuantityTypeIdentifierHeartRate,PhysTrax Apple Watch,11.6.1,"Watch7,1","<<HKDevice: 0x133e95380>, name:Apple Watch, manufacturer:Apple Inc., model:Watch, hardware:Watch7,1, software:11.6.1, creation date:2025-09-13 14:18:16 +0000>",2025-10-02 14:54:28 +0000,2025-10-02 14:54:28 +0000,count/min,69.0,2
HKQuantityTypeIdentifierHeartRate,PhysTrax Apple Watch,11.6.1,"Watch7,1","<<HKDevice: 0x133e95380>, name:Apple Watch, manufacturer:Apple Inc., model:Watch, hardware:Watch7,1, software:11.6.1, creation date:2025-09-13 14:18:16 +0000>",2025-10-02 14:54:33 +0000,2025-10-02 14:54:33 +0000,count/min,74.0,2
HKQuantityTypeIdentifierHeartRate,PhysTrax Apple Watch,11.6.1,"Watch7,1","<<HKDevice: 0x133e95380>, name:Apple Watch, manufacturer:Apple Inc., model:Watch, hardware:Watch7,1, software:11.6.1, creation date:2025-09-13 14:18:16 +0000>",2025-10-02 14:54:48 +0000,2025-10-02 14:54:48 +0000,count/min,87.0,2
HKQuantityTypeIdentifierHeartRate,PhysTrax Apple Watch,11.6.1,"Watch7,1","<<HKDevice: 0x133e95380>, name:Apple Watch, manufacturer:Apple Inc., model:Watch, hardware:Watch7,1, software:11.6.1, creation date:2025-09-13 14:18:16 +0000>",2025-10-02 14:55:02 +0000,2025-10-02 14:55:02 +0000,count/min,99.0,2
HKQuantityTypeIdentifierHeartRate,PhysTrax Apple Watch,11.6.1,"Watch7,1","<<HKDevice: 0x133e95380>, name:Apple Watch, manufacturer:Apple Inc., model:Watch, hardware:Watch7,1, software:11.6.1, creation date:2025-09-13 14:18:16 +0000>",2025-10-02 14:55:03 +0000,2025-10-02 14:55:03 +0000,count/min,99.0,2
HKQuantityTypeIdentifierHeartRate,PhysTrax Apple Watch,11.6.1,"Watch7,1","<<HKDevice: 0x133e95380>, name:Apple Watch, manufacturer:Apple Inc., model:Watch, hardware:Watch7,1, software:11.6.1, creation date:2025-09-13 14:18:16 +0000>",2025-10-02 14:55:08 +0000,2025-10-02 14:55:08 +0000,count/min,101.0,2
HKQuantityTypeIdentifierHeartRate,PhysTrax Apple Watch,11.6.1,"Watch7,1","<<HKDevice: 0x133e95380>, name:Apple Watch, manufacturer:Apple Inc., model:Watch, hardware:Watch7,1, software:11.6.1, creation date:2025-09-13 14:18:16 +0000>",2025-10-02 14:55:13 +0000,2025-10-02 14:55:13 +0000,count/min,101.0,2
HKQuantityTypeIdentifierHeartRate,PhysTrax Apple Watch,11.6.1,"Watch7,1","<<HKDevice: 0x133e95380>, name:Apple Watch, manufacturer:Apple Inc., model:Watch, hardware:Watch7,1, software:11.6.1, creation date:2025-09-13 14:18:16 +0000>",2025-10-02 14:55:18 +0000,2025-10-02 14:55:18 +0000,count/min,99.0,2
HKQuantityTypeIdentifierHeartRate,PhysTrax Apple Watch,11.6.1,"Watch7,1","<<HKDevice: 0x133e95380>, name:Apple Watch, manufacturer:Apple Inc., model:Watch, hardware:Watch7,1, software:11.6.1, creation date:2025-09-13 14:18:16 +0000>",2025-10-02 14:55:30 +0000,2025-10-02 14:55:30 +0000,count/min,93.0,2
HKQuantityTypeIdentifierHeartRate,PhysTrax Apple Watch,11.6.1,"Watch7,1","<<HKDevice: 0x133e95380>, name:Apple Watch, manufacturer:Apple Inc., model:Watch, hardware:Watch7,1, software:11.6.1, creation date:2025-09-13 14:18:16 +0000>",2025-10-02 14:55:37 +0000,2025-10-02 14:55:37 +0000,count/min,82.0,2
HKQuantityTypeIdentifierHeartRate,PhysTrax Apple Watch,11.6.1,"Watch7,1","<<HKDevice: 0x133e95380>, name:Apple Watch, manufacturer:Apple Inc., model:Watch, hardware:Watch7,1, software:11.6.1, creation date:2025-09-13 14:18:16 +0000>",2025-10-02 14:55:42 +0000,2025-10-02 14:55:42 +0000,count/min,76.0,2
HKQuantityTypeIdentifierHeartRate,PhysTrax Apple Watch,11.6.1,"Watch7,1","<<HKDevice: 0x133e95380>, name:Apple Watch, manufacturer:Apple Inc., model:Watch, hardware:Watch7,1, software:11.6.1, creation date:2025-09-13 14:18:16 +0000>",2025-10-02 14:55:47 +0000,2025-10-02 14:55:47 +0000,count/min,74.0,2
HKQuantityTypeIdentifierHeartRate,PhysTrax Apple Watch,11.6.1,"Watch7,1","<<HKDevice: 0x133e95380>, name:Apple Watch, manufacturer:Apple Inc., model:Watch, hardware:Watch7,1, software:11.6.1, creation date:2025-09-13 14:18:16 +0000>",2025-10-02 14:55:52 +0000,2025-10-02 14:55:52 +0000,count/min,70.0,2
HKQuantityTypeIdentifierHeartRate,PhysTrax Apple Watch,11.6.1,"Watch7,1","<<HKDevice: 0x133e95380>, name:Apple Watch, manufacturer:Apple Inc., model:Watch, hardware:Watch7,1, software:11.6.1, creation date:2025-09-13 14:18:16 +0000>",2025-10-02 14:55:57 +0000,2025-10-02 14:55:57 +0000,count/min,69.0,2
HKQuantityTypeIdentifierHeartRate,PhysTrax Apple Watch,11.6.1,"Watch7,1","<<HKDevice: 0x133e95380>, name:Apple Watch, manufacturer:Apple Inc., model:Watch, hardware:Watch7,1, software:11.6.1, creation date:2025-09-13 14:18:16 +0000>",2025-10-02 14:55:58 +0000,2025-10-02 14:55:58 +0000,count/min,69.0,2
HKQuantityTypeIdentifierHeartRate,PhysTrax Apple Watch,11.6.1,"Watch7,1","<<HKDevice: 0x133e95380>, name:Apple Watch, manufacturer:Apple Inc., model:Watch, hardware:Watch7,1, software:11.6.1, creation date:2025-09-13 14:18:16 +0000>",2025-10-02 14:56:07 +0000,2025-10-02 14:56:07 +0000,count/min,69.0,2
HKQuantityTypeIdentifierHeartRate,PhysTrax Apple Watch,11.6.1,"Watch7,1","<<HKDevice: 0x133e95380>, name:Apple Watch, manufacturer:Apple Inc., model:Watch, hardware:Watch7,1, software:11.6.1, creation date:2025-09-13 14:18:16 +0000>",2025-10-02 14:56:11 +0000,2025-10-02 14:56:11 +0000,count/min,69.0,2
HKQuantityTypeIdentifierHeartRate,PhysTrax Apple Watch,11.6.1,"Watch7,1","<<HKDevice: 0x133e95380>, name:Apple Watch, manufacturer:Apple Inc., model:Watch, hardware:Watch7,1, software:11.6.1, creation date:2025-09-13 14:18:16 +0000>",2025-10-02 14:56:13 +0000,2025-10-02 14:56:13 +0000,count/min,69.0,2
HKQuantityTypeIdentifierHeartRate,PhysTrax Apple Watch,11.6.1,"Watch7,1","<<HKDevice: 0x133e95380>, name:Apple Watch, manufacturer:Apple Inc., model:Watch, hardware:Watch7,1, software:11.6.1, creation date:2025-09-13 14:18:16 +0000>",2025-10-02 14:56:20 +0000,2025-10-02 14:56:20 +0000,count/min,69.0,2
HKQuantityTypeIdentifierHeartRate,PhysTrax Apple Watch,11.6.1,"Watch7,1","<<HKDevice: 0x133e95380>, name:Apple Watch, manufacturer:Apple Inc., model:Watch, hardware:Watch7,1, software:11.6.1, creation date:2025-09-13 14:18:16 +0000>",2025-10-02 14:56:25 +0000,2025-10-02 14:56:25 +0000,count/min,67.0,2
HKQuantityTypeIdentifierHeartRate,PhysTrax Apple Watch,11.6.1,"Watch7,1","<<HKDevice: 0x133e95380>, name:Apple Watch, manufacturer:Apple Inc., model:Watch, hardware:Watch7,1, software:11.6.1, creation date:2025-09-13 14:18:16 +0000>",2025-10-02 14:56:30 +0000,2025-10-02 14:56:30 +0000,count/min,64.0,2
HKQuantityTypeIdentifierHeartRate,PhysTrax Apple Watch,11.6.1,"Watch7,1","<<HKDevice: 0x133e95380>, name:Apple Watch, manufacturer:Apple Inc., model:Watch, hardware:Watch7,1, software:11.6.1, creation date:2025-09-13 14:18:16 +0000>",2025-10-02 14:56:33 +0000,2025-10-02 14:56:33 +0000,count/min,64.0,2
HKQuantityTypeIdentifierHeartRate,PhysTrax Apple Watch,11.6.1,"Watch7,1","<<HKDevice: 0x133e95380>, name:Apple Watch, manufacturer:Apple Inc., model:Watch, hardware:Watch7,1, software:11.6.1, creation date:2025-09-13 14:18:16 +0000>",2025-10-02 14:56:42 +0000,2025-10-02 14:56:42 +0000,count/min,64.0,2
HKQuantityTypeIdentifierHeartRate,PhysTrax Apple Watch,11.6.1,"Watch7,1","<<HKDevice: 0x133e95380>, name:Apple Watch, manufacturer:Apple Inc., model:Watch, hardware:Watch7,1, software:11.6.1, creation date:2025-09-13 14:18:16 +0000>",2025-10-02 14:56:44 +0000,2025-10-02 14:56:44 +0000,count/min,65.0,2
HKQuantityTypeIdentifierHeartRate,PhysTrax Apple Watch,11.6.1,"Watch7,1","<<HKDevice: 0x133e95380>, name:Apple Watch, manufacturer:Apple Inc., model:Watch, hardware:Watch7,1, software:11.6.1, creation date:2025-09-13 14:18:16 +0000>",2025-10-02 14:56:48 +0000,2025-10-02 14:56:48 +0000,count/min,65.0,2
HKQuantityTypeIdentifierHeartRate,PhysTrax Apple Watch,11.6.1,"Watch7,1","<<HKDevice: 0x133e95380>, name:Apple Watch, manufacturer:Apple Inc., model:Watch, hardware:Watch7,1, software:11.6.1, creation date:2025-09-13 14:18:16 +0000>",2025-10-02 14:56:57 +0000,2025-10-02 14:56:57 +0000,count/min,69.0,2
HKQuantityTypeIdentifierHeartRate,PhysTrax Apple Watch,11.6.1,"Watch7,1","<<HKDevice: 0x133e95380>, name:Apple Watch, manufacturer:Apple Inc., model:Watch, hardware:Watch7,1, software:11.6.1, creation date:2025-09-13 14:18:16 +0000>",2025-10-02 14:57:02 +0000,2025-10-02 14:57:02 +0000,count/min,65.0,2
HKQuantityTypeIdentifierHeartRate,PhysTrax Apple Watch,11.6.1,"Watch7,1","<<HKDevice: 0x133e95380>, name:Apple Watch, manufacturer:Apple Inc., model:Watch, hardware:Watch7,1, software:11.6.1, creation date:2025-09-13 14:18:16 +0000>",2025-10-02 14:57:07 +0000,2025-10-02 14:57:07 +0000,count/min,61.0,2
HKQuantityTypeIdentifierHeartRate,PhysTrax Apple Watch,11.6.1,"Watch7,1","<<HKDevice: 0x133e95380>, name:Apple Watch, manufacturer:Apple Inc., model:Watch, hardware:Watch7,1, software:11.6.1, creation date:2025-09-13 14:18:16 +0000>",2025-10-02 14:57:10 +0000,2025-10-02 14:57:10 +0000,count/min,61.0,2
HKQuantityTypeIdentifierHeartRate,PhysTrax Apple Watch,11.6.1,"Watch7,1","<<HKDevice: 0x133e95380>, name:Apple Watch, manufacturer:Apple Inc., model:Watch, hardware:Watch7,1, software:11.6.1, creation date:2025-09-13 14:18:16 +0000>",2025-10-02 14:57:13 +0000,2025-10-02 14:57:13 +0000,count/min,63.0,2
HKQuantityTypeIdentifierHeartRate,PhysTrax Apple Watch,11.6.1,"Watch7,1","<<HKDevice: 0x133e95380>, name:Apple Watch, manufacturer:Apple Inc., model:Watch, hardware:Watch7,1, software:11.6.1, creation date:2025-09-13 14:18:16 +0000>",2025-10-02 14:57:22 +0000,2025-10-02 14:57:22 +0000,count/min,62.00000000000001,2
HKQuantityTypeIdentifierHeartRate,PhysTrax Apple Watch,11.6.1,"Watch7,1","<<HKDevice: 0x133e95380>, name:Apple Watch, manufacturer:Apple Inc., model:Watch, hardware:Watch7,1, software:11.6.1, creation date:2025-09-13 14:18:16 +0000>",2025-10-02 14:57:27 +0000,2025-10-02 14:57:27 +0000,count/min,59.0,2
HKQuantityTypeIdentifierHeartRate,PhysTrax Apple Watch,11.6.1,"Watch7,1","<<HKDevice: 0x133e95380>, name:Apple Watch, manufacturer:Apple Inc., model:Watch, hardware:Watch7,1, software:11.6.1, creation date:2025-09-13 14:18:16 +0000>",2025-10-02 14:57:32 +0000,2025-10-02 14:57:32 +0000,count/min,58.0,2
HKQuantityTypeIdentifierHeartRate,PhysTrax Apple Watch,11.6.1,"Watch7,1","<<HKDevice: 0x133e95380>, name:Apple Watch, manufacturer:Apple Inc., model:Watch, hardware:Watch7,1, software:11.6.1, creation date:2025-09-13 14:18:16 +0000>",2025-10-02 14:57:37 +0000,2025-10-02 14:57:37 +0000,count/min,59.0,2
HKQuantityTypeIdentifierHeartRate,PhysTrax Apple Watch,11.6.1,"Watch7,1","<<HKDevice: 0x133e95380>, name:Apple Watch, manufacturer:Apple Inc., model:Watch, hardware:Watch7,1, software:11.6.1, creation date:2025-09-13 14:18:16 +0000>",2025-10-02 14:57:42 +0000,2025-10-02 14:57:42 +0000,count/min,61.0,2
HKQuantityTypeIdentifierHeartRate,PhysTrax Apple Watch,11.6.1,"Watch7,1","<<HKDevice: 0x133e95380>, name:Apple Watch, manufacturer:Apple Inc., model:Watch, hardware:Watch7,1, software:11.6.1, creation date:2025-09-13 14:18:16 +0000>",2025-10-02 14:57:46 +0000,2025-10-02 14:57:46 +0000,count/min,60.0,2
HKQuantityTypeIdentifierHeartRate,PhysTrax Apple Watch,11.6.1,"Watch7,1","<<HKDevice: 0x133e95380>, name:Apple Watch, manufacturer:Apple Inc., model:Watch, hardware:Watch7,1, software:11.6.1, creation date:2025-09-13 14:18:16 +0000>",2025-10-02 14:57:48 +0000,2025-10-02 14:57:48 +0000,count/min,60.0,2
HKQuantityTypeIdentifierHeartRate,PhysTrax Apple Watch,11.6.1,"Watch7,1","<<HKDevice: 0x133e95380>, name:Apple Watch, manufacturer:Apple Inc., model:Watch, hardware:Watch7,1, software:11.6.1, creation date:2025-09-13 14:18:16 +0000>",2025-10-02 14:57:55 +0000,2025-10-02 14:57:55 +0000,count/min,63.0,2
HKQuantityTypeIdentifierHeartRate,PhysTrax Apple Watch,11.6.1,"Watch7,1","<<HKDevice: 0x133e95380>, name:Apple Watch, manufacturer:Apple Inc., model:Watch, hardware:Watch7,1, software:11.6.1, creation date:2025-09-13 14:18:16 +0000>",2025-10-02 14:57:58 +0000,2025-10-02 14:57:58 +0000,count/min,63.0,2
HKQuantityTypeIdentifierHeartRate,PhysTrax Apple Watch,11.6.1,"Watch7,1","<<HKDevice: 0x133e95380>, name:Apple Watch, manufacturer:Apple Inc., model:Watch, hardware:Watch7,1, software:11.6.1, creation date:2025-09-13 14:18:16 +0000>",2025-10-02 14:58:03 +0000,2025-10-02 14:58:03 +0000,count/min,63.0,2
HKQuantityTypeIdentifierHeartRate,PhysTrax Apple Watch,11.6.1,"Watch7,1","<<HKDevice: 0x133e95380>, name:Apple Watch, manufacturer:Apple Inc., model:Watch, hardware:Watch7,1, software:11.6.1, creation date:2025-09-13 14:18:16 +0000>",2025-10-02 14:58:08 +0000,2025-10-02 14:58:08 +0000,count/min,62.00000000000001,2
HKQuantityTypeIdentifierHeartRate,PhysTrax Apple Watch,11.6.1,"Watch7,1","<<HKDevice: 0x133e95380>, name:Apple Watch, manufacturer:Apple Inc., model:Watch, hardware:Watch7,1, software:11.6.1, creation date:2025-09-13 14:18:16 +0000>",2025-10-02 14:58:16 +0000,2025-10-02 14:58:16 +0000,count/min,64.0,2
HKQuantityTypeIdentifierHeartRate,PhysTrax Apple Watch,11.6.1,"Watch7,1","<<HKDevice: 0x133e95380>, name:Apple Watch, manufacturer:Apple Inc., model:Watch, hardware:Watch7,1, software:11.6.1, creation date:2025-09-13 14:18:16 +0000>",2025-10-02 14:58:18 +0000,2025-10-02 14:58:18 +0000,count/min,64.0,2
HKQuantityTypeIdentifierHeartRate,PhysTrax Apple Watch,11.6.1,"Watch7,1","<<HKDevice: 0x133e95380>, name:Apple Watch, manufacturer:Apple Inc., model:Watch, hardware:Watch7,1, software:11.6.1, creation date:2025-09-13 14:18:16 +0000>",2025-10-02 14:58:27 +0000,2025-10-02 14:58:27 +0000,count/min,62.00000000000001,2
HKQuantityTypeIdentifierHeartRate,PhysTrax Apple Watch,11.6.1,"Watch7,1","<<HKDevice: 0x133e95380>, name:Apple Watch, manufacturer:Apple Inc., model:Watch, hardware:Watch7,1, software:11.6.1, creation date:2025-09-13 14:18:16 +0000>",2025-10-02 14:58:29 +0000,2025-10-02 14:58:29 +0000,count/min,62.00000000000001,2
HKQuantityTypeIdentifierHeartRate,PhysTrax Apple Watch,11.6.1,"Watch7,1","<<HKDevice: 0x133e95380>, name:Apple Watch, manufacturer:Apple Inc., model:Watch, hardware:Watch7,1, software:11.6.1, creation date:2025-09-13 14:18:16 +0000>",2025-10-02 14:58:35 +0000,2025-10-02 14:58:35 +0000,count/min,62.00000000000001,2
HKQuantityTypeIdentifierHeartRate,PhysTrax Apple Watch,11.6.1,"Watch7,1","<<HKDevice: 0x133e95380>, name:Apple Watch, manufacturer:Apple Inc., model:Watch, hardware:Watch7,1, software:11.6.1, creation date:2025-09-13 14:18:16 +0000>",2025-10-02 14:58:39 +0000,2025-10-02 14:58:39 +0000,count/min,64.0,2
HKQuantityTypeIdentifierHeartRate,PhysTrax Apple Watch,11.6.1,"Watch7,1","<<HKDevice: 0x133e95380>, name:Apple Watch, manufacturer:Apple Inc., model:Watch, hardware:Watch7,1, software:11.6.1, creation date:2025-09-13 14:18:16 +0000>",2025-10-02 14:58:43 +0000,2025-10-02 14:58:43 +0000,count/min,64.0,2
HKQuantityTypeIdentifierHeartRate,PhysTrax Apple Watch,11.6.1,"Watch7,1","<<HKDevice: 0x133e95380>, name:Apple Watch, manufacturer:Apple Inc., model:Watch, hardware:Watch7,1, software:11.6.1, creation date:2025-09-13 14:18:16 +0000>",2025-10-02 14:58:48 +0000,2025-10-02 14:58:48 +0000,count/min,64.0,2
HKQuantityTypeIdentifierHeartRate,PhysTrax Apple Watch,11.6.1,"Watch7,1","<<HKDevice: 0x133e95380>, name:Apple Watch, manufacturer:Apple Inc., model:Watch, hardware:Watch7,1, software:11.6.1, creation date:2025-09-13 14:18:16 +0000>",2025-10-02 14:58:57 +0000,2025-10-02 14:58:57 +0000,count/min,63.0,2
HKQuantityTypeIdentifierHeartRate,PhysTrax Apple Watch,11.6.1,"Watch7,1","<<HKDevice: 0x133e95380>, name:Apple Watch, manufacturer:Apple Inc., model:Watch, hardware:Watch7,1, software:11.6.1, creation date:2025-09-13 14:18:16 +0000>",2025-10-02 14:59:00 +0000,2025-10-02 14:59:00 +0000,count/min,62.00000000000001,2
HKQuantityTypeIdentifierHeartRate,PhysTrax Apple Watch,11.6.1,"Watch7,1","<<HKDevice: 0x133e95380>, name:Apple Watch, manufacturer:Apple Inc., model:Watch, hardware:Watch7,1, software:11.6.1, creation date:2025-09-13 14:18:16 +0000>",2025-10-02 14:59:06 +0000,2025-10-02 14:59:06 +0000,count/min,61.0,2
HKQuantityTypeIdentifierHeartRate,PhysTrax Apple Watch,11.6.1,"Watch7,1","<<HKDevice: 0x133e95380>, name:Apple Watch, manufacturer:Apple Inc., model:Watch, hardware:Watch7,1, software:11.6.1, creation date:2025-09-13 14:18:16 +0000>",2025-10-02 14:59:12 +0000,2025-10-02 14:59:12 +0000,count/min,59.0,2
HKQuantityTypeIdentifierHeartRate,PhysTrax Apple Watch,11.6.1,"Watch7,1","<<HKDevice: 0x133e95380>, name:Apple Watch, manufacturer:Apple Inc., model:Watch, hardware:Watch7,1, software:11.6.1, creation date:2025-09-13 14:18:16 +0000>",2025-10-02 14:59:15 +0000,2025-10-02 14:59:15 +0000,count/min,60.0,2
HKQuantityTypeIdentifierHeartRate,PhysTrax Apple Watch,11.6.1,"Watch7,1","<<HKDevice: 0x133e95380>, name:Apple Watch, manufacturer:Apple Inc., model:Watch, hardware:Watch7,1, software:11.6.1, creation date:2025-09-13 14:18:16 +0000>",2025-10-02 14:59:18 +0000,2025-10-02 14:59:18 +0000,count/min,61.0,2
HKQuantityTypeIdentifierHeartRate,PhysTrax Apple Watch,11.6.1,"Watch7,1","<<HKDevice: 0x133e95380>, name:Apple Watch, manufacturer:Apple Inc., model:Watch, hardware:Watch7,1, software:11.6.1, creation date:2025-09-13 14:18:16 +0000>",2025-10-02 14:59:24 +0000,2025-10-02 14:59:24 +0000,count/min,64.0,2
HKQuantityTypeIdentifierHeartRate,PhysTrax Apple Watch,11.6.1,"Watch7,1","<<HKDevice: 0x133e95380>, name:Apple Watch, manufacturer:Apple Inc., model:Watch, hardware:Watch7,1, software:11.6.1, creation date:2025-09-13 14:18:16 +0000>",2025-10-02 14:59:32 +0000,2025-10-02 14:59:32 +0000,count/min,68.0,2
HKQuantityTypeIdentifierHeartRate,PhysTrax Apple Watch,11.6.1,"Watch7,1","<<HKDevice: 0x133e95380>, name:Apple Watch, manufacturer:Apple Inc., model:Watch, hardware:Watch7,1, software:11.6.1, creation date:2025-09-13 14:18:16 +0000>",2025-10-02 14:59:37 +0000,2025-10-02 14:59:37 +0000,count/min,66.0,2
HKQuantityTypeIdentifierHeartRate,PhysTrax Apple Watch,11.6.1,"Watch7,1","<<HKDevice: 0x133e95380>, name:Apple Watch, manufacturer:Apple Inc., model:Watch, hardware:Watch7,1, software:11.6.1, creation date:2025-09-13 14:18:16 +0000>",2025-10-02 14:59:39 +0000,2025-10-02 14:59:39 +0000,count/min,66.0,2
HKQuantityTypeIdentifierHeartRate,PhysTrax Apple Watch,11.6.1,"Watch7,1","<<HKDevice: 0x133e95380>, name:Apple Watch, manufacturer:Apple Inc., model:Watch, hardware:Watch7,1, software:11.6.1, creation date:2025-09-13 14:18:16 +0000>",2025-10-02 14:59:46 +0000,2025-10-02 14:59:46 +0000,count/min,66.0,2
HKQuantityTypeIdentifierHeartRate,PhysTrax Apple Watch,11.6.1,"Watch7,1","<<HKDevice: 0x133e95380>, name:Apple Watch, manufacturer:Apple Inc., model:Watch, hardware:Watch7,1, software:11.6.1, creation date:2025-09-13 14:18:16 +0000>",2025-10-02 14:59:48 +0000,2025-10-02 14:59:48 +0000,count/min,66.0,2
HKQuantityTypeIdentifierHeartRate,PhysTrax Apple Watch,11.6.1,"Watch7,1","<<HKDevice: 0x133e95380>, name:Apple Watch, manufacturer:Apple Inc., model:Watch, hardware:Watch7,1, software:11.6.1, creation date:2025-09-13 14:18:16 +0000>",2025-10-02 14:59:53 +0000,2025-10-02 14:59:53 +0000,count/min,65.0,2
HKQuantityTypeIdentifierHeartRate,PhysTrax Apple Watch,11.6.1,"Watch7,1","<<HKDevice: 0x133e95380>, name:Apple Watch, manufacturer:Apple Inc., model:Watch, hardware:Watch7,1, software:11.6.1, creation date:2025-09-13 14:18:16 +0000>",2025-10-02 15:00:02 +0000,2025-10-02 15:00:02 +0000,count/min,66.0,2
HKQuantityTypeIdentifierHeartRate,PhysTrax Apple Watch,11.6.1,"Watch7,1","<<HKDevice: 0x133e95380>, name:Apple Watch, manufacturer:Apple Inc., model:Watch, hardware:Watch7,1, software:11.6.1, creation date:2025-09-13 14:18:16 +0000>",2025-10-02 15:00:04 +0000,2025-10-02 15:00:04 +0000,count/min,66.0,2
HKQuantityTypeIdentifierHeartRate,PhysTrax Apple Watch,11.6.1,"Watch7,1","<<HKDevice: 0x133e95380>, name:Apple Watch, manufacturer:Apple Inc., model:Watch, hardware:Watch7,1, software:11.6.1, creation date:2025-09-13 14:18:16 +0000>",2025-10-02 15:00:09 +0000,2025-10-02 15:00:09 +0000,count/min,67.0,2
HKQuantityTypeIdentifierHeartRate,PhysTrax Apple Watch,11.6.1,"Watch7,1","<<HKDevice: 0x133e95380>, name:Apple Watch, manufacturer:Apple Inc., model:Watch, hardware:Watch7,1, software:11.6.1, creation date:2025-09-13 14:18:16 +0000>",2025-10-02 15:00:13 +0000,2025-10-02 15:00:13 +0000,count/min,68.0,2
HKQuantityTypeIdentifierHeartRate,PhysTrax Apple Watch,11.6.1,"Watch7,1","<<HKDevice: 0x133e95380>, name:Apple Watch, manufacturer:Apple Inc., model:Watch, hardware:Watch7,1, software:11.6.1, creation date:2025-09-13 14:18:16 +0000>",2025-10-02 15:00:19 +0000,2025-10-02 15:00:19 +0000,count/min,66.0,2
HKQuantityTypeIdentifierHeartRate,PhysTrax Apple Watch,11.6.1,"Watch7,1","<<HKDevice: 0x133e95380>, name:Apple Watch, manufacturer:Apple Inc., model:Watch, hardware:Watch7,1, software:11.6.1, creation date:2025-09-13 14:18:16 +0000>",2025-10-02 15:00:24 +0000,2025-10-02 15:00:24 +0000,count/min,67.0,2
HKQuantityTypeIdentifierHeartRate,PhysTrax Apple Watch,11.6.1,"Watch7,1","<<HKDevice: 0x133e95380>, name:Apple Watch, manufacturer:Apple Inc., model:Watch, hardware:Watch7,1, software:11.6.1, creation date:2025-09-13 14:18:16 +0000>",2025-10-02 15:00:31 +0000,2025-10-02 15:00:31 +0000,count/min,68.0,2
HKQuantityTypeIdentifierHeartRate,PhysTrax Apple Watch,11.6.1,"Watch7,1","<<HKDevice: 0x133e95380>, name:Apple Watch, manufacturer:Apple Inc., model:Watch, hardware:Watch7,1, software:11.6.1, creation date:2025-09-13 14:18:16 +0000>",2025-10-02 15:00:37 +0000,2025-10-02 15:00:37 +0000,count/min,67.0,2
HKQuantityTypeIdentifierHeartRate,PhysTrax Apple Watch,11.6.1,"Watch7,1","<<HKDevice: 0x133e95380>, name:Apple Watch, manufacturer:Apple Inc., model:Watch, hardware:Watch7,1, software:11.6.1, creation date:2025-09-13 14:18:16 +0000>",2025-10-02 15:00:38 +0000,2025-10-02 15:00:38 +0000,count/min,67.0,2
HKQuantityTypeIdentifierHeartRate,PhysTrax Apple Watch,11.6.1,"Watch7,1","<<HKDevice: 0x133e95380>, name:Apple Watch, manufacturer:Apple Inc., model:Watch, hardware:Watch7,1, software:11.6.1, creation date:2025-09-13 14:18:16 +0000>",2025-10-02 15:00:43 +0000,2025-10-02 15:00:43 +0000,count/min,68.0,2
HKQuantityTypeIdentifierHeartRate,PhysTrax Apple Watch,11.6.1,"Watch7,1","<<HKDevice: 0x133e95380>, name:Apple Watch, manufacturer:Apple Inc., model:Watch, hardware:Watch7,1, software:11.6.1, creation date:2025-09-13 14:18:16 +0000>",2025-10-02 15:00:52 +0000,2025-10-02 15:00:52 +0000,count/min,71.0,2
HKQuantityTypeIdentifierHeartRate,PhysTrax Apple Watch,11.6.1,"Watch7,1","<<HKDevice: 0x133e95380>, name:Apple Watch, manufacturer:Apple Inc., model:Watch, hardware:Watch7,1, software:11.6.1, creation date:2025-09-13 14:18:16 +0000>",2025-10-02 15:00:54 +0000,2025-10-02 15:00:54 +0000,count/min,71.0,2
HKQuantityTypeIdentifierHeartRate,PhysTrax Apple Watch,11.6.1,"Watch7,1","<<HKDevice: 0x133e95380>, name:Apple Watch, manufacturer:Apple Inc., model:Watch, hardware:Watch7,1, software:11.6.1, creation date:2025-09-13 14:18:16 +0000>",2025-10-02 15:00:58 +0000,2025-10-02 15:00:58 +0000,count/min,70.0,2
HKQuantityTypeIdentifierHeartRate,PhysTrax Apple Watch,11.6.1,"Watch7,1","<<HKDevice: 0x133e95380>, name:Apple Watch, manufacturer:Apple Inc., model:Watch, hardware:Watch7,1, software:11.6.1, creation date:2025-09-13 14:18:16 +0000>",2025-10-02 15:01:06 +0000,2025-10-02 15:01:06 +0000,count/min,68.0,2
HKQuantityTypeIdentifierHeartRate,PhysTrax Apple Watch,11.6.1,"Watch7,1","<<HKDevice: 0x133e95380>, name:Apple Watch, manufacturer:Apple Inc., model:Watch, hardware:Watch7,1, software:11.6.1, creation date:2025-09-13 14:18:16 +0000>",2025-10-02 15:01:11 +0000,2025-10-02 15:01:11 +0000,count/min,66.0,2
HKQuantityTypeIdentifierHeartRate,PhysTrax Apple Watch,11.6.1,"Watch7,1","<<HKDevice: 0x133e95380>, name:Apple Watch, manufacturer:Apple Inc., model:Watch, hardware:Watch7,1, software:11.6.1, creation date:2025-09-13 14:18:16 +0000>",2025-10-02 15:01:13 +0000,2025-10-02 15:01:13 +0000,count/min,66.0,2
HKQuantityTypeIdentifierHeartRate,PhysTrax Apple Watch,11.6.1,"Watch7,1","<<HKDevice: 0x133e95380>, name:Apple Watch, manufacturer:Apple Inc., model:Watch, hardware:Watch7,1, software:11.6.1, creation date:2025-09-13 14:18:16 +0000>",2025-10-02 15:01:22 +0000,2025-10-02 15:01:22 +0000,count/min,65.0,2
HKQuantityTypeIdentifierHeartRate,PhysTrax Apple Watch,11.6.1,"Watch7,1","<<HKDevice: 0x133e95380>, name:Apple Watch, manufacturer:Apple Inc., model:Watch, hardware:Watch7,1, software:11.6.1, creation date:2025-09-13 14:18:16 +0000>",2025-10-02 15:01:26 +0000,2025-10-02 15:01:26 +0000,count/min,65.0,2
HKQuantityTypeIdentifierHeartRate,PhysTrax Apple Watch,11.6.1,"Watch7,1","<<HKDevice: 0x133e95380>, name:Apple Watch, manufacturer:Apple Inc., model:Watch, hardware:Watch7,1, software:11.6.1, creation date:2025-09-13 14:18:16 +0000>",2025-10-02 15:01:31 +0000,2025-10-02 15:01:31 +0000,count/min,65.0,2
HKQuantityTypeIdentifierHeartRate,PhysTrax Apple Watch,11.6.1,"Watch7,1","<<HKDevice: 0x133e95380>, name:Apple Watch, manufacturer:Apple Inc., model:Watch, hardware:Watch7,1, software:11.6.1, creation date:2025-09-13 14:18:16 +0000>",2025-10-02 15:01:36 +0000,2025-10-02 15:01:36 +0000,count/min,65.0,2
HKQuantityTypeIdentifierHeartRate,PhysTrax Apple Watch,11.6.1,"Watch7,1","<<HKDevice: 0x133e95380>, name:Apple Watch, manufacturer:Apple Inc., model:Watch, hardware:Watch7,1, software:11.6.1, creation date:2025-09-13 14:18:16 +0000>",2025-10-02 15:01:38 +0000,2025-10-02 15:01:38 +0000,count/min,66.0,2
HKQuantityTypeIdentifierHeartRate,PhysTrax Apple Watch,11.6.1,"Watch7,1","<<HKDevice: 0x133e95380>, name:Apple Watch, manufacturer:Apple Inc., model:Watch, hardware:Watch7,1, software:11.6.1, creation date:2025-09-13 14:18:16 +0000>",2025-10-02 15:01:46 +0000,2025-10-02 15:01:46 +0000,count/min,65.0,2
HKQuantityTypeIdentifierHeartRate,PhysTrax Apple Watch,11.6.1,"Watch7,1","<<HKDevice: 0x133e95380>, name:Apple Watch, manufacturer:Apple Inc., model:Watch, hardware:Watch7,1, software:11.6.1, creation date:2025-09-13 14:18:16 +0000>",2025-10-02 15:01:49 +0000,2025-10-02 15:01:49 +0000,count/min,66.0,2
HKQuantityTypeIdentifierHeartRate,PhysTrax Apple Watch,11.6.1,"Watch7,1","<<HKDevice: 0x133e95380>, name:Apple Watch, manufacturer:Apple Inc., model:Watch, hardware:Watch7,1, software:11.6.1, creation date:2025-09-13 14:18:16 +0000>",2025-10-02 15:01:56 +0000,2025-10-02 15:01:56 +0000,count/min,65.0,2
HKQuantityTypeIdentifierHeartRate,PhysTrax Apple Watch,11.6.1,"Watch7,1","<<HKDevice: 0x133e95380>, name:Apple Watch, manufacturer:Apple Inc., model:Watch, hardware:Watch7,1, software:11.6.1, creation date:2025-09-13 14:18:16 +0000>",2025-10-02 15:02:02 +0000,2025-10-02 15:02:02 +0000,count/min,66.0,2
HKQuantityTypeIdentifierHeartRate,PhysTrax Apple Watch,11.6.1,"Watch7,1","<<HKDevice: 0x133e95380>, name:Apple Watch, manufacturer:Apple Inc., model:Watch, hardware:Watch7,1, software:11.6.1, creation date:2025-09-13 14:18:16 +0000>",2025-10-02 15:02:05 +0000,2025-10-02 15:02:05 +0000,count/min,66.0,2
HKQuantityTypeIdentifierHeartRate,PhysTrax Apple Watch,11.6.1,"Watch7,1","<<HKDevice: 0x133e95380>, name:Apple Watch, manufacturer:Apple Inc., model:Watch, hardware:Watch7,1, software:11.6.1, creation date:2025-09-13 14:18:16 +0000>",2025-10-02 15:02:12 +0000,2025-10-02 15:02:12 +0000,count/min,64.0,2
HKQuantityTypeIdentifierHeartRate,PhysTrax Apple Watch,11.6.1,"Watch7,1","<<HKDevice: 0x133e95380>, name:Apple Watch, manufacturer:Apple Inc., model:Watch, hardware:Watch7,1, software:11.6.1, creation date:2025-09-13 14:18:16 +0000>",2025-10-02 15:02:13 +0000,2025-10-02 15:02:13 +0000,count/min,64.0,2
HKQuantityTypeIdentifierHeartRate,PhysTrax Apple Watch,11.6.1,"Watch7,1","<<HKDevice: 0x133e95380>, name:Apple Watch, manufacturer:Apple Inc., model:Watch, hardware:Watch7,1, software:11.6.1, creation date:2025-09-13 14:18:16 +0000>",2025-10-02 15:02:20 +0000,2025-10-02 15:02:20 +0000,count/min,69.0,2
HKQuantityTypeIdentifierHeartRate,PhysTrax Apple Watch,11.6.1,"Watch7,1","<<HKDevice: 0x133e95380>, name:Apple Watch, manufacturer:Apple Inc., model:Watch, hardware:Watch7,1, software:11.6.1, creation date:2025-09-13 14:18:16 +0000>",2025-10-02 15:02:27 +0000,2025-10-02 15:02:27 +0000,count/min,67.0,2
HKQuantityTypeIdentifierHeartRate,PhysTrax Apple Watch,11.6.1,"Watch7,1","<<HKDevice: 0x133e95380>, name:Apple Watch, manufacturer:Apple Inc., model:Watch, hardware:Watch7,1, software:11.6.1, creation date:2025-09-13 14:18:16 +0000>",2025-10-02 15:02:28 +0000,2025-10-02 15:02:28 +0000,count/min,67.0,2
HKQuantityTypeIdentifierHeartRate,PhysTrax Apple Watch,11.6.1,"Watch7,1","<<HKDevice: 0x133e95380>, name:Apple Watch, manufacturer:Apple Inc., model:Watch, hardware:Watch7,1, software:11.6.1, creation date:2025-09-13 14:18:16 +0000>",2025-10-02 15:02:33 +0000,2025-10-02 15:02:33 +0000,count/min,70.0,2
HKQuantityTypeIdentifierHeartRate,PhysTrax Apple Watch,11.6.1,"Watch7,1","<<HKDevice: 0x133e95380>, name:Apple Watch, manufacturer:Apple Inc., model:Watch, hardware:Watch7,1, software:11.6.1, creation date:2025-09-13 14:18:16 +0000>",2025-10-02 15:02:38 +0000,2025-10-02 15:02:38 +0000,count/min,76.0,2
HKQuantityTypeIdentifierHeartRate,PhysTrax Apple Watch,11.6.1,"Watch7,1","<<HKDevice: 0x133e95380>, name:Apple Watch, manufacturer:Apple Inc., model:Watch, hardware:Watch7,1, software:11.6.1, creation date:2025-09-13 14:18:16 +0000>",2025-10-02 15:02:47 +0000,2025-10-02 15:02:47 +0000,count/min,83.0,2
HKQuantityTypeIdentifierHeartRate,PhysTrax Apple Watch,11.6.1,"Watch7,1","<<HKDevice: 0x133e95380>, name:Apple Watch, manufacturer:Apple Inc., model:Watch, hardware:Watch7,1, software:11.6.1, creation date:2025-09-13 14:18:16 +0000>",2025-10-02 15:02:52 +0000,2025-10-02 15:02:52 +0000,count/min,83.0,2
HKQuantityTypeIdentifierHeartRate,PhysTrax Apple Watch,11.6.1,"Watch7,1","<<HKDevice: 0x133e95380>, name:Apple Watch, manufacturer:Apple Inc., model:Watch, hardware:Watch7,1, software:11.6.1, creation date:2025-09-13 14:18:16 +0000>",2025-10-02 15:02:57 +0000,2025-10-02 15:02:57 +0000,count/min,75.0,2
HKQuantityTypeIdentifierHeartRate,PhysTrax Apple Watch,11.6.1,"Watch7,1","<<HKDevice: 0x133e95380>, name:Apple Watch, manufacturer:Apple Inc., model:Watch, hardware:Watch7,1, software:11.6.1, creation date:2025-09-13 14:18:16 +0000>",2025-10-02 15:03:00 +0000,2025-10-02 15:03:00 +0000,count/min,73.0,2
HKQuantityTypeIdentifierHeartRate,PhysTrax Apple Watch,11.6.1,"Watch7,1","<<HKDevice: 0x133e95380>, name:Apple Watch, manufacturer:Apple Inc., model:Watch, hardware:Watch7,1, software:11.6.1, creation date:2025-09-13 14:18:16 +0000>",2025-10-02 15:03:07 +0000,2025-10-02 15:03:07 +0000,count/min,68.0,2
HKQuantityTypeIdentifierHeartRate,PhysTrax Apple Watch,11.6.1,"Watch7,1","<<HKDevice: 0x133e95380>, name:Apple Watch, manufacturer:Apple Inc., model:Watch, hardware:Watch7,1, software:11.6.1, creation date:2025-09-13 14:18:16 +0000>",2025-10-02 15:03:12 +0000,2025-10-02 15:03:12 +0000,count/min,67.0,2
HKQuantityTypeIdentifierHeartRate,PhysTrax Apple Watch,11.6.1,"Watch7,1","<<HKDevice: 0x133e95380>, name:Apple Watch, manufacturer:Apple Inc., model:Watch, hardware:Watch7,1, software:11.6.1, creation date:2025-09-13 14:18:16 +0000>",2025-10-02 15:03:16 +0000,2025-10-02 15:03:16 +0000,count/min,67.0,2
HKQuantityTypeIdentifierHeartRate,PhysTrax Apple Watch,11.6.1,"Watch7,1","<<HKDevice: 0x133e95380>, name:Apple Watch, manufacturer:Apple Inc., model:Watch, hardware:Watch7,1, software:11.6.1, creation date:2025-09-13 14:18:16 +0000>",2025-10-02 15:03:18 +0000,2025-10-02 15:03:18 +0000,count/min,68.0,2
HKQuantityTypeIdentifierHeartRate,PhysTrax Apple Watch,11.6.1,"Watch7,1","<<HKDevice: 0x133e95380>, name:Apple Watch, manufacturer:Apple Inc., model:Watch, hardware:Watch7,1, software:11.6.1, creation date:2025-09-13 14:18:16 +0000>",2025-10-02 15:03:23 +0000,2025-10-02 15:03:23 +0000,count/min,70.0,2
HKQuantityTypeIdentifierHeartRate,PhysTrax Apple Watch,11.6.1,"Watch7,1","<<HKDevice: 0x133e95380>, name:Apple Watch, manufacturer:Apple Inc., model:Watch, hardware:Watch7,1, software:11.6.1, creation date:2025-09-13 14:18:16 +0000>",2025-10-02 15:03:47 +0000,2025-10-02 15:03:47 +0000,count/min,74.0,2
HKQuantityTypeIdentifierHeartRate,PhysTrax Apple Watch,11.6.1,"Watch7,1","<<HKDevice: 0x133e95380>, name:Apple Watch, manufacturer:Apple Inc., model:Watch, hardware:Watch7,1, software:11.6.1, creation date:2025-09-13 14:18:16 +0000>",2025-10-02 15:03:52 +0000,2025-10-02 15:03:52 +0000,count/min,72.0,2
HKQuantityTypeIdentifierHeartRate,PhysTrax Apple Watch,11.6.1,"Watch7,1","<<HKDevice: 0x133e95380>, name:Apple Watch, manufacturer:Apple Inc., model:Watch, hardware:Watch7,1, software:11.6.1, creation date:2025-09-13 14:18:16 +0000>",2025-10-02 15:03:57 +0000,2025-10-02 15:03:57 +0000,count/min,70.0,2
HKQuantityTypeIdentifierHeartRate,PhysTrax Apple Watch,11.6.1,"Watch7,1","<<HKDevice: 0x133e95380>, name:Apple Watch, manufacturer:Apple Inc., model:Watch, hardware:Watch7,1, software:11.6.1, creation date:2025-09-13 14:18:16 +0000>",2025-10-02 15:04:02 +0000,2025-10-02 15:04:02 +0000,count/min,68.0,2
HKQuantityTypeIdentifierHeartRate,PhysTrax Apple Watch,11.6.1,"Watch7,1","<<HKDevice: 0x133e95380>, name:Apple Watch, manufacturer:Apple Inc., model:Watch, hardware:Watch7,1, software:11.6.1, creation date:2025-09-13 14:18:16 +0000>",2025-10-02 15:04:06 +0000,2025-10-02 15:04:06 +0000,count/min,69.0,2
HKQuantityTypeIdentifierHeartRate,PhysTrax Apple Watch,11.6.1,"Watch7,1","<<HKDevice: 0x133e95380>, name:Apple Watch, manufacturer:Apple Inc., model:Watch, hardware:Watch7,1, software:11.6.1, creation date:2025-09-13 14:18:16 +0000>",2025-10-02 15:04:09 +0000,2025-10-02 15:04:09 +0000,count/min,66.0,2
HKQuantityTypeIdentifierHeartRate,PhysTrax Apple Watch,11.6.1,"Watch7,1","<<HKDevice: 0x133e95380>, name:Apple Watch, manufacturer:Apple Inc., model:Watch, hardware:Watch7,1, software:11.6.1, creation date:2025-09-13 14:18:16 +0000>",2025-10-02 15:04:13 +0000,2025-10-02 15:04:13 +0000,count/min,68.0,2
HKQuantityTypeIdentifierHeartRate,PhysTrax Apple Watch,11.6.1,"Watch7,1","<<HKDevice: 0x133e95380>, name:Apple Watch, manufacturer:Apple Inc., model:Watch, hardware:Watch7,1, software:11.6.1, creation date:2025-09-13 14:18:16 +0000>",2025-10-02 15:04:18 +0000,2025-10-02 15:04:18 +0000,count/min,69.0,2
HKQuantityTypeIdentifierHeartRate,PhysTrax Apple Watch,11.6.1,"Watch7,1","<<HKDevice: 0x133e95380>, name:Apple Watch, manufacturer:Apple Inc., model:Watch, hardware:Watch7,1, software:11.6.1, creation date:2025-09-13 14:18:16 +0000>",2025-10-02 15:04:27 +0000,2025-10-02 15:04:27 +0000,count/min,70.0,2
HKQuantityTypeIdentifierHeartRate,PhysTrax Apple Watch,11.6.1,"Watch7,1","<<HKDevice: 0x133e95380>, name:Apple Watch, manufacturer:Apple Inc., model:Watch, hardware:Watch7,1, software:11.6.1, creation date:2025-09-13 14:18:16 +0000>",2025-10-02 15:04:32 +0000,2025-10-02 15:04:32 +0000,count/min,71.0,2
HKQuantityTypeIdentifierHeartRate,PhysTrax Apple Watch,11.6.1,"Watch7,1","<<HKDevice: 0x133e95380>, name:Apple Watch, manufacturer:Apple Inc., model:Watch, hardware:Watch7,1, software:11.6.1, creation date:2025-09-13 14:18:16 +0000>",2025-10-02 15:04:35 +0000,2025-10-02 15:04:35 +0000,count/min,72.0,2
HKQuantityTypeIdentifierHeartRate,PhysTrax Apple Watch,11.6.1,"Watch7,1","<<HKDevice: 0x133e95380>, name:Apple Watch, manufacturer:Apple Inc., model:Watch, hardware:Watch7,1, software:11.6.1, creation date:2025-09-13 14:18:16 +0000>",2025-10-02 15:04:38 +0000,2025-10-02 15:04:38 +0000,count/min,73.0,2
HKQuantityTypeIdentifierHeartRate,PhysTrax Apple Watch,11.6.1,"Watch7,1","<<HKDevice: 0x133e95380>, name:Apple Watch, manufacturer:Apple Inc., model:Watch, hardware:Watch7,1, software:11.6.1, creation date:2025-09-13 14:18:16 +0000>",2025-10-02 15:04:47 +0000,2025-10-02 15:04:47 +0000,count/min,71.0,2
HKQuantityTypeIdentifierHeartRate,PhysTrax Apple Watch,11.6.1,"Watch7,1","<<HKDevice: 0x133e95380>, name:Apple Watch, manufacturer:Apple Inc., model:Watch, hardware:Watch7,1, software:11.6.1, creation date:2025-09-13 14:18:16 +0000>",2025-10-02 15:04:52 +0000,2025-10-02 15:04:52 +0000,count/min,72.0,2
HKQuantityTypeIdentifierHeartRate,PhysTrax Apple Watch,11.6.1,"Watch7,1","<<HKDevice: 0x133e95260>, name:Apple Watch, manufacturer:Apple Inc., model:Watch, hardware:Watch7,1, software:11.6.1, creation date:2025-09-13 14:18:16 +0000>",2025-10-02 15:04:54 +0000,2025-10-02 15:04:54 +0000,count/min,72.0,2
HKQuantityTypeIdentifierHeartRate,PhysTrax Apple Watch,11.6.1,"Watch7,1","<<HKDevice: 0x133e95260>, name:Apple Watch, manufacturer:Apple Inc., model:Watch, hardware:Watch7,1, software:11.6.1, creation date:2025-09-13 14:18:16 +0000>",2025-10-02 15:04:58 +0000,2025-10-02 15:04:58 +0000,count/min,73.0,2
HKQuantityTypeIdentifierHeartRate,PhysTrax Apple Watch,11.6.1,"Watch7,1","<<HKDevice: 0x133e95260>, name:Apple Watch, manufacturer:Apple Inc., model:Watch, hardware:Watch7,1, software:11.6.1, creation date:2025-09-13 14:18:16 +0000>",2025-10-02 15:05:06 +0000,2025-10-02 15:05:06 +0000,count/min,75.0,2
HKQuantityTypeIdentifierHeartRate,PhysTrax Apple Watch,11.6.1,"Watch7,1","<<HKDevice: 0x133e95260>, name:Apple Watch, manufacturer:Apple Inc., model:Watch, hardware:Watch7,1, software:11.6.1, creation date:2025-09-13 14:18:16 +0000>",2025-10-02 15:05:08 +0000,2025-10-02 15:05:08 +0000,count/min,75.0,2
HKQuantityTypeIdentifierHeartRate,PhysTrax Apple Watch,11.6.1,"Watch7,1","<<HKDevice: 0x133e95260>, name:Apple Watch, manufacturer:Apple Inc., model:Watch, hardware:Watch7,1, software:11.6.1, creation date:2025-09-13 14:18:16 +0000>",2025-10-02 15:05:17 +0000,2025-10-02 15:05:17 +0000,count/min,73.0,2
HKQuantityTypeIdentifierHeartRate,PhysTrax Apple Watch,11.6.1,"Watch7,1","<<HKDevice: 0x133e95260>, name:Apple Watch, manufacturer:Apple Inc., model:Watch, hardware:Watch7,1, software:11.6.1, creation date:2025-09-13 14:18:16 +0000>",2025-10-02 15:05:22 +0000,2025-10-02 15:05:22 +0000,count/min,72.0,2
HKQuantityTypeIdentifierHeartRate,PhysTrax Apple Watch,11.6.1,"Watch7,1","<<HKDevice: 0x133e95260>, name:Apple Watch, manufacturer:Apple Inc., model:Watch, hardware:Watch7,1, software:11.6.1, creation date:2025-09-13 14:18:16 +0000>",2025-10-02 15:05:25 +0000,2025-10-02 15:05:25 +0000,count/min,74.0,2
HKQuantityTypeIdentifierHeartRate,PhysTrax Apple Watch,11.6.1,"Watch7,1","<<HKDevice: 0x133e95260>, name:Apple Watch, manufacturer:Apple Inc., model:Watch, hardware:Watch7,1, software:11.6.1, creation date:2025-09-13 14:18:16 +0000>",2025-10-02 15:05:28 +0000,2025-10-02 15:05:28 +0000,count/min,75.0,2
HKQuantityTypeIdentifierHeartRate,PhysTrax Apple Watch,11.6.1,"Watch7,1","<<HKDevice: 0x133e95260>, name:Apple Watch, manufacturer:Apple Inc., model:Watch, hardware:Watch7,1, software:11.6.1, creation date:2025-09-13 14:18:16 +0000>",2025-10-02 15:05:33 +0000,2025-10-02 15:05:33 +0000,count/min,76.0,2
HKQuantityTypeIdentifierHeartRate,PhysTrax Apple Watch,11.6.1,"Watch7,1","<<HKDevice: 0x133e95260>, name:Apple Watch, manufacturer:Apple Inc., model:Watch, hardware:Watch7,1, software:11.6.1, creation date:2025-09-13 14:18:16 +0000>",2025-10-02 15:05:42 +0000,2025-10-02 15:05:42 +0000,count/min,73.0,2
HKQuantityTypeIdentifierHeartRate,PhysTrax Apple Watch,11.6.1,"Watch7,1","<<HKDevice: 0x133e95260>, name:Apple Watch, manufacturer:Apple Inc., model:Watch, hardware:Watch7,1, software:11.6.1, creation date:2025-09-13 14:18:16 +0000>",2025-10-02 15:05:47 +0000,2025-10-02 15:05:47 +0000,count/min,69.0,2
HKQuantityTypeIdentifierHeartRate,PhysTrax Apple Watch,11.6.1,"Watch7,1","<<HKDevice: 0x133e95260>, name:Apple Watch, manufacturer:Apple Inc., model:Watch, hardware:Watch7,1, software:11.6.1, creation date:2025-09-13 14:18:16 +0000>",2025-10-02 15:05:52 +0000,2025-10-02 15:05:52 +0000,count/min,67.0,2
HKQuantityTypeIdentifierHeartRate,PhysTrax Apple Watch,11.6.1,"Watch7,1","<<HKDevice: 0x133e95260>, name:Apple Watch, manufacturer:Apple Inc., model:Watch, hardware:Watch7,1, software:11.6.1, creation date:2025-09-13 14:18:16 +0000>",2025-10-02 15:05:55 +0000,2025-10-02 15:05:55 +0000,count/min,67.0,2
HKQuantityTypeIdentifierHeartRate,PhysTrax Apple Watch,11.6.1,"Watch7,1","<<HKDevice: 0x133e95260>, name:Apple Watch, manufacturer:Apple Inc., model:Watch, hardware:Watch7,1, software:11.6.1, creation date:2025-09-13 14:18:16 +0000>",2025-10-02 15:06:01 +0000,2025-10-02 15:06:01 +0000,count/min,64.0,2
HKQuantityTypeIdentifierHeartRate,PhysTrax Apple Watch,11.6.1,"Watch7,1","<<HKDevice: 0x133e95260>, name:Apple Watch, manufacturer:Apple Inc., model:Watch, hardware:Watch7,1, software:11.6.1, creation date:2025-09-13 14:18:16 +0000>",2025-10-02 15:06:05 +0000,2025-10-02 15:06:05 +0000,count/min,62.00000000000001,2
HKQuantityTypeIdentifierHeartRate,PhysTrax Apple Watch,11.6.1,"Watch7,1","<<HKDevice: 0x133e95260>, name:Apple Watch, manufacturer:Apple Inc., model:Watch, hardware:Watch7,1, software:11.6.1, creation date:2025-09-13 14:18:16 +0000>",2025-10-02 15:06:12 +0000,2025-10-02 15:06:12 +0000,count/min,60.0,2
HKQuantityTypeIdentifierHeartRate,PhysTrax Apple Watch,11.6.1,"Watch7,1","<<HKDevice: 0x133e95260>, name:Apple Watch, manufacturer:Apple Inc., model:Watch, hardware:Watch7,1, software:11.6.1, creation date:2025-09-13 14:18:16 +0000>",2025-10-02 15:06:17 +0000,2025-10-02 15:06:17 +0000,count/min,59.0,2
HKQuantityTypeIdentifierHeartRate,PhysTrax Apple Watch,11.6.1,"Watch7,1","<<HKDevice: 0x133e95260>, name:Apple Watch, manufacturer:Apple Inc., model:Watch, hardware:Watch7,1, software:11.6.1, creation date:2025-09-13 14:18:16 +0000>",2025-10-02 15:06:18 +0000,2025-10-02 15:06:18 +0000,count/min,59.0,2
HKQuantityTypeIdentifierHeartRate,PhysTrax Apple Watch,11.6.1,"Watch7,1","<<HKDevice: 0x133e95260>, name:Apple Watch, manufacturer:Apple Inc., model:Watch, hardware:Watch7,1, software:11.6.1, creation date:2025-09-13 14:18:16 +0000>",2025-10-02 15:06:27 +0000,2025-10-02 15:06:27 +0000,count/min,63.0,2
HKQuantityTypeIdentifierHeartRate,PhysTrax Apple Watch,11.6.1,"Watch7,1","<<HKDevice: 0x133e95260>, name:Apple Watch, manufacturer:Apple Inc., model:Watch, hardware:Watch7,1, software:11.6.1, creation date:2025-09-13 14:18:16 +0000>",2025-10-02 15:06:28 +0000,2025-10-02 15:06:28 +0000,count/min,63.0,2
HKQuantityTypeIdentifierHeartRate,PhysTrax Apple Watch,11.6.1,"Watch7,1","<<HKDevice: 0x133e95260>, name:Apple Watch, manufacturer:Apple Inc., model:Watch, hardware:Watch7,1, software:11.6.1, creation date:2025-09-13 14:18:16 +0000>",2025-10-02 15:06:37 +0000,2025-10-02 15:06:37 +0000,count/min,66.0,2
HKQuantityTypeIdentifierHeartRate,PhysTrax Apple Watch,11.6.1,"Watch7,1","<<HKDevice: 0x133e95260>, name:Apple Watch, manufacturer:Apple Inc., model:Watch, hardware:Watch7,1, software:11.6.1, creation date:2025-09-13 14:18:16 +0000>",2025-10-02 15:06:42 +0000,2025-10-02 15:06:42 +0000,count/min,65.0,2
HKQuantityTypeIdentifierHeartRate,PhysTrax Apple Watch,11.6.1,"Watch7,1","<<HKDevice: 0x133e95260>, name:Apple Watch, manufacturer:Apple Inc., model:Watch, hardware:Watch7,1, software:11.6.1, creation date:2025-09-13 14:18:16 +0000>",2025-10-02 15:06:46 +0000,2025-10-02 15:06:46 +0000,count/min,63.0,2
HKQuantityTypeIdentifierHeartRate,PhysTrax Apple Watch,11.6.1,"Watch7,1","<<HKDevice: 0x133e95260>, name:Apple Watch, manufacturer:Apple Inc., model:Watch, hardware:Watch7,1, software:11.6.1, creation date:2025-09-13 14:18:16 +0000>",2025-10-02 15:06:49 +0000,2025-10-02 15:06:49 +0000,count/min,64.0,2
HKQuantityTypeIdentifierHeartRate,PhysTrax Apple Watch,11.6.1,"Watch7,1","<<HKDevice: 0x133e95260>, name:Apple Watch, manufacturer:Apple Inc., model:Watch, hardware:Watch7,1, software:11.6.1, creation date:2025-09-13 14:18:16 +0000>",2025-10-02 15:06:57 +0000,2025-10-02 15:06:57 +0000,count/min,61.0,2
HKQuantityTypeIdentifierHeartRate,PhysTrax Apple Watch,11.6.1,"Watch7,1","<<HKDevice: 0x133e95260>, name:Apple Watch, manufacturer:Apple Inc., model:Watch, hardware:Watch7,1, software:11.6.1, creation date:2025-09-13 14:18:16 +0000>",2025-10-02 15:07:01 +0000,2025-10-02 15:07:01 +0000,count/min,61.0,2
HKQuantityTypeIdentifierHeartRate,PhysTrax Apple Watch,11.6.1,"Watch7,1","<<HKDevice: 0x133e95260>, name:Apple Watch, manufacturer:Apple Inc., model:Watch, hardware:Watch7,1, software:11.6.1, creation date:2025-09-13 14:18:16 +0000>",2025-10-02 15:07:06 +0000,2025-10-02 15:07:06 +0000,count/min,62.00000000000001,2
HKQuantityTypeIdentifierHeartRate,PhysTrax Apple Watch,11.6.1,"Watch7,1","<<HKDevice: 0x133e95260>, name:Apple Watch, manufacturer:Apple Inc., model:Watch, hardware:Watch7,1, software:11.6.1, creation date:2025-09-13 14:18:16 +0000>",2025-10-02 15:07:08 +0000,2025-10-02 15:07:08 +0000,count/min,61.0,2
HKQuantityTypeIdentifierHeartRate,PhysTrax Apple Watch,11.6.1,"Watch7,1","<<HKDevice: 0x133e95260>, name:Apple Watch, manufacturer:Apple Inc., model:Watch, hardware:Watch7,1, software:11.6.1, creation date:2025-09-13 14:18:16 +0000>",2025-10-02 15:07:16 +0000,2025-10-02 15:07:16 +0000,count/min,66.0,2
HKQuantityTypeIdentifierHeartRate,PhysTrax Apple Watch,11.6.1,"Watch7,1","<<HKDevice: 0x133e95260>, name:Apple Watch, manufacturer:Apple Inc., model:Watch, hardware:Watch7,1, software:11.6.1, creation date:2025-09-13 14:18:16 +0000>",2025-10-02 15:07:21 +0000,2025-10-02 15:07:21 +0000,count/min,65.0,2
HKQuantityTypeIdentifierHeartRate,PhysTrax Apple Watch,11.6.1,"Watch7,1","<<HKDevice: 0x133e95260>, name:Apple Watch, manufacturer:Apple Inc., model:Watch, hardware:Watch7,1, software:11.6.1, creation date:2025-09-13 14:18:16 +0000>",2025-10-02 15:07:27 +0000,2025-10-02 15:07:27 +0000,count/min,64.0,2
HKQuantityTypeIdentifierHeartRate,PhysTrax Apple Watch,11.6.1,"Watch7,1","<<HKDevice: 0x133e95260>, name:Apple Watch, manufacturer:Apple Inc., model:Watch, hardware:Watch7,1, software:11.6.1, creation date:2025-09-13 14:18:16 +0000>",2025-10-02 15:07:31 +0000,2025-10-02 15:07:31 +0000,count/min,65.0,2
HKQuantityTypeIdentifierHeartRate,PhysTrax Apple Watch,11.6.1,"Watch7,1","<<HKDevice: 0x133e95260>, name:Apple Watch, manufacturer:Apple Inc., model:Watch, hardware:Watch7,1, software:11.6.1, creation date:2025-09-13 14:18:16 +0000>",2025-10-02 15:07:37 +0000,2025-10-02 15:07:37 +0000,count/min,64.0,2
HKQuantityTypeIdentifierHeartRate,PhysTrax Apple Watch,11.6.1,"Watch7,1","<<HKDevice: 0x133e95260>, name:Apple Watch, manufacturer:Apple Inc., model:Watch, hardware:Watch7,1, software:11.6.1, creation date:2025-09-13 14:18:16 +0000>",2025-10-02 15:07:38 +0000,2025-10-02 15:07:38 +0000,count/min,64.0,2
HKQuantityTypeIdentifierHeartRate,PhysTrax Apple Watch,11.6.1,"Watch7,1","<<HKDevice: 0x133e95260>, name:Apple Watch, manufacturer:Apple Inc., model:Watch, hardware:Watch7,1, software:11.6.1, creation date:2025-09-13 14:18:16 +0000>",2025-10-02 15:07:43 +0000,2025-10-02 15:07:43 +0000,count/min,65.0,2
HKQuantityTypeIdentifierHeartRate,PhysTrax Apple Watch,11.6.1,"Watch7,1","<<HKDevice: 0x133e95260>, name:Apple Watch, manufacturer:Apple Inc., model:Watch, hardware:Watch7,1, software:11.6.1, creation date:2025-09-13 14:18:16 +0000>",2025-10-02 15:07:52 +0000,2025-10-02 15:07:52 +0000,count/min,65.0,2
HKQuantityTypeIdentifierHeartRate,PhysTrax Apple Watch,11.6.1,"Watch7,1","<<HKDevice: 0x133e95260>, name:Apple Watch, manufacturer:Apple Inc., model:Watch, hardware:Watch7,1, software:11.6.1, creation date:2025-09-13 14:18:16 +0000>",2025-10-02 15:07:53 +0000,2025-10-02 15:07:53 +0000,count/min,65.0,2
HKQuantityTypeIdentifierHeartRate,PhysTrax Apple Watch,11.6.1,"Watch7,1","<<HKDevice: 0x133e95260>, name:Apple Watch, manufacturer:Apple Inc., model:Watch, hardware:Watch7,1, software:11.6.1, creation date:2025-09-13 14:18:16 +0000>",2025-10-02 15:07:58 +0000,2025-10-02 15:07:58 +0000,count/min,66.0,2
HKQuantityTypeIdentifierHeartRate,PhysTrax Apple Watch,11.6.1,"Watch7,1","<<HKDevice: 0x133e95260>, name:Apple Watch, manufacturer:Apple Inc., model:Watch, hardware:Watch7,1, software:11.6.1, creation date:2025-09-13 14:18:16 +0000>",2025-10-02 15:08:07 +0000,2025-10-02 15:08:07 +0000,count/min,64.0,2
HKQuantityTypeIdentifierHeartRate,PhysTrax Apple Watch,11.6.1,"Watch7,1","<<HKDevice: 0x133e95260>, name:Apple Watch, manufacturer:Apple Inc., model:Watch, hardware:Watch7,1, software:11.6.1, creation date:2025-09-13 14:18:16 +0000>",2025-10-02 15:08:12 +0000,2025-10-02 15:08:12 +0000,count/min,64.0,2
HKQuantityTypeIdentifierHeartRate,PhysTrax Apple Watch,11.6.1,"Watch7,1","<<HKDevice: 0x133e95260>, name:Apple Watch, manufacturer:Apple Inc., model:Watch, hardware:Watch7,1, software:11.6.1, creation date:2025-09-13 14:18:16 +0000>",2025-10-02 15:08:17 +0000,2025-10-02 15:08:17 +0000,count/min,61.0,2
HKQuantityTypeIdentifierHeartRate,PhysTrax Apple Watch,11.6.1,"Watch7,1","<<HKDevice: 0x133e95260>, name:Apple Watch, manufacturer:Apple Inc., model:Watch, hardware:Watch7,1, software:11.6.1, creation date:2025-09-13 14:18:16 +0000>",2025-10-02 15:08:19 +0000,2025-10-02 15:08:19 +0000,count/min,61.0,2
HKQuantityTypeIdentifierHeartRate,PhysTrax Apple Watch,11.6.1,"Watch7,1","<<HKDevice: 0x133e95260>, name:Apple Watch, manufacturer:Apple Inc., model:Watch, hardware:Watch7,1, software:11.6.1, creation date:2025-09-13 14:18:16 +0000>",2025-10-02 15:08:24 +0000,2025-10-02 15:08:24 +0000,count/min,62.00000000000001,2
HKQuantityTypeIdentifierHeartRate,PhysTrax Apple Watch,11.6.1,"Watch7,1","<<HKDevice: 0x133e95260>, name:Apple Watch, manufacturer:Apple Inc., model:Watch, hardware:Watch7,1, software:11.6.1, creation date:2025-09-13 14:18:16 +0000>",2025-10-02 15:08:32 +0000,2025-10-02 15:08:32 +0000,count/min,66.0,2
HKQuantityTypeIdentifierHeartRate,PhysTrax Apple Watch,11.6.1,"Watch7,1","<<HKDevice: 0x133e95260>, name:Apple Watch, manufacturer:Apple Inc., model:Watch, hardware:Watch7,1, software:11.6.1, creation date:2025-09-13 14:18:16 +0000>",2025-10-02 15:08:35 +0000,2025-10-02 15:08:35 +0000,count/min,66.0,2
HKQuantityTypeIdentifierHeartRate,PhysTrax Apple Watch,11.6.1,"Watch7,1","<<HKDevice: 0x133e95260>, name:Apple Watch, manufacturer:Apple Inc., model:Watch, hardware:Watch7,1, software:11.6.1, creation date:2025-09-13 14:18:16 +0000>",2025-10-02 15:08:41 +0000,2025-10-02 15:08:41 +0000,count/min,66.0,2
HKQuantityTypeIdentifierHeartRate,PhysTrax Apple Watch,11.6.1,"Watch7,1","<<HKDevice: 0x133e95260>, name:Apple Watch, manufacturer:Apple Inc., model:Watch, hardware:Watch7,1, software:11.6.1, creation date:2025-09-13 14:18:16 +0000>",2025-10-02 15:08:44 +0000,2025-10-02 15:08:44 +0000,count/min,67.0,2
HKQuantityTypeIdentifierHeartRate,PhysTrax Apple Watch,11.6.1,"Watch7,1","<<HKDevice: 0x133e95260>, name:Apple Watch, manufacturer:Apple Inc., model:Watch, hardware:Watch7,1, software:11.6.1, creation date:2025-09-13 14:18:16 +0000>",2025-10-02 15:08:52 +0000,2025-10-02 15:08:52 +0000,count/min,66.0,2
HKQuantityTypeIdentifierHeartRate,PhysTrax Apple Watch,11.6.1,"Watch7,1","<<HKDevice: 0x133e95260>, name:Apple Watch, manufacturer:Apple Inc., model:Watch, hardware:Watch7,1, software:11.6.1, creation date:2025-09-13 14:18:16 +0000>",2025-10-02 15:08:55 +0000,2025-10-02 15:08:55 +0000,count/min,67.0,2
HKQuantityTypeIdentifierHeartRate,PhysTrax Apple Watch,11.6.1,"Watch7,1","<<HKDevice: 0x133e95260>, name:Apple Watch, manufacturer:Apple Inc., model:Watch, hardware:Watch7,1, software:11.6.1, creation date:2025-09-13 14:18:16 +0000>",2025-10-02 15:09:02 +0000,2025-10-02 15:09:02 +0000,count/min,63.0,2
HKQuantityTypeIdentifierHeartRate,PhysTrax Apple Watch,11.6.1,"Watch7,1","<<HKDevice: 0x133e95260>, name:Apple Watch, manufacturer:Apple Inc., model:Watch, hardware:Watch7,1, software:11.6.1, creation date:2025-09-13 14:18:16 +0000>",2025-10-02 15:09:03 +0000,2025-10-02 15:09:03 +0000,count/min,62.00000000000001,2
HKQuantityTypeIdentifierHeartRate,PhysTrax Apple Watch,11.6.1,"Watch7,1","<<HKDevice: 0x133e95260>, name:Apple Watch, manufacturer:Apple Inc., model:Watch, hardware:Watch7,1, software:11.6.1, creation date:2025-09-13 14:18:16 +0000>",2025-10-02 15:09:12 +0000,2025-10-02 15:09:12 +0000,count/min,63.0,2
HKQuantityTypeIdentifierHeartRate,PhysTrax Apple Watch,11.6.1,"Watch7,1","<<HKDevice: 0x133e95260>, name:Apple Watch, manufacturer:Apple Inc., model:Watch, hardware:Watch7,1, software:11.6.1, creation date:2025-09-13 14:18:16 +0000>",2025-10-02 15:09:16 +0000,2025-10-02 15:09:16 +0000,count/min,63.0,2
HKQuantityTypeIdentifierHeartRate,PhysTrax Apple Watch,11.6.1,"Watch7,1","<<HKDevice: 0x133e95260>, name:Apple Watch, manufacturer:Apple Inc., model:Watch, hardware:Watch7,1, software:11.6.1, creation date:2025-09-13 14:18:16 +0000>",2025-10-02 15:09:20 +0000,2025-10-02 15:09:20 +0000,count/min,63.0,2
HKQuantityTypeIdentifierHeartRate,PhysTrax Apple Watch,11.6.1,"Watch7,1","<<HKDevice: 0x133e95260>, name:Apple Watch, manufacturer:Apple Inc., model:Watch, hardware:Watch7,1, software:11.6.1, creation date:2025-09-13 14:18:16 +0000>",2025-10-02 15:09:24 +0000,2025-10-02 15:09:24 +0000,count/min,62.00000000000001,2
HKQuantityTypeIdentifierHeartRate,PhysTrax Apple Watch,11.6.1,"Watch7,1","<<HKDevice: 0x133e95260>, name:Apple Watch, manufacturer:Apple Inc., model:Watch, hardware:Watch7,1, software:11.6.1, creation date:2025-09-13 14:18:16 +0000>",2025-10-02 15:09:30 +0000,2025-10-02 15:09:30 +0000,count/min,64.0,2
HKQuantityTypeIdentifierHeartRate,PhysTrax Apple Watch,11.6.1,"Watch7,1","<<HKDevice: 0x133e95260>, name:Apple Watch, manufacturer:Apple Inc., model:Watch, hardware:Watch7,1, software:11.6.1, creation date:2025-09-13 14:18:16 +0000>",2025-10-02 15:09:33 +0000,2025-10-02 15:09:33 +0000,count/min,66.0,2
HKQuantityTypeIdentifierHeartRate,PhysTrax Apple Watch,11.6.1,"Watch7,1","<<HKDevice: 0x133e95260>, name:Apple Watch, manufacturer:Apple Inc., model:Watch, hardware:Watch7,1, software:11.6.1, creation date:2025-09-13 14:18:16 +0000>",2025-10-02 15:09:42 +0000,2025-10-02 15:09:42 +0000,count/min,62.00000000000001,2
HKQuantityTypeIdentifierHeartRate,PhysTrax Apple Watch,11.6.1,"Watch7,1","<<HKDevice: 0x133e95260>, name:Apple Watch, manufacturer:Apple Inc., model:Watch, hardware:Watch7,1, software:11.6.1, creation date:2025-09-13 14:18:16 +0000>",2025-10-02 15:09:46 +0000,2025-10-02 15:09:46 +0000,count/min,61.0,2
HKQuantityTypeIdentifierHeartRate,PhysTrax Apple Watch,11.6.1,"Watch7,1","<<HKDevice: 0x133e95260>, name:Apple Watch, manufacturer:Apple Inc., model:Watch, hardware:Watch7,1, software:11.6.1, creation date:2025-09-13 14:18:16 +0000>",2025-10-02 15:09:51 +0000,2025-10-02 15:09:51 +0000,count/min,62.00000000000001,2
HKQuantityTypeIdentifierHeartRate,PhysTrax Apple Watch,11.6.1,"Watch7,1","<<HKDevice: 0x133e95260>, name:Apple Watch, manufacturer:Apple Inc., model:Watch, hardware:Watch7,1, software:11.6.1, creation date:2025-09-13 14:18:16 +0000>",2025-10-02 15:09:53 +0000,2025-10-02 15:09:53 +0000,count/min,62.00000000000001,2
HKQuantityTypeIdentifierHeartRate,PhysTrax Apple Watch,11.6.1,"Watch7,1","<<HKDevice: 0x133e95260>, name:Apple Watch, manufacturer:Apple Inc., model:Watch, hardware:Watch7,1, software:11.6.1, creation date:2025-09-13 14:18:16 +0000>",2025-10-02 15:09:58 +0000,2025-10-02 15:09:58 +0000,count/min,63.0,2
HKQuantityTypeIdentifierHeartRate,PhysTrax Apple Watch,11.6.1,"Watch7,1","<<HKDevice: 0x133e95260>, name:Apple Watch, manufacturer:Apple Inc., model:Watch, hardware:Watch7,1, software:11.6.1, creation date:2025-09-13 14:18:16 +0000>",2025-10-02 15:10:03 +0000,2025-10-02 15:10:03 +0000,count/min,62.00000000000001,2
HKQuantityTypeIdentifierHeartRate,PhysTrax Apple Watch,11.6.1,"Watch7,1","<<HKDevice: 0x133e95260>, name:Apple Watch, manufacturer:Apple Inc., model:Watch, hardware:Watch7,1, software:11.6.1, creation date:2025-09-13 14:18:16 +0000>",2025-10-02 15:10:08 +0000,2025-10-02 15:10:08 +0000,count/min,59.0,2
HKQuantityTypeIdentifierHeartRate,PhysTrax Apple Watch,11.6.1,"Watch7,1","<<HKDevice: 0x133e95260>, name:Apple Watch, manufacturer:Apple Inc., model:Watch, hardware:Watch7,1, software:11.6.1, creation date:2025-09-13 14:18:16 +0000>",2025-10-02 15:10:15 +0000,2025-10-02 15:10:15 +0000,count/min,63.0,2
HKQuantityTypeIdentifierHeartRate,PhysTrax Apple Watch,11.6.1,"Watch7,1","<<HKDevice: 0x133e95260>, name:Apple Watch, manufacturer:Apple Inc., model:Watch, hardware:Watch7,1, software:11.6.1, creation date:2025-09-13 14:18:16 +0000>",2025-10-02 15:10:21 +0000,2025-10-02 15:10:21 +0000,count/min,65.0,2
HKQuantityTypeIdentifierHeartRate,PhysTrax Apple Watch,11.6.1,"Watch7,1","<<HKDevice: 0x133e95260>, name:Apple Watch, manufacturer:Apple Inc., model:Watch, hardware:Watch7,1, software:11.6.1, creation date:2025-09-13 14:18:16 +0000>",2025-10-02 15:10:23 +0000,2025-10-02 15:10:23 +0000,count/min,64.0,2
HKQuantityTypeIdentifierHeartRate,PhysTrax Apple Watch,11.6.1,"Watch7,1","<<HKDevice: 0x133e95260>, name:Apple Watch, manufacturer:Apple Inc., model:Watch, hardware:Watch7,1, software:11.6.1, creation date:2025-09-13 14:18:16 +0000>",2025-10-02 15:10:28 +0000,2025-10-02 15:10:28 +0000,count/min,65.0,2
HKQuantityTypeIdentifierHeartRate,PhysTrax Apple Watch,11.6.1,"Watch7,1","<<HKDevice: 0x133e95260>, name:Apple Watch, manufacturer:Apple Inc., model:Watch, hardware:Watch7,1, software:11.6.1, creation date:2025-09-13 14:18:16 +0000>",2025-10-02 15:10:37 +0000,2025-10-02 15:10:37 +0000,count/min,73.0,2
HKQuantityTypeIdentifierHeartRate,PhysTrax Apple Watch,11.6.1,"Watch7,1","<<HKDevice: 0x133e95260>, name:Apple Watch, manufacturer:Apple Inc., model:Watch, hardware:Watch7,1, software:11.6.1, creation date:2025-09-13 14:18:16 +0000>",2025-10-02 15:10:38 +0000,2025-10-02 15:10:38 +0000,count/min,73.0,2
HKQuantityTypeIdentifierHeartRate,PhysTrax Apple Watch,11.6.1,"Watch7,1","<<HKDevice: 0x133e95260>, name:Apple Watch, manufacturer:Apple Inc., model:Watch, hardware:Watch7,1, software:11.6.1, creation date:2025-09-13 14:18:16 +0000>",2025-10-02 15:10:47 +0000,2025-10-02 15:10:47 +0000,count/min,73.0,2
HKQuantityTypeIdentifierHeartRate,PhysTrax Apple Watch,11.6.1,"Watch7,1","<<HKDevice: 0x133e95260>, name:Apple Watch, manufacturer:Apple Inc., model:Watch, hardware:Watch7,1, software:11.6.1, creation date:2025-09-13 14:18:16 +0000>",2025-10-02 15:10:52 +0000,2025-10-02 15:10:52 +0000,count/min,68.0,2
HKQuantityTypeIdentifierHeartRate,PhysTrax Apple Watch,11.6.1,"Watch7,1","<<HKDevice: 0x133e95260>, name:Apple Watch, manufacturer:Apple Inc., model:Watch, hardware:Watch7,1, software:11.6.1, creation date:2025-09-13 14:18:16 +0000>",2025-10-02 15:10:57 +0000,2025-10-02 15:10:57 +0000,count/min,66.0,2
HKQuantityTypeIdentifierHeartRate,PhysTrax Apple Watch,11.6.1,"Watch7,1","<<HKDevice: 0x133e95260>, name:Apple Watch, manufacturer:Apple Inc., model:Watch, hardware:Watch7,1, software:11.6.1, creation date:2025-09-13 14:18:16 +0000>",2025-10-02 15:11:02 +0000,2025-10-02 15:11:02 +0000,count/min,66.0,2
HKQuantityTypeIdentifierHeartRate,PhysTrax Apple Watch,11.6.1,"Watch7,1","<<HKDevice: 0x133e95260>, name:Apple Watch, manufacturer:Apple Inc., model:Watch, hardware:Watch7,1, software:11.6.1, creation date:2025-09-13 14:18:16 +0000>",2025-10-02 15:11:06 +0000,2025-10-02 15:11:06 +0000,count/min,69.0,2
HKQuantityTypeIdentifierHeartRate,PhysTrax Apple Watch,11.6.1,"Watch7,1","<<HKDevice: 0x133e95260>, name:Apple Watch, manufacturer:Apple Inc., model:Watch, hardware:Watch7,1, software:11.6.1, creation date:2025-09-13 14:18:16 +0000>",2025-10-02 15:11:08 +0000,2025-10-02 15:11:08 +0000,count/min,71.0,2
HKQuantityTypeIdentifierHeartRate,PhysTrax Apple Watch,11.6.1,"Watch7,1","<<HKDevice: 0x133e95260>, name:Apple Watch, manufacturer:Apple Inc., model:Watch, hardware:Watch7,1, software:11.6.1, creation date:2025-09-13 14:18:16 +0000>",2025-10-02 15:11:15 +0000,2025-10-02 15:11:15 +0000,count/min,76.0,2
HKQuantityTypeIdentifierHeartRate,PhysTrax Apple Watch,11.6.1,"Watch7,1","<<HKDevice: 0x133e95260>, name:Apple Watch, manufacturer:Apple Inc., model:Watch, hardware:Watch7,1, software:11.6.1, creation date:2025-09-13 14:18:16 +0000>",2025-10-02 15:11:22 +0000,2025-10-02 15:11:22 +0000,count/min,70.0,2
HKQuantityTypeIdentifierHeartRate,PhysTrax Apple Watch,11.6.1,"Watch7,1","<<HKDevice: 0x133e95260>, name:Apple Watch, manufacturer:Apple Inc., model:Watch, hardware:Watch7,1, software:11.6.1, creation date:2025-09-13 14:18:16 +0000>",2025-10-02 15:11:23 +0000,2025-10-02 15:11:23 +0000,count/min,69.0,2
HKQuantityTypeIdentifierHeartRate,PhysTrax Apple Watch,11.6.1,"Watch7,1","<<HKDevice: 0x133e95260>, name:Apple Watch, manufacturer:Apple Inc., model:Watch, hardware:Watch7,1, software:11.6.1, creation date:2025-09-13 14:18:16 +0000>",2025-10-02 15:11:28 +0000,2025-10-02 15:11:28 +0000,count/min,71.0,2
HKQuantityTypeIdentifierHeartRate,PhysTrax Apple Watch,11.6.1,"Watch7,1","<<HKDevice: 0x133e95260>, name:Apple Watch, manufacturer:Apple Inc., model:Watch, hardware:Watch7,1, software:11.6.1, creation date:2025-09-13 14:18:16 +0000>",2025-10-02 15:11:37 +0000,2025-10-02 15:11:37 +0000,count/min,81.0,2
HKQuantityTypeIdentifierHeartRate,PhysTrax Apple Watch,11.6.1,"Watch7,1","<<HKDevice: 0x133e95260>, name:Apple Watch, manufacturer:Apple Inc., model:Watch, hardware:Watch7,1, software:11.6.1, creation date:2025-09-13 14:18:16 +0000>",2025-10-02 15:11:42 +0000,2025-10-02 15:11:42 +0000,count/min,76.0,2
HKQuantityTypeIdentifierHeartRate,PhysTrax Apple Watch,11.6.1,"Watch7,1","<<HKDevice: 0x133e95260>, name:Apple Watch, manufacturer:Apple Inc., model:Watch, hardware:Watch7,1, software:11.6.1, creation date:2025-09-13 14:18:16 +0000>",2025-10-02 15:11:47 +0000,2025-10-02 15:11:47 +0000,count/min,70.0,2
HKQuantityTypeIdentifierHeartRate,PhysTrax Apple Watch,11.6.1,"Watch7,1","<<HKDevice: 0x133e95260>, name:Apple Watch, manufacturer:Apple Inc., model:Watch, hardware:Watch7,1, software:11.6.1, creation date:2025-09-13 14:18:16 +0000>",2025-10-02 15:11:52 +0000,2025-10-02 15:11:52 +0000,count/min,66.0,2
HKQuantityTypeIdentifierHeartRate,PhysTrax Apple Watch,11.6.1,"Watch7,1","<<HKDevice: 0x133e95260>, name:Apple Watch, manufacturer:Apple Inc., model:Watch, hardware:Watch7,1, software:11.6.1, creation date:2025-09-13 14:18:16 +0000>",2025-10-02 15:11:57 +0000,2025-10-02 15:11:57 +0000,count/min,65.0,2
HKQuantityTypeIdentifierHeartRate,PhysTrax Apple Watch,11.6.1,"Watch7,1","<<HKDevice: 0x133e95260>, name:Apple Watch, manufacturer:Apple Inc., model:Watch, hardware:Watch7,1, software:11.6.1, creation date:2025-09-13 14:18:16 +0000>",2025-10-02 15:11:58 +0000,2025-10-02 15:11:58 +0000,count/min,65.0,2
HKQuantityTypeIdentifierHeartRate,PhysTrax Apple Watch,11.6.1,"Watch7,1","<<HKDevice: 0x133e95260>, name:Apple Watch, manufacturer:Apple Inc., model:Watch, hardware:Watch7,1, software:11.6.1, creation date:2025-09-13 14:18:16 +0000>",2025-10-02 15:14:31 +0000,2025-10-02 15:14:31 +0000,count/min,68.21426391601562,2
HKQuantityTypeIdentifierHeartRate,PhysTrax Apple Watch,11.6.1,"Watch7,1","<<HKDevice: 0x133e95260>, name:Apple Watch, manufacturer:Apple Inc., model:Watch, hardware:Watch7,1, software:11.6.1, creation date:2025-09-13 14:18:16 +0000>",2025-10-02 15:14:55 +0000,2025-10-02 15:14:55 +0000,count/min,67.0,0
HKQuantityTypeIdentifierHeartRate,PhysTrax Apple Watch,11.6.1,"Watch7,1","<<HKDevice: 0x133e95260>, name:Apple Watch, manufacturer:Apple Inc., model:Watch, hardware:Watch7,1, software:11.6.1, creation date:2025-09-13 14:18:16 +0000>",2025-10-02 15:15:26 +0000,2025-10-02 15:15:26 +0000,count/min,71.0,2
HKQuantityTypeIdentifierHeartRate,PhysTrax Apple Watch,11.6.1,"Watch7,1","<<HKDevice: 0x133e95260>, name:Apple Watch, manufacturer:Apple Inc., model:Watch, hardware:Watch7,1, software:11.6.1, creation date:2025-09-13 14:18:16 +0000>",2025-10-02 15:15:37 +0000,2025-10-02 15:15:37 +0000,count/min,67.72755432128906,2
HKQuantityTypeIdentifierHeartRate,PhysTrax Apple Watch,11.6.1,"Watch7,1","<<HKDevice: 0x133e95260>, name:Apple Watch, manufacturer:Apple Inc., model:Watch, hardware:Watch7,1, software:11.6.1, creation date:2025-09-13 14:18:16 +0000>",2025-10-02 15:24:23 +0000,2025-10-02 15:24:23 +0000,count/min,64.0,2
HKQuantityTypeIdentifierHeartRate,PhysTrax Apple Watch,11.6.1,"Watch7,1","<<HKDevice: 0x133e95260>, name:Apple Watch, manufacturer:Apple Inc., model:Watch, hardware:Watch7,1, software:11.6.1, creation date:2025-09-13 14:18:16 +0000>",2025-10-02 15:26:58 +0000,2025-10-02 15:26:58 +0000,count/min,67.0,2
HKQuantityTypeIdentifierHeartRate,PhysTrax Apple Watch,11.6.1,"Watch7,1","<<HKDevice: 0x133e95260>, name:Apple Watch, manufacturer:Apple Inc., model:Watch, hardware:Watch7,1, software:11.6.1, creation date:2025-09-13 14:18:16 +0000>",2025-10-02 15:32:36 +0000,2025-10-02 15:32:36 +0000,count/min,66.0,2
HKQuantityTypeIdentifierHeartRate,PhysTrax Apple Watch,11.6.1,"Watch7,1","<<HKDevice: 0x133e95260>, name:Apple Watch, manufacturer:Apple Inc., model:Watch, hardware:Watch7,1, software:11.6.1, creation date:2025-09-13 14:18:16 +0000>",2025-10-02 15:36:41 +0000,2025-10-02 15:36:41 +0000,count/min,68.0,2
HKQuantityTypeIdentifierHeartRate,PhysTrax Apple Watch,11.6.1,"Watch7,1","<<HKDevice: 0x133e95260>, name:Apple Watch, manufacturer:Apple Inc., model:Watch, hardware:Watch7,1, software:11.6.1, creation date:2025-09-13 14:18:16 +0000>",2025-10-02 15:41:30 +0000,2025-10-02 15:41:30 +0000,count/min,67.0,2
HKQuantityTypeIdentifierHeartRate,PhysTrax Apple Watch,11.6.1,"Watch7,1","<<HKDevice: 0x133e95260>, name:Apple Watch, manufacturer:Apple Inc., model:Watch, hardware:Watch7,1, software:11.6.1, creation date:2025-09-13 14:18:16 +0000>",2025-10-02 15:47:42 +0000,2025-10-02 15:47:42 +0000,count/min,66.0,2
HKQuantityTypeIdentifierHeartRate,PhysTrax Apple Watch,11.6.1,"Watch7,1","<<HKDevice: 0x133e95260>, name:Apple Watch, manufacturer:Apple Inc., model:Watch, hardware:Watch7,1, software:11.6.1, creation date:2025-09-13 14:18:16 +0000>",2025-10-02 15:55:53 +0000,2025-10-02 15:55:53 +0000,count/min,63.0,2
HKQuantityTypeIdentifierHeartRate,PhysTrax Apple Watch,11.6.1,"Watch7,1","<<HKDevice: 0x133e95260>, name:Apple Watch, manufacturer:Apple Inc., model:Watch, hardware:Watch7,1, software:11.6.1, creation date:2025-09-13 14:18:16 +0000>",2025-10-02 16:00:41 +0000,2025-10-02 16:00:41 +0000,count/min,63.0,2
HKQuantityTypeIdentifierHeartRate,PhysTrax Apple Watch,11.6.1,"Watch7,1","<<HKDevice: 0x133e95260>, name:Apple Watch, manufacturer:Apple Inc., model:Watch, hardware:Watch7,1, software:11.6.1, creation date:2025-09-13 14:18:16 +0000>",2025-10-02 16:01:49 +0000,2025-10-02 16:01:49 +0000,count/min,64.0,2
HKQuantityTypeIdentifierHeartRate,PhysTrax Apple Watch,11.6.1,"Watch7,1","<<HKDevice: 0x133e95260>, name:Apple Watch, manufacturer:Apple Inc., model:Watch, hardware:Watch7,1, software:11.6.1, creation date:2025-09-13 14:18:16 +0000>",2025-10-02 16:09:42 +0000,2025-10-02 16:09:42 +0000,count/min,78.0,2
HKQuantityTypeIdentifierHeartRate,PhysTrax Apple Watch,11.6.1,"Watch7,1","<<HKDevice: 0x133e95260>, name:Apple Watch, manufacturer:Apple Inc., model:Watch, hardware:Watch7,1, software:11.6.1, creation date:2025-09-13 14:18:16 +0000>",2025-10-02 16:13:18 +0000,2025-10-02 16:13:18 +0000,count/min,78.0,2
HKQuantityTypeIdentifierHeartRate,PhysTrax Apple Watch,11.6.1,"Watch7,1","<<HKDevice: 0x133e95260>, name:Apple Watch, manufacturer:Apple Inc., model:Watch, hardware:Watch7,1, software:11.6.1, creation date:2025-09-13 14:18:16 +0000>",2025-10-02 16:23:44 +0000,2025-10-02 16:23:44 +0000,count/min,69.0,2
HKQuantityTypeIdentifierHeartRate,PhysTrax Apple Watch,11.6.1,"Watch7,1","<<HKDevice: 0x133e95260>, name:Apple Watch, manufacturer:Apple Inc., model:Watch, hardware:Watch7,1, software:11.6.1, creation date:2025-09-13 14:18:16 +0000>",2025-10-02 16:27:29 +0000,2025-10-02 16:27:29 +0000,count/min,70.33728790283203,2
HKQuantityTypeIdentifierHeartRate,PhysTrax Apple Watch,11.6.1,"Watch7,1","<<HKDevice: 0x133e95260>, name:Apple Watch, manufacturer:Apple Inc., model:Watch, hardware:Watch7,1, software:11.6.1, creation date:2025-09-13 14:18:16 +0000>",2025-10-02 16:27:49 +0000,2025-10-02 16:27:49 +0000,count/min,66.0,2
HKQuantityTypeIdentifierHeartRate,PhysTrax Apple Watch,11.6.1,"Watch7,1","<<HKDevice: 0x133e95260>, name:Apple Watch, manufacturer:Apple Inc., model:Watch, hardware:Watch7,1, software:11.6.1, creation date:2025-09-13 14:18:16 +0000>",2025-10-02 16:31:22 +0000,2025-10-02 16:31:22 +0000,count/min,72.0,2
HKQuantityTypeIdentifierHeartRate,PhysTrax Apple Watch,11.6.1,"Watch7,1","<<HKDevice: 0x133e95260>, name:Apple Watch, manufacturer:Apple Inc., model:Watch, hardware:Watch7,1, software:11.6.1, creation date:2025-09-13 14:18:16 +0000>",2025-10-02 16:35:24 +0000,2025-10-02 16:35:24 +0000,count/min,72.0,2
HKQuantityTypeIdentifierHeartRate,PhysTrax Apple Watch,11.6.1,"Watch7,1","<<HKDevice: 0x133e95260>, name:Apple Watch, manufacturer:Apple Inc., model:Watch, hardware:Watch7,1, software:11.6.1, creation date:2025-09-13 14:18:16 +0000>",2025-10-02 16:40:25 +0000,2025-10-02 16:40:25 +0000,count/min,65.0,2
HKQuantityTypeIdentifierHeartRate,PhysTrax Apple Watch,11.6.1,"Watch7,1","<<HKDevice: 0x133e95260>, name:Apple Watch, manufacturer:Apple Inc., model:Watch, hardware:Watch7,1, software:11.6.1, creation date:2025-09-13 14:18:16 +0000>",2025-10-02 16:44:05 +0000,2025-10-02 16:44:05 +0000,count/min,61.0,2
HKQuantityTypeIdentifierHeartRate,PhysTrax Apple Watch,11.6.1,"Watch7,1","<<HKDevice: 0x133e95260>, name:Apple Watch, manufacturer:Apple Inc., model:Watch, hardware:Watch7,1, software:11.6.1, creation date:2025-09-13 14:18:16 +0000>",2025-10-02 16:47:12 +0000,2025-10-02 16:47:12 +0000,count/min,68.0,2
HKQuantityTypeIdentifierHeartRate,PhysTrax Apple Watch,11.6.1,"Watch7,1","<<HKDevice: 0x133e95260>, name:Apple Watch, manufacturer:Apple Inc., model:Watch, hardware:Watch7,1, software:11.6.1, creation date:2025-09-13 14:18:16 +0000>",2025-10-02 16:53:52 +0000,2025-10-02 16:53:52 +0000,count/min,67.0,2
HKQuantityTypeIdentifierHeartRate,PhysTrax Apple Watch,11.6.1,"Watch7,1","<<HKDevice: 0x133e95260>, name:Apple Watch, manufacturer:Apple Inc., model:Watch, hardware:Watch7,1, software:11.6.1, creation date:2025-09-13 14:18:16 +0000>",2025-10-02 16:56:04 +0000,2025-10-02 16:56:04 +0000,count/min,65.0,2
HKQuantityTypeIdentifierHeartRate,PhysTrax Apple Watch,11.6.1,"Watch7,1","<<HKDevice: 0x133e95260>, name:Apple Watch, manufacturer:Apple Inc., model:Watch, hardware:Watch7,1, software:11.6.1, creation date:2025-09-13 14:18:16 +0000>",2025-10-02 17:01:47 +0000,2025-10-02 17:01:47 +0000,count/min,71.0,2
HKQuantityTypeIdentifierHeartRate,PhysTrax Apple Watch,11.6.1,"Watch7,1","<<HKDevice: 0x133e95260>, name:Apple Watch, manufacturer:Apple Inc., model:Watch, hardware:Watch7,1, software:11.6.1, creation date:2025-09-13 14:18:16 +0000>",2025-10-02 17:05:41 +0000,2025-10-02 17:05:41 +0000,count/min,95.0,2
HKQuantityTypeIdentifierHeartRate,PhysTrax Apple Watch,11.6.1,"Watch7,1","<<HKDevice: 0x133e95260>, name:Apple Watch, manufacturer:Apple Inc., model:Watch, hardware:Watch7,1, software:11.6.1, creation date:2025-09-13 14:18:16 +0000>",2025-10-02 17:23:48 +0000,2025-10-02 17:23:48 +0000,count/min,85.0,2
HKQuantityTypeIdentifierHeartRate,PhysTrax Apple Watch,11.6.1,"Watch7,1","<<HKDevice: 0x133e95260>, name:Apple Watch, manufacturer:Apple Inc., model:Watch, hardware:Watch7,1, software:11.6.1, creation date:2025-09-13 14:18:16 +0000>",2025-10-02 17:30:14 +0000,2025-10-02 17:30:14 +0000,count/min,71.0,2
HKQuantityTypeIdentifierHeartRate,PhysTrax Apple Watch,11.6.1,"Watch7,1","<<HKDevice: 0x133e95260>, name:Apple Watch, manufacturer:Apple Inc., model:Watch, hardware:Watch7,1, software:11.6.1, creation date:2025-09-13 14:18:16 +0000>",2025-10-02 17:30:49 +0000,2025-10-02 17:30:49 +0000,count/min,74.0,0
HKQuantityTypeIdentifierHeartRate,PhysTrax Apple Watch,11.6.1,"Watch7,1","<<HKDevice: 0x133e95260>, name:Apple Watch, manufacturer:Apple Inc., model:Watch, hardware:Watch7,1, software:11.6.1, creation date:2025-09-13 14:18:16 +0000>",2025-10-02 17:33:44 +0000,2025-10-02 17:33:44 +0000,count/min,68.0,2
HKQuantityTypeIdentifierHeartRate,PhysTrax Apple Watch,11.6.1,"Watch7,1","<<HKDevice: 0x133e95260>, name:Apple Watch, manufacturer:Apple Inc., model:Watch, hardware:Watch7,1, software:11.6.1, creation date:2025-09-13 14:18:16 +0000>",2025-10-02 17:49:06 +0000,2025-10-02 17:49:06 +0000,count/min,115.0,2
HKQuantityTypeIdentifierHeartRate,PhysTrax Apple Watch,11.6.1,"Watch7,1","<<HKDevice: 0x133e95260>, name:Apple Watch, manufacturer:Apple Inc., model:Watch, hardware:Watch7,1, software:11.6.1, creation date:2025-09-13 14:18:16 +0000>",2025-10-02 17:52:04 +0000,2025-10-02 17:52:04 +0000,count/min,112.0,2
HKQuantityTypeIdentifierHeartRate,PhysTrax Apple Watch,11.6.1,"Watch7,1","<<HKDevice: 0x133e95260>, name:Apple Watch, manufacturer:Apple Inc., model:Watch, hardware:Watch7,1, software:11.6.1, creation date:2025-09-13 14:18:16 +0000>",2025-10-02 17:52:09 +0000,2025-10-02 17:52:09 +0000,count/min,113.0,2
HKQuantityTypeIdentifierHeartRate,PhysTrax Apple Watch,11.6.1,"Watch7,1","<<HKDevice: 0x133e95260>, name:Apple Watch, manufacturer:Apple Inc., model:Watch, hardware:Watch7,1, software:11.6.1, creation date:2025-09-13 14:18:16 +0000>",2025-10-02 17:52:13 +0000,2025-10-02 17:52:13 +0000,count/min,116.0,2
HKQuantityTypeIdentifierHeartRate,PhysTrax Apple Watch,11.6.1,"Watch7,1","<<HKDevice: 0x133e95260>, name:Apple Watch, manufacturer:Apple Inc., model:Watch, hardware:Watch7,1, software:11.6.1, creation date:2025-09-13 14:18:16 +0000>",2025-10-02 17:52:17 +0000,2025-10-02 17:52:17 +0000,count/min,119.0,2
HKQuantityTypeIdentifierHeartRate,PhysTrax Apple Watch,11.6.1,"Watch7,1","<<HKDevice: 0x133e95260>, name:Apple Watch, manufacturer:Apple Inc., model:Watch, hardware:Watch7,1, software:11.6.1, creation date:2025-09-13 14:18:16 +0000>",2025-10-02 17:52:20 +0000,2025-10-02 17:52:20 +0000,count/min,118.0,2
HKQuantityTypeIdentifierHeartRate,PhysTrax Apple Watch,11.6.1,"Watch7,1","<<HKDevice: 0x133e95260>, name:Apple Watch, manufacturer:Apple Inc., model:Watch, hardware:Watch7,1, software:11.6.1, creation date:2025-09-13 14:18:16 +0000>",2025-10-02 17:52:25 +0000,2025-10-02 17:52:25 +0000,count/min,114.0,2
HKQuantityTypeIdentifierHeartRate,PhysTrax Apple Watch,11.6.1,"Watch7,1","<<HKDevice: 0x133e95260>, name:Apple Watch, manufacturer:Apple Inc., model:Watch, hardware:Watch7,1, software:11.6.1, creation date:2025-09-13 14:18:16 +0000>",2025-10-02 17:52:34 +0000,2025-10-02 17:52:34 +0000,count/min,108.0,2
HKQuantityTypeIdentifierHeartRate,PhysTrax Apple Watch,11.6.1,"Watch7,1","<<HKDevice: 0x133e95260>, name:Apple Watch, manufacturer:Apple Inc., model:Watch, hardware:Watch7,1, software:11.6.1, creation date:2025-09-13 14:18:16 +0000>",2025-10-02 17:52:36 +0000,2025-10-02 17:52:36 +0000,count/min,109.0,2
HKQuantityTypeIdentifierHeartRate,PhysTrax Apple Watch,11.6.1,"Watch7,1","<<HKDevice: 0x133e95260>, name:Apple Watch, manufacturer:Apple Inc., model:Watch, hardware:Watch7,1, software:11.6.1, creation date:2025-09-13 14:18:16 +0000>",2025-10-02 17:52:40 +0000,2025-10-02 17:52:40 +0000,count/min,108.0,2
HKQuantityTypeIdentifierHeartRate,PhysTrax Apple Watch,11.6.1,"Watch7,1","<<HKDevice: 0x133e95260>, name:Apple Watch, manufacturer:Apple Inc., model:Watch, hardware:Watch7,1, software:11.6.1, creation date:2025-09-13 14:18:16 +0000>",2025-10-02 17:52:49 +0000,2025-10-02 17:52:49 +0000,count/min,107.00000000000001,2
HKQuantityTypeIdentifierHeartRate,PhysTrax Apple Watch,11.6.1,"Watch7,1","<<HKDevice: 0x133e95260>, name:Apple Watch, manufacturer:Apple Inc., model:Watch, hardware:Watch7,1, software:11.6.1, creation date:2025-09-13 14:18:16 +0000>",2025-10-02 17:52:52 +0000,2025-10-02 17:52:52 +0000,count/min,107.00000000000001,2
HKQuantityTypeIdentifierHeartRate,PhysTrax Apple Watch,11.6.1,"Watch7,1","<<HKDevice: 0x133e95260>, name:Apple Watch, manufacturer:Apple Inc., model:Watch, hardware:Watch7,1, software:11.6.1, creation date:2025-09-13 14:18:16 +0000>",2025-10-02 17:52:55 +0000,2025-10-02 17:52:55 +0000,count/min,106.0,2
HKQuantityTypeIdentifierHeartRate,PhysTrax Apple Watch,11.6.1,"Watch7,1","<<HKDevice: 0x133e95260>, name:Apple Watch, manufacturer:Apple Inc., model:Watch, hardware:Watch7,1, software:11.6.1, creation date:2025-09-13 14:18:16 +0000>",2025-10-02 17:53:04 +0000,2025-10-02 17:53:04 +0000,count/min,104.0,2
HKQuantityTypeIdentifierHeartRate,PhysTrax Apple Watch,11.6.1,"Watch7,1","<<HKDevice: 0x133e95260>, name:Apple Watch, manufacturer:Apple Inc., model:Watch, hardware:Watch7,1, software:11.6.1, creation date:2025-09-13 14:18:16 +0000>",2025-10-02 17:53:05 +0000,2025-10-02 17:53:05 +0000,count/min,104.0,2
HKQuantityTypeIdentifierHeartRate,PhysTrax Apple Watch,11.6.1,"Watch7,1","<<HKDevice: 0x133e95260>, name:Apple Watch, manufacturer:Apple Inc., model:Watch, hardware:Watch7,1, software:11.6.1, creation date:2025-09-13 14:18:16 +0000>",2025-10-02 17:53:10 +0000,2025-10-02 17:53:10 +0000,count/min,108.0,2
HKQuantityTypeIdentifierHeartRate,PhysTrax Apple Watch,11.6.1,"Watch7,1","<<HKDevice: 0x133e95260>, name:Apple Watch, manufacturer:Apple Inc., model:Watch, hardware:Watch7,1, software:11.6.1, creation date:2025-09-13 14:18:16 +0000>",2025-10-02 17:53:17 +0000,2025-10-02 17:53:17 +0000,count/min,108.0,2
HKQuantityTypeIdentifierHeartRate,PhysTrax Apple Watch,11.6.1,"Watch7,1","<<HKDevice: 0x133e95260>, name:Apple Watch, manufacturer:Apple Inc., model:Watch, hardware:Watch7,1, software:11.6.1, creation date:2025-09-13 14:18:16 +0000>",2025-10-02 17:53:20 +0000,2025-10-02 17:53:20 +0000,count/min,107.00000000000001,2
HKQuantityTypeIdentifierHeartRate,PhysTrax Apple Watch,11.6.1,"Watch7,1","<<HKDevice: 0x133e95260>, name:Apple Watch, manufacturer:Apple Inc., model:Watch, hardware:Watch7,1, software:11.6.1, creation date:2025-09-13 14:18:16 +0000>",2025-10-02 17:53:29 +0000,2025-10-02 17:53:29 +0000,count/min,105.0,2
HKQuantityTypeIdentifierHeartRate,PhysTrax Apple Watch,11.6.1,"Watch7,1","<<HKDevice: 0x133e95260>, name:Apple Watch, manufacturer:Apple Inc., model:Watch, hardware:Watch7,1, software:11.6.1, creation date:2025-09-13 14:18:16 +0000>",2025-10-02 17:53:31 +0000,2025-10-02 17:53:31 +0000,count/min,104.0,2
HKQuantityTypeIdentifierHeartRate,PhysTrax Apple Watch,11.6.1,"Watch7,1","<<HKDevice: 0x133e95260>, name:Apple Watch, manufacturer:Apple Inc., model:Watch, hardware:Watch7,1, software:11.6.1, creation date:2025-09-13 14:18:16 +0000>",2025-10-02 17:53:35 +0000,2025-10-02 17:53:35 +0000,count/min,103.0,2
HKQuantityTypeIdentifierHeartRate,PhysTrax Apple Watch,11.6.1,"Watch7,1","<<HKDevice: 0x133e95260>, name:Apple Watch, manufacturer:Apple Inc., model:Watch, hardware:Watch7,1, software:11.6.1, creation date:2025-09-13 14:18:16 +0000>",2025-10-02 17:53:43 +0000,2025-10-02 17:53:43 +0000,count/min,105.0,2
HKQuantityTypeIdentifierHeartRate,PhysTrax Apple Watch,11.6.1,"Watch7,1","<<HKDevice: 0x133e95260>, name:Apple Watch, manufacturer:Apple Inc., model:Watch, hardware:Watch7,1, software:11.6.1, creation date:2025-09-13 14:18:16 +0000>",2025-10-02 17:53:49 +0000,2025-10-02 17:53:49 +0000,count/min,110.0,2
HKQuantityTypeIdentifierHeartRate,PhysTrax Apple Watch,11.6.1,"Watch7,1","<<HKDevice: 0x133e95260>, name:Apple Watch, manufacturer:Apple Inc., model:Watch, hardware:Watch7,1, software:11.6.1, creation date:2025-09-13 14:18:16 +0000>",2025-10-02 17:53:52 +0000,2025-10-02 17:53:52 +0000,count/min,112.0,2
HKQuantityTypeIdentifierHeartRate,PhysTrax Apple Watch,11.6.1,"Watch7,1","<<HKDevice: 0x133e95260>, name:Apple Watch, manufacturer:Apple Inc., model:Watch, hardware:Watch7,1, software:11.6.1, creation date:2025-09-13 14:18:16 +0000>",2025-10-02 17:53:55 +0000,2025-10-02 17:53:55 +0000,count/min,109.0,2
HKQuantityTypeIdentifierHeartRate,PhysTrax Apple Watch,11.6.1,"Watch7,1","<<HKDevice: 0x133e95260>, name:Apple Watch, manufacturer:Apple Inc., model:Watch, hardware:Watch7,1, software:11.6.1, creation date:2025-09-13 14:18:16 +0000>",2025-10-02 17:54:00 +0000,2025-10-02 17:54:00 +0000,count/min,109.0,2
HKQuantityTypeIdentifierHeartRate,PhysTrax Apple Watch,11.6.1,"Watch7,1","<<HKDevice: 0x133e95260>, name:Apple Watch, manufacturer:Apple Inc., model:Watch, hardware:Watch7,1, software:11.6.1, creation date:2025-09-13 14:18:16 +0000>",2025-10-02 17:54:09 +0000,2025-10-02 17:54:09 +0000,count/min,109.0,2
HKQuantityTypeIdentifierHeartRate,PhysTrax Apple Watch,11.6.1,"Watch7,1","<<HKDevice: 0x133e95260>, name:Apple Watch, manufacturer:Apple Inc., model:Watch, hardware:Watch7,1, software:11.6.1, creation date:2025-09-13 14:18:16 +0000>",2025-10-02 17:54:12 +0000,2025-10-02 17:54:12 +0000,count/min,110.0,2
HKQuantityTypeIdentifierHeartRate,PhysTrax Apple Watch,11.6.1,"Watch7,1","<<HKDevice: 0x133e95260>, name:Apple Watch, manufacturer:Apple Inc., model:Watch, hardware:Watch7,1, software:11.6.1, creation date:2025-09-13 14:18:16 +0000>",2025-10-02 17:54:25 +0000,2025-10-02 17:54:25 +0000,count/min,110.0,2
HKQuantityTypeIdentifierHeartRate,PhysTrax Apple Watch,11.6.1,"Watch7,1","<<HKDevice: 0x133e95260>, name:Apple Watch, manufacturer:Apple Inc., model:Watch, hardware:Watch7,1, software:11.6.1, creation date:2025-09-13 14:18:16 +0000>",2025-10-02 17:54:34 +0000,2025-10-02 17:54:34 +0000,count/min,110.0,2
HKQuantityTypeIdentifierHeartRate,PhysTrax Apple Watch,11.6.1,"Watch7,1","<<HKDevice: 0x133e95260>, name:Apple Watch, manufacturer:Apple Inc., model:Watch, hardware:Watch7,1, software:11.6.1, creation date:2025-09-13 14:18:16 +0000>",2025-10-02 17:54:39 +0000,2025-10-02 17:54:39 +0000,count/min,110.0,2
HKQuantityTypeIdentifierHeartRate,PhysTrax Apple Watch,11.6.1,"Watch7,1","<<HKDevice: 0x133e95260>, name:Apple Watch, manufacturer:Apple Inc., model:Watch, hardware:Watch7,1, software:11.6.1, creation date:2025-09-13 14:18:16 +0000>",2025-10-02 17:54:44 +0000,2025-10-02 17:54:44 +0000,count/min,111.0,2
HKQuantityTypeIdentifierHeartRate,PhysTrax Apple Watch,11.6.1,"Watch7,1","<<HKDevice: 0x133e95260>, name:Apple Watch, manufacturer:Apple Inc., model:Watch, hardware:Watch7,1, software:11.6.1, creation date:2025-09-13 14:18:16 +0000>",2025-10-02 17:54:45 +0000,2025-10-02 17:54:45 +0000,count/min,111.0,2
HKQuantityTypeIdentifierHeartRate,PhysTrax Apple Watch,11.6.1,"Watch7,1","<<HKDevice: 0x133e95260>, name:Apple Watch, manufacturer:Apple Inc., model:Watch, hardware:Watch7,1, software:11.6.1, creation date:2025-09-13 14:18:16 +0000>",2025-10-02 17:54:50 +0000,2025-10-02 17:54:50 +0000,count/min,111.0,2
HKQuantityTypeIdentifierHeartRate,PhysTrax Apple Watch,11.6.1,"Watch7,1","<<HKDevice: 0x133e95260>, name:Apple Watch, manufacturer:Apple Inc., model:Watch, hardware:Watch7,1, software:11.6.1, creation date:2025-09-13 14:18:16 +0000>",2025-10-02 17:54:55 +0000,2025-10-02 17:54:55 +0000,count/min,112.0,2
HKQuantityTypeIdentifierHeartRate,PhysTrax Apple Watch,11.6.1,"Watch7,1","<<HKDevice: 0x133e95260>, name:Apple Watch, manufacturer:Apple Inc., model:Watch, hardware:Watch7,1, software:11.6.1, creation date:2025-09-13 14:18:16 +0000>",2025-10-02 17:55:03 +0000,2025-10-02 17:55:03 +0000,count/min,107.00000000000001,2
HKQuantityTypeIdentifierHeartRate,PhysTrax Apple Watch,11.6.1,"Watch7,1","<<HKDevice: 0x133e95260>, name:Apple Watch, manufacturer:Apple Inc., model:Watch, hardware:Watch7,1, software:11.6.1, creation date:2025-09-13 14:18:16 +0000>",2025-10-02 17:56:07 +0000,2025-10-02 17:56:07 +0000,count/min,110.0,2
HKQuantityTypeIdentifierHeartRate,PhysTrax Apple Watch,11.6.1,"Watch7,1","<<HKDevice: 0x133e95260>, name:Apple Watch, manufacturer:Apple Inc., model:Watch, hardware:Watch7,1, software:11.6.1, creation date:2025-09-13 14:18:16 +0000>",2025-10-02 17:56:12 +0000,2025-10-02 17:56:12 +0000,count/min,109.0,2
HKQuantityTypeIdentifierHeartRate,PhysTrax Apple Watch,11.6.1,"Watch7,1","<<HKDevice: 0x133e95260>, name:Apple Watch, manufacturer:Apple Inc., model:Watch, hardware:Watch7,1, software:11.6.1, creation date:2025-09-13 14:18:16 +0000>",2025-10-02 17:56:13 +0000,2025-10-02 17:56:13 +0000,count/min,108.0,2
HKQuantityTypeIdentifierHeartRate,PhysTrax Apple Watch,11.6.1,"Watch7,1","<<HKDevice: 0x133e95260>, name:Apple Watch, manufacturer:Apple Inc., model:Watch, hardware:Watch7,1, software:11.6.1, creation date:2025-09-13 14:18:16 +0000>",2025-10-02 17:56:18 +0000,2025-10-02 17:56:18 +0000,count/min,107.00000000000001,2
HKQuantityTypeIdentifierHeartRate,PhysTrax Apple Watch,11.6.1,"Watch7,1","<<HKDevice: 0x133e95260>, name:Apple Watch, manufacturer:Apple Inc., model:Watch, hardware:Watch7,1, software:11.6.1, creation date:2025-09-13 14:18:16 +0000>",2025-10-02 17:56:27 +0000,2025-10-02 17:56:27 +0000,count/min,110.0,2
HKQuantityTypeIdentifierHeartRate,PhysTrax Apple Watch,11.6.1,"Watch7,1","<<HKDevice: 0x133e95260>, name:Apple Watch, manufacturer:Apple Inc., model:Watch, hardware:Watch7,1, software:11.6.1, creation date:2025-09-13 14:18:16 +0000>",2025-10-02 17:56:32 +0000,2025-10-02 17:56:32 +0000,count/min,111.0,2
HKQuantityTypeIdentifierHeartRate,PhysTrax Apple Watch,11.6.1,"Watch7,1","<<HKDevice: 0x133e95260>, name:Apple Watch, manufacturer:Apple Inc., model:Watch, hardware:Watch7,1, software:11.6.1, creation date:2025-09-13 14:18:16 +0000>",2025-10-02 17:56:37 +0000,2025-10-02 17:56:37 +0000,count/min,112.0,2
HKQuantityTypeIdentifierHeartRate,PhysTrax Apple Watch,11.6.1,"Watch7,1","<<HKDevice: 0x133e95260>, name:Apple Watch, manufacturer:Apple Inc., model:Watch, hardware:Watch7,1, software:11.6.1, creation date:2025-09-13 14:18:16 +0000>",2025-10-02 17:56:42 +0000,2025-10-02 17:56:42 +0000,count/min,111.0,2
HKQuantityTypeIdentifierHeartRate,PhysTrax Apple Watch,11.6.1,"Watch7,1","<<HKDevice: 0x133e95260>, name:Apple Watch, manufacturer:Apple Inc., model:Watch, hardware:Watch7,1, software:11.6.1, creation date:2025-09-13 14:18:16 +0000>",2025-10-02 17:56:44 +0000,2025-10-02 17:56:44 +0000,count/min,111.0,2
HKQuantityTypeIdentifierHeartRate,PhysTrax Apple Watch,11.6.1,"Watch7,1","<<HKDevice: 0x133e95260>, name:Apple Watch, manufacturer:Apple Inc., model:Watch, hardware:Watch7,1, software:11.6.1, creation date:2025-09-13 14:18:16 +0000>",2025-10-02 17:56:48 +0000,2025-10-02 17:56:48 +0000,count/min,113.0,2
HKQuantityTypeIdentifierHeartRate,PhysTrax Apple Watch,11.6.1,"Watch7,1","<<HKDevice: 0x133e95260>, name:Apple Watch, manufacturer:Apple Inc., model:Watch, hardware:Watch7,1, software:11.6.1, creation date:2025-09-13 14:18:16 +0000>",2025-10-02 17:56:53 +0000,2025-10-02 17:56:53 +0000,count/min,112.0,2
HKQuantityTypeIdentifierHeartRate,PhysTrax Apple Watch,11.6.1,"Watch7,1","<<HKDevice: 0x133e95260>, name:Apple Watch, manufacturer:Apple Inc., model:Watch, hardware:Watch7,1, software:11.6.1, creation date:2025-09-13 14:18:16 +0000>",2025-10-02 17:56:58 +0000,2025-10-02 17:56:58 +0000,count/min,109.0,2
HKQuantityTypeIdentifierHeartRate,PhysTrax Apple Watch,11.6.1,"Watch7,1","<<HKDevice: 0x133e95260>, name:Apple Watch, manufacturer:Apple Inc., model:Watch, hardware:Watch7,1, software:11.6.1, creation date:2025-09-13 14:18:16 +0000>",2025-10-02 17:57:07 +0000,2025-10-02 17:57:07 +0000,count/min,108.0,2
HKQuantityTypeIdentifierHeartRate,PhysTrax Apple Watch,11.6.1,"Watch7,1","<<HKDevice: 0x133e95260>, name:Apple Watch, manufacturer:Apple Inc., model:Watch, hardware:Watch7,1, software:11.6.1, creation date:2025-09-13 14:18:16 +0000>",2025-10-02 17:57:10 +0000,2025-10-02 17:57:10 +0000,count/min,108.0,2
HKQuantityTypeIdentifierHeartRate,PhysTrax Apple Watch,11.6.1,"Watch7,1","<<HKDevice: 0x133e95260>, name:Apple Watch, manufacturer:Apple Inc., model:Watch, hardware:Watch7,1, software:11.6.1, creation date:2025-09-13 14:18:16 +0000>",2025-10-02 17:57:14 +0000,2025-10-02 17:57:14 +0000,count/min,108.0,2
HKQuantityTypeIdentifierHeartRate,PhysTrax Apple Watch,11.6.1,"Watch7,1","<<HKDevice: 0x133e95260>, name:Apple Watch, manufacturer:Apple Inc., model:Watch, hardware:Watch7,1, software:11.6.1, creation date:2025-09-13 14:18:16 +0000>",2025-10-02 17:57:26 +0000,2025-10-02 17:57:26 +0000,count/min,101.0,2
HKQuantityTypeIdentifierHeartRate,PhysTrax Apple Watch,11.6.1,"Watch7,1","<<HKDevice: 0x133e95260>, name:Apple Watch, manufacturer:Apple Inc., model:Watch, hardware:Watch7,1, software:11.6.1, creation date:2025-09-13 14:18:16 +0000>",2025-10-02 17:57:30 +0000,2025-10-02 17:57:30 +0000,count/min,103.0,2
HKQuantityTypeIdentifierHeartRate,PhysTrax Apple Watch,11.6.1,"Watch7,1","<<HKDevice: 0x133e95260>, name:Apple Watch, manufacturer:Apple Inc., model:Watch, hardware:Watch7,1, software:11.6.1, creation date:2025-09-13 14:18:16 +0000>",2025-10-02 17:57:42 +0000,2025-10-02 17:57:42 +0000,count/min,120.0,2
HKQuantityTypeIdentifierHeartRate,PhysTrax Apple Watch,11.6.1,"Watch7,1","<<HKDevice: 0x133e95260>, name:Apple Watch, manufacturer:Apple Inc., model:Watch, hardware:Watch7,1, software:11.6.1, creation date:2025-09-13 14:18:16 +0000>",2025-10-02 17:57:44 +0000,2025-10-02 17:57:44 +0000,count/min,120.0,2
HKQuantityTypeIdentifierHeartRate,PhysTrax Apple Watch,11.6.1,"Watch7,1","<<HKDevice: 0x133e95260>, name:Apple Watch, manufacturer:Apple Inc., model:Watch, hardware:Watch7,1, software:11.6.1, creation date:2025-09-13 14:18:16 +0000>",2025-10-02 17:57:48 +0000,2025-10-02 17:57:48 +0000,count/min,115.0,2
HKQuantityTypeIdentifierHeartRate,PhysTrax Apple Watch,11.6.1,"Watch7,1","<<HKDevice: 0x133e95260>, name:Apple Watch, manufacturer:Apple Inc., model:Watch, hardware:Watch7,1, software:11.6.1, creation date:2025-09-13 14:18:16 +0000>",2025-10-02 17:57:53 +0000,2025-10-02 17:57:53 +0000,count/min,113.0,2
HKQuantityTypeIdentifierHeartRate,PhysTrax Apple Watch,11.6.1,"Watch7,1","<<HKDevice: 0x133e95260>, name:Apple Watch, manufacturer:Apple Inc., model:Watch, hardware:Watch7,1, software:11.6.1, creation date:2025-09-13 14:18:16 +0000>",2025-10-02 17:57:58 +0000,2025-10-02 17:57:58 +0000,count/min,114.0,2
HKQuantityTypeIdentifierHeartRate,PhysTrax Apple Watch,11.6.1,"Watch7,1","<<HKDevice: 0x133e95260>, name:Apple Watch, manufacturer:Apple Inc., model:Watch, hardware:Watch7,1, software:11.6.1, creation date:2025-09-13 14:18:16 +0000>",2025-10-02 17:58:03 +0000,2025-10-02 17:58:03 +0000,count/min,113.0,2
HKQuantityTypeIdentifierHeartRate,PhysTrax Apple Watch,11.6.1,"Watch7,1","<<HKDevice: 0x133e95260>, name:Apple Watch, manufacturer:Apple Inc., model:Watch, hardware:Watch7,1, software:11.6.1, creation date:2025-09-13 14:18:16 +0000>",2025-10-02 17:58:23 +0000,2025-10-02 17:58:23 +0000,count/min,116.0,2
HKQuantityTypeIdentifierHeartRate,PhysTrax Apple Watch,11.6.1,"Watch7,1","<<HKDevice: 0x133e95260>, name:Apple Watch, manufacturer:Apple Inc., model:Watch, hardware:Watch7,1, software:11.6.1, creation date:2025-09-13 14:18:16 +0000>",2025-10-02 17:58:32 +0000,2025-10-02 17:58:32 +0000,count/min,119.0,2
HKQuantityTypeIdentifierHeartRate,PhysTrax Apple Watch,11.6.1,"Watch7,1","<<HKDevice: 0x133e95260>, name:Apple Watch, manufacturer:Apple Inc., model:Watch, hardware:Watch7,1, software:11.6.1, creation date:2025-09-13 14:18:16 +0000>",2025-10-02 17:58:43 +0000,2025-10-02 17:58:43 +0000,count/min,121.0,2
HKQuantityTypeIdentifierHeartRate,PhysTrax Apple Watch,11.6.1,"Watch7,1","<<HKDevice: 0x133e95260>, name:Apple Watch, manufacturer:Apple Inc., model:Watch, hardware:Watch7,1, software:11.6.1, creation date:2025-09-13 14:18:16 +0000>",2025-10-02 17:58:50 +0000,2025-10-02 17:58:50 +0000,count/min,122.99999999999999,2
HKQuantityTypeIdentifierHeartRate,PhysTrax Apple Watch,11.6.1,"Watch7,1","<<HKDevice: 0x133e95260>, name:Apple Watch, manufacturer:Apple Inc., model:Watch, hardware:Watch7,1, software:11.6.1, creation date:2025-09-13 14:18:16 +0000>",2025-10-02 17:58:57 +0000,2025-10-02 17:58:57 +0000,count/min,122.99999999999999,2
HKQuantityTypeIdentifierHeartRate,PhysTrax Apple Watch,11.6.1,"Watch7,1","<<HKDevice: 0x133e95260>, name:Apple Watch, manufacturer:Apple Inc., model:Watch, hardware:Watch7,1, software:11.6.1, creation date:2025-09-13 14:18:16 +0000>",2025-10-02 17:59:02 +0000,2025-10-02 17:59:02 +0000,count/min,115.0,2
HKQuantityTypeIdentifierHeartRate,PhysTrax Apple Watch,11.6.1,"Watch7,1","<<HKDevice: 0x133e95260>, name:Apple Watch, manufacturer:Apple Inc., model:Watch, hardware:Watch7,1, software:11.6.1, creation date:2025-09-13 14:18:16 +0000>",2025-10-02 17:59:07 +0000,2025-10-02 17:59:07 +0000,count/min,116.0,2
HKQuantityTypeIdentifierHeartRate,PhysTrax Apple Watch,11.6.1,"Watch7,1","<<HKDevice: 0x133e95260>, name:Apple Watch, manufacturer:Apple Inc., model:Watch, hardware:Watch7,1, software:11.6.1, creation date:2025-09-13 14:18:16 +0000>",2025-10-02 17:59:18 +0000,2025-10-02 17:59:18 +0000,count/min,115.0,2
HKQuantityTypeIdentifierHeartRate,PhysTrax Apple Watch,11.6.1,"Watch7,1","<<HKDevice: 0x133e95260>, name:Apple Watch, manufacturer:Apple Inc., model:Watch, hardware:Watch7,1, software:11.6.1, creation date:2025-09-13 14:18:16 +0000>",2025-10-02 17:59:27 +0000,2025-10-02 17:59:27 +0000,count/min,112.0,2
HKQuantityTypeIdentifierHeartRate,PhysTrax Apple Watch,11.6.1,"Watch7,1","<<HKDevice: 0x133e95260>, name:Apple Watch, manufacturer:Apple Inc., model:Watch, hardware:Watch7,1, software:11.6.1, creation date:2025-09-13 14:18:16 +0000>",2025-10-02 17:59:30 +0000,2025-10-02 17:59:30 +0000,count/min,113.0,2
HKQuantityTypeIdentifierHeartRate,PhysTrax Apple Watch,11.6.1,"Watch7,1","<<HKDevice: 0x133e95260>, name:Apple Watch, manufacturer:Apple Inc., model:Watch, hardware:Watch7,1, software:11.6.1, creation date:2025-09-13 14:18:16 +0000>",2025-10-02 17:59:37 +0000,2025-10-02 17:59:37 +0000,count/min,108.0,2
HKQuantityTypeIdentifierHeartRate,PhysTrax Apple Watch,11.6.1,"Watch7,1","<<HKDevice: 0x133e95260>, name:Apple Watch, manufacturer:Apple Inc., model:Watch, hardware:Watch7,1, software:11.6.1, creation date:2025-09-13 14:18:16 +0000>",2025-10-02 17:59:38 +0000,2025-10-02 17:59:38 +0000,count/min,107.00000000000001,2
HKQuantityTypeIdentifierHeartRate,PhysTrax Apple Watch,11.6.1,"Watch7,1","<<HKDevice: 0x133e95260>, name:Apple Watch, manufacturer:Apple Inc., model:Watch, hardware:Watch7,1, software:11.6.1, creation date:2025-09-13 14:18:16 +0000>",2025-10-02 17:59:43 +0000,2025-10-02 17:59:43 +0000,count/min,99.0,2
HKQuantityTypeIdentifierHeartRate,PhysTrax Apple Watch,11.6.1,"Watch7,1","<<HKDevice: 0x133e95260>, name:Apple Watch, manufacturer:Apple Inc., model:Watch, hardware:Watch7,1, software:11.6.1, creation date:2025-09-13 14:18:16 +0000>",2025-10-02 17:59:48 +0000,2025-10-02 17:59:48 +0000,count/min,106.0,2
HKQuantityTypeIdentifierHeartRate,PhysTrax Apple Watch,11.6.1,"Watch7,1","<<HKDevice: 0x133e95260>, name:Apple Watch, manufacturer:Apple Inc., model:Watch, hardware:Watch7,1, software:11.6.1, creation date:2025-09-13 14:18:16 +0000>",2025-10-02 18:00:04 +0000,2025-10-02 18:00:04 +0000,count/min,114.0,2
HKQuantityTypeIdentifierHeartRate,PhysTrax Apple Watch,11.6.1,"Watch7,1","<<HKDevice: 0x133e95260>, name:Apple Watch, manufacturer:Apple Inc., model:Watch, hardware:Watch7,1, software:11.6.1, creation date:2025-09-13 14:18:16 +0000>",2025-10-02 18:00:08 +0000,2025-10-02 18:00:08 +0000,count/min,115.0,2
HKQuantityTypeIdentifierHeartRate,PhysTrax Apple Watch,11.6.1,"Watch7,1","<<HKDevice: 0x133e95260>, name:Apple Watch, manufacturer:Apple Inc., model:Watch, hardware:Watch7,1, software:11.6.1, creation date:2025-09-13 14:18:16 +0000>",2025-10-02 18:00:14 +0000,2025-10-02 18:00:14 +0000,count/min,119.0,2
HKQuantityTypeIdentifierHeartRate,PhysTrax Apple Watch,11.6.1,"Watch7,1","<<HKDevice: 0x133e95260>, name:Apple Watch, manufacturer:Apple Inc., model:Watch, hardware:Watch7,1, software:11.6.1, creation date:2025-09-13 14:18:16 +0000>",2025-10-02 18:00:22 +0000,2025-10-02 18:00:22 +0000,count/min,122.99999999999999,2
HKQuantityTypeIdentifierHeartRate,PhysTrax Apple Watch,11.6.1,"Watch7,1","<<HKDevice: 0x133e95260>, name:Apple Watch, manufacturer:Apple Inc., model:Watch, hardware:Watch7,1, software:11.6.1, creation date:2025-09-13 14:18:16 +0000>",2025-10-02 18:00:24 +0000,2025-10-02 18:00:24 +0000,count/min,122.99999999999999,2
HKQuantityTypeIdentifierHeartRate,PhysTrax Apple Watch,11.6.1,"Watch7,1","<<HKDevice: 0x133e95260>, name:Apple Watch, manufacturer:Apple Inc., model:Watch, hardware:Watch7,1, software:11.6.1, creation date:2025-09-13 14:18:16 +0000>",2025-10-02 18:00:33 +0000,2025-10-02 18:00:33 +0000,count/min,128.0,2
HKQuantityTypeIdentifierHeartRate,PhysTrax Apple Watch,11.6.1,"Watch7,1","<<HKDevice: 0x133e95260>, name:Apple Watch, manufacturer:Apple Inc., model:Watch, hardware:Watch7,1, software:11.6.1, creation date:2025-09-13 14:18:16 +0000>",2025-10-02 18:00:40 +0000,2025-10-02 18:00:40 +0000,count/min,129.0,2
HKQuantityTypeIdentifierHeartRate,PhysTrax Apple Watch,11.6.1,"Watch7,1","<<HKDevice: 0x133e95260>, name:Apple Watch, manufacturer:Apple Inc., model:Watch, hardware:Watch7,1, software:11.6.1, creation date:2025-09-13 14:18:16 +0000>",2025-10-02 18:00:43 +0000,2025-10-02 18:00:43 +0000,count/min,130.0,2
HKQuantityTypeIdentifierHeartRate,PhysTrax Apple Watch,11.6.1,"Watch7,1","<<HKDevice: 0x133e95260>, name:Apple Watch, manufacturer:Apple Inc., model:Watch, hardware:Watch7,1, software:11.6.1, creation date:2025-09-13 14:18:16 +0000>",2025-10-02 18:00:49 +0000,2025-10-02 18:00:49 +0000,count/min,122.99999999999999,2
HKQuantityTypeIdentifierHeartRate,PhysTrax Apple Watch,11.6.1,"Watch7,1","<<HKDevice: 0x133e95260>, name:Apple Watch, manufacturer:Apple Inc., model:Watch, hardware:Watch7,1, software:11.6.1, creation date:2025-09-13 14:18:16 +0000>",2025-10-02 18:00:55 +0000,2025-10-02 18:00:55 +0000,count/min,121.0,2
HKQuantityTypeIdentifierHeartRate,PhysTrax Apple Watch,11.6.1,"Watch7,1","<<HKDevice: 0x133e95440>, name:Apple Watch, manufacturer:Apple Inc., model:Watch, hardware:Watch7,1, software:11.6.1, creation date:2025-09-13 14:18:16 +0000>",2025-10-02 18:01:02 +0000,2025-10-02 18:01:02 +0000,count/min,120.0,2
HKQuantityTypeIdentifierHeartRate,PhysTrax Apple Watch,11.6.1,"Watch7,1","<<HKDevice: 0x133e95440>, name:Apple Watch, manufacturer:Apple Inc., model:Watch, hardware:Watch7,1, software:11.6.1, creation date:2025-09-13 14:18:16 +0000>",2025-10-02 18:01:06 +0000,2025-10-02 18:01:06 +0000,count/min,125.00000000000001,2
HKQuantityTypeIdentifierHeartRate,PhysTrax Apple Watch,11.6.1,"Watch7,1","<<HKDevice: 0x133e95440>, name:Apple Watch, manufacturer:Apple Inc., model:Watch, hardware:Watch7,1, software:11.6.1, creation date:2025-09-13 14:18:16 +0000>",2025-10-02 18:01:09 +0000,2025-10-02 18:01:09 +0000,count/min,125.00000000000001,2
HKQuantityTypeIdentifierHeartRate,PhysTrax Apple Watch,11.6.1,"Watch7,1","<<HKDevice: 0x133e95440>, name:Apple Watch, manufacturer:Apple Inc., model:Watch, hardware:Watch7,1, software:11.6.1, creation date:2025-09-13 14:18:16 +0000>",2025-10-02 18:01:13 +0000,2025-10-02 18:01:13 +0000,count/min,122.99999999999999,2
HKQuantityTypeIdentifierHeartRate,PhysTrax Apple Watch,11.6.1,"Watch7,1","<<HKDevice: 0x133e95440>, name:Apple Watch, manufacturer:Apple Inc., model:Watch, hardware:Watch7,1, software:11.6.1, creation date:2025-09-13 14:18:16 +0000>",2025-10-02 18:01:22 +0000,2025-10-02 18:01:22 +0000,count/min,121.0,2
HKQuantityTypeIdentifierHeartRate,PhysTrax Apple Watch,11.6.1,"Watch7,1","<<HKDevice: 0x133e95440>, name:Apple Watch, manufacturer:Apple Inc., model:Watch, hardware:Watch7,1, software:11.6.1, creation date:2025-09-13 14:18:16 +0000>",2025-10-02 18:01:26 +0000,2025-10-02 18:01:26 +0000,count/min,121.0,2
HKQuantityTypeIdentifierHeartRate,PhysTrax Apple Watch,11.6.1,"Watch7,1","<<HKDevice: 0x133e95440>, name:Apple Watch, manufacturer:Apple Inc., model:Watch, hardware:Watch7,1, software:11.6.1, creation date:2025-09-13 14:18:16 +0000>",2025-10-02 18:01:28 +0000,2025-10-02 18:01:28 +0000,count/min,120.0,2
HKQuantityTypeIdentifierHeartRate,PhysTrax Apple Watch,11.6.1,"Watch7,1","<<HKDevice: 0x133e95440>, name:Apple Watch, manufacturer:Apple Inc., model:Watch, hardware:Watch7,1, software:11.6.1, creation date:2025-09-13 14:18:16 +0000>",2025-10-02 18:01:48 +0000,2025-10-02 18:01:48 +0000,count/min,119.0,2
HKQuantityTypeIdentifierHeartRate,PhysTrax Apple Watch,11.6.1,"Watch7,1","<<HKDevice: 0x133e95440>, name:Apple Watch, manufacturer:Apple Inc., model:Watch, hardware:Watch7,1, software:11.6.1, creation date:2025-09-13 14:18:16 +0000>",2025-10-02 18:02:03 +0000,2025-10-02 18:02:03 +0000,count/min,122.0,2
HKQuantityTypeIdentifierHeartRate,PhysTrax Apple Watch,11.6.1,"Watch7,1","<<HKDevice: 0x133e95440>, name:Apple Watch, manufacturer:Apple Inc., model:Watch, hardware:Watch7,1, software:11.6.1, creation date:2025-09-13 14:18:16 +0000>",2025-10-02 18:02:08 +0000,2025-10-02 18:02:08 +0000,count/min,120.0,2
HKQuantityTypeIdentifierHeartRate,PhysTrax Apple Watch,11.6.1,"Watch7,1","<<HKDevice: 0x133e95440>, name:Apple Watch, manufacturer:Apple Inc., model:Watch, hardware:Watch7,1, software:11.6.1, creation date:2025-09-13 14:18:16 +0000>",2025-10-02 18:02:13 +0000,2025-10-02 18:02:13 +0000,count/min,119.0,2
HKQuantityTypeIdentifierHeartRate,PhysTrax Apple Watch,11.6.1,"Watch7,1","<<HKDevice: 0x133e95440>, name:Apple Watch, manufacturer:Apple Inc., model:Watch, hardware:Watch7,1, software:11.6.1, creation date:2025-09-13 14:18:16 +0000>",2025-10-02 18:02:56 +0000,2025-10-02 18:02:56 +0000,count/min,126.0,2
HKQuantityTypeIdentifierHeartRate,PhysTrax Apple Watch,11.6.1,"Watch7,1","<<HKDevice: 0x133e95440>, name:Apple Watch, manufacturer:Apple Inc., model:Watch, hardware:Watch7,1, software:11.6.1, creation date:2025-09-13 14:18:16 +0000>",2025-10-02 18:03:02 +0000,2025-10-02 18:03:02 +0000,count/min,125.00000000000001,2
HKQuantityTypeIdentifierHeartRate,PhysTrax Apple Watch,11.6.1,"Watch7,1","<<HKDevice: 0x133e95440>, name:Apple Watch, manufacturer:Apple Inc., model:Watch, hardware:Watch7,1, software:11.6.1, creation date:2025-09-13 14:18:16 +0000>",2025-10-02 18:03:06 +0000,2025-10-02 18:03:06 +0000,count/min,125.00000000000001,2
HKQuantityTypeIdentifierHeartRate,PhysTrax Apple Watch,11.6.1,"Watch7,1","<<HKDevice: 0x133e95440>, name:Apple Watch, manufacturer:Apple Inc., model:Watch, hardware:Watch7,1, software:11.6.1, creation date:2025-09-13 14:18:16 +0000>",2025-10-02 18:03:31 +0000,2025-10-02 18:03:31 +0000,count/min,121.0,2
HKQuantityTypeIdentifierHeartRate,PhysTrax Apple Watch,11.6.1,"Watch7,1","<<HKDevice: 0x133e95440>, name:Apple Watch, manufacturer:Apple Inc., model:Watch, hardware:Watch7,1, software:11.6.1, creation date:2025-09-13 14:18:16 +0000>",2025-10-02 18:04:03 +0000,2025-10-02 18:04:03 +0000,count/min,117.0,2
HKQuantityTypeIdentifierHeartRate,PhysTrax Apple Watch,11.6.1,"Watch7,1","<<HKDevice: 0x133e95440>, name:Apple Watch, manufacturer:Apple Inc., model:Watch, hardware:Watch7,1, software:11.6.1, creation date:2025-09-13 14:18:16 +0000>",2025-10-02 18:04:08 +0000,2025-10-02 18:04:08 +0000,count/min,118.0,2
HKQuantityTypeIdentifierHeartRate,PhysTrax Apple Watch,11.6.1,"Watch7,1","<<HKDevice: 0x133e95440>, name:Apple Watch, manufacturer:Apple Inc., model:Watch, hardware:Watch7,1, software:11.6.1, creation date:2025-09-13 14:18:16 +0000>",2025-10-02 18:04:27 +0000,2025-10-02 18:04:27 +0000,count/min,118.0,2
HKQuantityTypeIdentifierHeartRate,PhysTrax Apple Watch,11.6.1,"Watch7,1","<<HKDevice: 0x133e95440>, name:Apple Watch, manufacturer:Apple Inc., model:Watch, hardware:Watch7,1, software:11.6.1, creation date:2025-09-13 14:18:16 +0000>",2025-10-02 18:04:28 +0000,2025-10-02 18:04:28 +0000,count/min,119.0,2
HKQuantityTypeIdentifierHeartRate,PhysTrax Apple Watch,11.6.1,"Watch7,1","<<HKDevice: 0x133e95440>, name:Apple Watch, manufacturer:Apple Inc., model:Watch, hardware:Watch7,1, software:11.6.1, creation date:2025-09-13 14:18:16 +0000>",2025-10-02 18:04:37 +0000,2025-10-02 18:04:37 +0000,count/min,125.00000000000001,2
HKQuantityTypeIdentifierHeartRate,PhysTrax Apple Watch,11.6.1,"Watch7,1","<<HKDevice: 0x133e95440>, name:Apple Watch, manufacturer:Apple Inc., model:Watch, hardware:Watch7,1, software:11.6.1, creation date:2025-09-13 14:18:16 +0000>",2025-10-02 18:04:38 +0000,2025-10-02 18:04:38 +0000,count/min,125.00000000000001,2
HKQuantityTypeIdentifierHeartRate,PhysTrax Apple Watch,11.6.1,"Watch7,1","<<HKDevice: 0x133e95440>, name:Apple Watch, manufacturer:Apple Inc., model:Watch, hardware:Watch7,1, software:11.6.1, creation date:2025-09-13 14:18:16 +0000>",2025-10-02 18:04:46 +0000,2025-10-02 18:04:46 +0000,count/min,126.0,2
HKQuantityTypeIdentifierHeartRate,PhysTrax Apple Watch,11.6.1,"Watch7,1","<<HKDevice: 0x133e95440>, name:Apple Watch, manufacturer:Apple Inc., model:Watch, hardware:Watch7,1, software:11.6.1, creation date:2025-09-13 14:18:16 +0000>",2025-10-02 18:04:48 +0000,2025-10-02 18:04:48 +0000,count/min,124.00000000000001,2
HKQuantityTypeIdentifierHeartRate,PhysTrax Apple Watch,11.6.1,"Watch7,1","<<HKDevice: 0x133e95440>, name:Apple Watch, manufacturer:Apple Inc., model:Watch, hardware:Watch7,1, software:11.6.1, creation date:2025-09-13 14:18:16 +0000>",2025-10-02 18:04:53 +0000,2025-10-02 18:04:53 +0000,count/min,121.0,2
HKQuantityTypeIdentifierHeartRate,PhysTrax Apple Watch,11.6.1,"Watch7,1","<<HKDevice: 0x133e95440>, name:Apple Watch, manufacturer:Apple Inc., model:Watch, hardware:Watch7,1, software:11.6.1, creation date:2025-09-13 14:18:16 +0000>",2025-10-02 18:05:02 +0000,2025-10-02 18:05:02 +0000,count/min,122.99999999999999,2
HKQuantityTypeIdentifierHeartRate,PhysTrax Apple Watch,11.6.1,"Watch7,1","<<HKDevice: 0x133e95440>, name:Apple Watch, manufacturer:Apple Inc., model:Watch, hardware:Watch7,1, software:11.6.1, creation date:2025-09-13 14:18:16 +0000>",2025-10-02 18:05:07 +0000,2025-10-02 18:05:07 +0000,count/min,124.00000000000001,2
HKQuantityTypeIdentifierHeartRate,PhysTrax Apple Watch,11.6.1,"Watch7,1","<<HKDevice: 0x133e95440>, name:Apple Watch, manufacturer:Apple Inc., model:Watch, hardware:Watch7,1, software:11.6.1, creation date:2025-09-13 14:18:16 +0000>",2025-10-02 18:05:10 +0000,2025-10-02 18:05:10 +0000,count/min,122.99999999999999,2
HKQuantityTypeIdentifierHeartRate,PhysTrax Apple Watch,11.6.1,"Watch7,1","<<HKDevice: 0x133e95440>, name:Apple Watch, manufacturer:Apple Inc., model:Watch, hardware:Watch7,1, software:11.6.1, creation date:2025-09-13 14:18:16 +0000>",2025-10-02 18:05:13 +0000,2025-10-02 18:05:13 +0000,count/min,124.00000000000001,2
HKQuantityTypeIdentifierHeartRate,PhysTrax Apple Watch,11.6.1,"Watch7,1","<<HKDevice: 0x133e95440>, name:Apple Watch, manufacturer:Apple Inc., model:Watch, hardware:Watch7,1, software:11.6.1, creation date:2025-09-13 14:18:16 +0000>",2025-10-02 18:05:22 +0000,2025-10-02 18:05:22 +0000,count/min,119.0,2
HKQuantityTypeIdentifierHeartRate,PhysTrax Apple Watch,11.6.1,"Watch7,1","<<HKDevice: 0x133e95440>, name:Apple Watch, manufacturer:Apple Inc., model:Watch, hardware:Watch7,1, software:11.6.1, creation date:2025-09-13 14:18:16 +0000>",2025-10-02 18:05:26 +0000,2025-10-02 18:05:26 +0000,count/min,121.0,2
HKQuantityTypeIdentifierHeartRate,PhysTrax Apple Watch,11.6.1,"Watch7,1","<<HKDevice: 0x133e95440>, name:Apple Watch, manufacturer:Apple Inc., model:Watch, hardware:Watch7,1, software:11.6.1, creation date:2025-09-13 14:18:16 +0000>",2025-10-02 18:05:28 +0000,2025-10-02 18:05:28 +0000,count/min,121.0,2
HKQuantityTypeIdentifierHeartRate,PhysTrax Apple Watch,11.6.1,"Watch7,1","<<HKDevice: 0x133e95440>, name:Apple Watch, manufacturer:Apple Inc., model:Watch, hardware:Watch7,1, software:11.6.1, creation date:2025-09-13 14:18:16 +0000>",2025-10-02 18:05:33 +0000,2025-10-02 18:05:33 +0000,count/min,119.0,2
HKQuantityTypeIdentifierHeartRate,PhysTrax Apple Watch,11.6.1,"Watch7,1","<<HKDevice: 0x133e95440>, name:Apple Watch, manufacturer:Apple Inc., model:Watch, hardware:Watch7,1, software:11.6.1, creation date:2025-09-13 14:18:16 +0000>",2025-10-02 18:05:38 +0000,2025-10-02 18:05:38 +0000,count/min,118.0,2
HKQuantityTypeIdentifierHeartRate,PhysTrax Apple Watch,11.6.1,"Watch7,1","<<HKDevice: 0x133e95440>, name:Apple Watch, manufacturer:Apple Inc., model:Watch, hardware:Watch7,1, software:11.6.1, creation date:2025-09-13 14:18:16 +0000>",2025-10-02 18:05:47 +0000,2025-10-02 18:05:47 +0000,count/min,118.0,2
HKQuantityTypeIdentifierHeartRate,PhysTrax Apple Watch,11.6.1,"Watch7,1","<<HKDevice: 0x133e95440>, name:Apple Watch, manufacturer:Apple Inc., model:Watch, hardware:Watch7,1, software:11.6.1, creation date:2025-09-13 14:18:16 +0000>",2025-10-02 18:05:52 +0000,2025-10-02 18:05:52 +0000,count/min,119.0,2
HKQuantityTypeIdentifierHeartRate,PhysTrax Apple Watch,11.6.1,"Watch7,1","<<HKDevice: 0x133e95440>, name:Apple Watch, manufacturer:Apple Inc., model:Watch, hardware:Watch7,1, software:11.6.1, creation date:2025-09-13 14:18:16 +0000>",2025-10-02 18:05:53 +0000,2025-10-02 18:05:53 +0000,count/min,120.0,2
HKQuantityTypeIdentifierHeartRate,PhysTrax Apple Watch,11.6.1,"Watch7,1","<<HKDevice: 0x133e95440>, name:Apple Watch, manufacturer:Apple Inc., model:Watch, hardware:Watch7,1, software:11.6.1, creation date:2025-09-13 14:18:16 +0000>",2025-10-02 18:05:58 +0000,2025-10-02 18:05:58 +0000,count/min,119.0,2
HKQuantityTypeIdentifierHeartRate,PhysTrax Apple Watch,11.6.1,"Watch7,1","<<HKDevice: 0x133e95440>, name:Apple Watch, manufacturer:Apple Inc., model:Watch, hardware:Watch7,1, software:11.6.1, creation date:2025-09-13 14:18:16 +0000>",2025-10-02 18:06:03 +0000,2025-10-02 18:06:03 +0000,count/min,117.0,2
HKQuantityTypeIdentifierHeartRate,PhysTrax Apple Watch,11.6.1,"Watch7,1","<<HKDevice: 0x133e95440>, name:Apple Watch, manufacturer:Apple Inc., model:Watch, hardware:Watch7,1, software:11.6.1, creation date:2025-09-13 14:18:16 +0000>",2025-10-02 18:06:12 +0000,2025-10-02 18:06:12 +0000,count/min,112.0,2
HKQuantityTypeIdentifierHeartRate,PhysTrax Apple Watch,11.6.1,"Watch7,1","<<HKDevice: 0x133e95440>, name:Apple Watch, manufacturer:Apple Inc., model:Watch, hardware:Watch7,1, software:11.6.1, creation date:2025-09-13 14:18:16 +0000>",2025-10-02 18:06:16 +0000,2025-10-02 18:06:16 +0000,count/min,112.0,2
HKQuantityTypeIdentifierHeartRate,PhysTrax Apple Watch,11.6.1,"Watch7,1","<<HKDevice: 0x133e95440>, name:Apple Watch, manufacturer:Apple Inc., model:Watch, hardware:Watch7,1, software:11.6.1, creation date:2025-09-13 14:18:16 +0000>",2025-10-02 18:06:18 +0000,2025-10-02 18:06:18 +0000,count/min,112.0,2
HKQuantityTypeIdentifierHeartRate,PhysTrax Apple Watch,11.6.1,"Watch7,1","<<HKDevice: 0x133e95440>, name:Apple Watch, manufacturer:Apple Inc., model:Watch, hardware:Watch7,1, software:11.6.1, creation date:2025-09-13 14:18:16 +0000>",2025-10-02 18:06:23 +0000,2025-10-02 18:06:23 +0000,count/min,110.0,2
HKQuantityTypeIdentifierHeartRate,PhysTrax Apple Watch,11.6.1,"Watch7,1","<<HKDevice: 0x133e95440>, name:Apple Watch, manufacturer:Apple Inc., model:Watch, hardware:Watch7,1, software:11.6.1, creation date:2025-09-13 14:18:16 +0000>",2025-10-02 18:06:28 +0000,2025-10-02 18:06:28 +0000,count/min,108.0,2
HKQuantityTypeIdentifierHeartRate,PhysTrax Apple Watch,11.6.1,"Watch7,1","<<HKDevice: 0x133e95440>, name:Apple Watch, manufacturer:Apple Inc., model:Watch, hardware:Watch7,1, software:11.6.1, creation date:2025-09-13 14:18:16 +0000>",2025-10-02 18:06:36 +0000,2025-10-02 18:06:36 +0000,count/min,113.0,2
HKQuantityTypeIdentifierHeartRate,PhysTrax Apple Watch,11.6.1,"Watch7,1","<<HKDevice: 0x133e95440>, name:Apple Watch, manufacturer:Apple Inc., model:Watch, hardware:Watch7,1, software:11.6.1, creation date:2025-09-13 14:18:16 +0000>",2025-10-02 18:06:38 +0000,2025-10-02 18:06:38 +0000,count/min,112.0,2
HKQuantityTypeIdentifierHeartRate,PhysTrax Apple Watch,11.6.1,"Watch7,1","<<HKDevice: 0x133e95440>, name:Apple Watch, manufacturer:Apple Inc., model:Watch, hardware:Watch7,1, software:11.6.1, creation date:2025-09-13 14:18:16 +0000>",2025-10-02 18:06:47 +0000,2025-10-02 18:06:47 +0000,count/min,112.0,2
HKQuantityTypeIdentifierHeartRate,PhysTrax Apple Watch,11.6.1,"Watch7,1","<<HKDevice: 0x133e95440>, name:Apple Watch, manufacturer:Apple Inc., model:Watch, hardware:Watch7,1, software:11.6.1, creation date:2025-09-13 14:18:16 +0000>",2025-10-02 18:06:52 +0000,2025-10-02 18:06:52 +0000,count/min,114.0,2
HKQuantityTypeIdentifierHeartRate,PhysTrax Apple Watch,11.6.1,"Watch7,1","<<HKDevice: 0x133e95440>, name:Apple Watch, manufacturer:Apple Inc., model:Watch, hardware:Watch7,1, software:11.6.1, creation date:2025-09-13 14:18:16 +0000>",2025-10-02 18:06:54 +0000,2025-10-02 18:06:54 +0000,count/min,115.0,2
HKQuantityTypeIdentifierHeartRate,PhysTrax Apple Watch,11.6.1,"Watch7,1","<<HKDevice: 0x133e95440>, name:Apple Watch, manufacturer:Apple Inc., model:Watch, hardware:Watch7,1, software:11.6.1, creation date:2025-09-13 14:18:16 +0000>",2025-10-02 18:07:02 +0000,2025-10-02 18:07:02 +0000,count/min,114.0,2
HKQuantityTypeIdentifierHeartRate,PhysTrax Apple Watch,11.6.1,"Watch7,1","<<HKDevice: 0x133e95440>, name:Apple Watch, manufacturer:Apple Inc., model:Watch, hardware:Watch7,1, software:11.6.1, creation date:2025-09-13 14:18:16 +0000>",2025-10-02 18:07:04 +0000,2025-10-02 18:07:04 +0000,count/min,115.0,2
HKQuantityTypeIdentifierHeartRate,PhysTrax Apple Watch,11.6.1,"Watch7,1","<<HKDevice: 0x133e95440>, name:Apple Watch, manufacturer:Apple Inc., model:Watch, hardware:Watch7,1, software:11.6.1, creation date:2025-09-13 14:18:16 +0000>",2025-10-02 18:07:13 +0000,2025-10-02 18:07:13 +0000,count/min,117.0,2
HKQuantityTypeIdentifierHeartRate,PhysTrax Apple Watch,11.6.1,"Watch7,1","<<HKDevice: 0x133e95440>, name:Apple Watch, manufacturer:Apple Inc., model:Watch, hardware:Watch7,1, software:11.6.1, creation date:2025-09-13 14:18:16 +0000>",2025-10-02 18:07:17 +0000,2025-10-02 18:07:17 +0000,count/min,119.0,2
HKQuantityTypeIdentifierHeartRate,PhysTrax Apple Watch,11.6.1,"Watch7,1","<<HKDevice: 0x133e95440>, name:Apple Watch, manufacturer:Apple Inc., model:Watch, hardware:Watch7,1, software:11.6.1, creation date:2025-09-13 14:18:16 +0000>",2025-10-02 18:07:19 +0000,2025-10-02 18:07:19 +0000,count/min,119.0,2
HKQuantityTypeIdentifierHeartRate,PhysTrax Apple Watch,11.6.1,"Watch7,1","<<HKDevice: 0x133e95440>, name:Apple Watch, manufacturer:Apple Inc., model:Watch, hardware:Watch7,1, software:11.6.1, creation date:2025-09-13 14:18:16 +0000>",2025-10-02 18:07:26 +0000,2025-10-02 18:07:26 +0000,count/min,120.0,2
HKQuantityTypeIdentifierHeartRate,PhysTrax Apple Watch,11.6.1,"Watch7,1","<<HKDevice: 0x133e95440>, name:Apple Watch, manufacturer:Apple Inc., model:Watch, hardware:Watch7,1, software:11.6.1, creation date:2025-09-13 14:18:16 +0000>",2025-10-02 18:07:32 +0000,2025-10-02 18:07:32 +0000,count/min,120.0,2
HKQuantityTypeIdentifierHeartRate,PhysTrax Apple Watch,11.6.1,"Watch7,1","<<HKDevice: 0x133e95440>, name:Apple Watch, manufacturer:Apple Inc., model:Watch, hardware:Watch7,1, software:11.6.1, creation date:2025-09-13 14:18:16 +0000>",2025-10-02 18:07:36 +0000,2025-10-02 18:07:36 +0000,count/min,120.0,2
HKQuantityTypeIdentifierHeartRate,PhysTrax Apple Watch,11.6.1,"Watch7,1","<<HKDevice: 0x133e95440>, name:Apple Watch, manufacturer:Apple Inc., model:Watch, hardware:Watch7,1, software:11.6.1, creation date:2025-09-13 14:18:16 +0000>",2025-10-02 18:08:03 +0000,2025-10-02 18:08:03 +0000,count/min,121.0,2
HKQuantityTypeIdentifierHeartRate,PhysTrax Apple Watch,11.6.1,"Watch7,1","<<HKDevice: 0x133e95440>, name:Apple Watch, manufacturer:Apple Inc., model:Watch, hardware:Watch7,1, software:11.6.1, creation date:2025-09-13 14:18:16 +0000>",2025-10-02 18:08:07 +0000,2025-10-02 18:08:07 +0000,count/min,121.0,2
HKQuantityTypeIdentifierHeartRate,PhysTrax Apple Watch,11.6.1,"Watch7,1","<<HKDevice: 0x133e95440>, name:Apple Watch, manufacturer:Apple Inc., model:Watch, hardware:Watch7,1, software:11.6.1, creation date:2025-09-13 14:18:16 +0000>",2025-10-02 18:08:11 +0000,2025-10-02 18:08:11 +0000,count/min,121.0,2
HKQuantityTypeIdentifierHeartRate,PhysTrax Apple Watch,11.6.1,"Watch7,1","<<HKDevice: 0x133e95440>, name:Apple Watch, manufacturer:Apple Inc., model:Watch, hardware:Watch7,1, software:11.6.1, creation date:2025-09-13 14:18:16 +0000>",2025-10-02 18:08:17 +0000,2025-10-02 18:08:17 +0000,count/min,122.0,2
HKQuantityTypeIdentifierHeartRate,PhysTrax Apple Watch,11.6.1,"Watch7,1","<<HKDevice: 0x133e95440>, name:Apple Watch, manufacturer:Apple Inc., model:Watch, hardware:Watch7,1, software:11.6.1, creation date:2025-09-13 14:18:16 +0000>",2025-10-02 18:08:21 +0000,2025-10-02 18:08:21 +0000,count/min,122.99999999999999,2
HKQuantityTypeIdentifierHeartRate,PhysTrax Apple Watch,11.6.1,"Watch7,1","<<HKDevice: 0x133e95440>, name:Apple Watch, manufacturer:Apple Inc., model:Watch, hardware:Watch7,1, software:11.6.1, creation date:2025-09-13 14:18:16 +0000>",2025-10-02 18:08:24 +0000,2025-10-02 18:08:24 +0000,count/min,122.0,2
HKQuantityTypeIdentifierHeartRate,PhysTrax Apple Watch,11.6.1,"Watch7,1","<<HKDevice: 0x133e95440>, name:Apple Watch, manufacturer:Apple Inc., model:Watch, hardware:Watch7,1, software:11.6.1, creation date:2025-09-13 14:18:16 +0000>",2025-10-02 18:08:29 +0000,2025-10-02 18:08:29 +0000,count/min,122.99999999999999,2
HKQuantityTypeIdentifierHeartRate,PhysTrax Apple Watch,11.6.1,"Watch7,1","<<HKDevice: 0x133e95440>, name:Apple Watch, manufacturer:Apple Inc., model:Watch, hardware:Watch7,1, software:11.6.1, creation date:2025-09-13 14:18:16 +0000>",2025-10-02 18:08:34 +0000,2025-10-02 18:08:34 +0000,count/min,122.99999999999999,2
HKQuantityTypeIdentifierHeartRate,PhysTrax Apple Watch,11.6.1,"Watch7,1","<<HKDevice: 0x133e95440>, name:Apple Watch, manufacturer:Apple Inc., model:Watch, hardware:Watch7,1, software:11.6.1, creation date:2025-09-13 14:18:16 +0000>",2025-10-02 18:08:41 +0000,2025-10-02 18:08:41 +0000,count/min,122.99999999999999,2
HKQuantityTypeIdentifierHeartRate,PhysTrax Apple Watch,11.6.1,"Watch7,1","<<HKDevice: 0x133e95440>, name:Apple Watch, manufacturer:Apple Inc., model:Watch, hardware:Watch7,1, software:11.6.1, creation date:2025-09-13 14:18:16 +0000>",2025-10-02 18:08:44 +0000,2025-10-02 18:08:44 +0000,count/min,122.99999999999999,2
HKQuantityTypeIdentifierHeartRate,PhysTrax Apple Watch,11.6.1,"Watch7,1","<<HKDevice: 0x133e95440>, name:Apple Watch, manufacturer:Apple Inc., model:Watch, hardware:Watch7,1, software:11.6.1, creation date:2025-09-13 14:18:16 +0000>",2025-10-02 18:08:53 +0000,2025-10-02 18:08:53 +0000,count/min,122.99999999999999,2
HKQuantityTypeIdentifierHeartRate,PhysTrax Apple Watch,11.6.1,"Watch7,1","<<HKDevice: 0x133e95440>, name:Apple Watch, manufacturer:Apple Inc., model:Watch, hardware:Watch7,1, software:11.6.1, creation date:2025-09-13 14:18:16 +0000>",2025-10-02 18:08:58 +0000,2025-10-02 18:08:58 +0000,count/min,125.00000000000001,2
HKQuantityTypeIdentifierHeartRate,PhysTrax Apple Watch,11.6.1,"Watch7,1","<<HKDevice: 0x133e95440>, name:Apple Watch, manufacturer:Apple Inc., model:Watch, hardware:Watch7,1, software:11.6.1, creation date:2025-09-13 14:18:16 +0000>",2025-10-02 18:09:03 +0000,2025-10-02 18:09:03 +0000,count/min,125.00000000000001,2
HKQuantityTypeIdentifierHeartRate,PhysTrax Apple Watch,11.6.1,"Watch7,1","<<HKDevice: 0x133e95440>, name:Apple Watch, manufacturer:Apple Inc., model:Watch, hardware:Watch7,1, software:11.6.1, creation date:2025-09-13 14:18:16 +0000>",2025-10-02 18:09:04 +0000,2025-10-02 18:09:04 +0000,count/min,125.00000000000001,2
HKQuantityTypeIdentifierHeartRate,PhysTrax Apple Watch,11.6.1,"Watch7,1","<<HKDevice: 0x133e95440>, name:Apple Watch, manufacturer:Apple Inc., model:Watch, hardware:Watch7,1, software:11.6.1, creation date:2025-09-13 14:18:16 +0000>",2025-10-02 18:09:09 +0000,2025-10-02 18:09:09 +0000,count/min,125.00000000000001,2
HKQuantityTypeIdentifierHeartRate,PhysTrax Apple Watch,11.6.1,"Watch7,1","<<HKDevice: 0x133e95440>, name:Apple Watch, manufacturer:Apple Inc., model:Watch, hardware:Watch7,1, software:11.6.1, creation date:2025-09-13 14:18:16 +0000>",2025-10-02 18:09:18 +0000,2025-10-02 18:09:18 +0000,count/min,124.00000000000001,2
HKQuantityTypeIdentifierHeartRate,PhysTrax Apple Watch,11.6.1,"Watch7,1","<<HKDevice: 0x133e95440>, name:Apple Watch, manufacturer:Apple Inc., model:Watch, hardware:Watch7,1, software:11.6.1, creation date:2025-09-13 14:18:16 +0000>",2025-10-02 18:09:19 +0000,2025-10-02 18:09:19 +0000,count/min,124.00000000000001,2
HKQuantityTypeIdentifierHeartRate,PhysTrax Apple Watch,11.6.1,"Watch7,1","<<HKDevice: 0x133e95440>, name:Apple Watch, manufacturer:Apple Inc., model:Watch, hardware:Watch7,1, software:11.6.1, creation date:2025-09-13 14:18:16 +0000>",2025-10-02 18:09:24 +0000,2025-10-02 18:09:24 +0000,count/min,124.00000000000001,2
HKQuantityTypeIdentifierHeartRate,PhysTrax Apple Watch,11.6.1,"Watch7,1","<<HKDevice: 0x133e95440>, name:Apple Watch, manufacturer:Apple Inc., model:Watch, hardware:Watch7,1, software:11.6.1, creation date:2025-09-13 14:18:16 +0000>",2025-10-02 18:09:30 +0000,2025-10-02 18:09:30 +0000,count/min,124.00000000000001,2
HKQuantityTypeIdentifierHeartRate,PhysTrax Apple Watch,11.6.1,"Watch7,1","<<HKDevice: 0x133e95440>, name:Apple Watch, manufacturer:Apple Inc., model:Watch, hardware:Watch7,1, software:11.6.1, creation date:2025-09-13 14:18:16 +0000>",2025-10-02 18:09:38 +0000,2025-10-02 18:09:38 +0000,count/min,122.99999999999999,2
HKQuantityTypeIdentifierHeartRate,PhysTrax Apple Watch,11.6.1,"Watch7,1","<<HKDevice: 0x133e95440>, name:Apple Watch, manufacturer:Apple Inc., model:Watch, hardware:Watch7,1, software:11.6.1, creation date:2025-09-13 14:18:16 +0000>",2025-10-02 18:09:43 +0000,2025-10-02 18:09:43 +0000,count/min,124.00000000000001,2
HKQuantityTypeIdentifierHeartRate,PhysTrax Apple Watch,11.6.1,"Watch7,1","<<HKDevice: 0x133e95440>, name:Apple Watch, manufacturer:Apple Inc., model:Watch, hardware:Watch7,1, software:11.6.1, creation date:2025-09-13 14:18:16 +0000>",2025-10-02 18:09:44 +0000,2025-10-02 18:09:44 +0000,count/min,124.00000000000001,2
HKQuantityTypeIdentifierHeartRate,PhysTrax Apple Watch,11.6.1,"Watch7,1","<<HKDevice: 0x133e95440>, name:Apple Watch, manufacturer:Apple Inc., model:Watch, hardware:Watch7,1, software:11.6.1, creation date:2025-09-13 14:18:16 +0000>",2025-10-02 18:09:51 +0000,2025-10-02 18:09:51 +0000,count/min,122.99999999999999,2
HKQuantityTypeIdentifierHeartRate,PhysTrax Apple Watch,11.6.1,"Watch7,1","<<HKDevice: 0x133e95440>, name:Apple Watch, manufacturer:Apple Inc., model:Watch, hardware:Watch7,1, software:11.6.1, creation date:2025-09-13 14:18:16 +0000>",2025-10-02 18:09:54 +0000,2025-10-02 18:09:54 +0000,count/min,122.0,2
HKQuantityTypeIdentifierHeartRate,PhysTrax Apple Watch,11.6.1,"Watch7,1","<<HKDevice: 0x133e95440>, name:Apple Watch, manufacturer:Apple Inc., model:Watch, hardware:Watch7,1, software:11.6.1, creation date:2025-09-13 14:18:16 +0000>",2025-10-02 18:09:59 +0000,2025-10-02 18:09:59 +0000,count/min,121.0,2
HKQuantityTypeIdentifierHeartRate,PhysTrax Apple Watch,11.6.1,"Watch7,1","<<HKDevice: 0x133e95440>, name:Apple Watch, manufacturer:Apple Inc., model:Watch, hardware:Watch7,1, software:11.6.1, creation date:2025-09-13 14:18:16 +0000>",2025-10-02 18:10:08 +0000,2025-10-02 18:10:08 +0000,count/min,122.0,2
HKQuantityTypeIdentifierHeartRate,PhysTrax Apple Watch,11.6.1,"Watch7,1","<<HKDevice: 0x133e95440>, name:Apple Watch, manufacturer:Apple Inc., model:Watch, hardware:Watch7,1, software:11.6.1, creation date:2025-09-13 14:18:16 +0000>",2025-10-02 18:10:13 +0000,2025-10-02 18:10:13 +0000,count/min,122.0,2
HKQuantityTypeIdentifierHeartRate,PhysTrax Apple Watch,11.6.1,"Watch7,1","<<HKDevice: 0x133e95440>, name:Apple Watch, manufacturer:Apple Inc., model:Watch, hardware:Watch7,1, software:11.6.1, creation date:2025-09-13 14:18:16 +0000>",2025-10-02 18:10:15 +0000,2025-10-02 18:10:15 +0000,count/min,122.0,2
HKQuantityTypeIdentifierHeartRate,PhysTrax Apple Watch,11.6.1,"Watch7,1","<<HKDevice: 0x133e95440>, name:Apple Watch, manufacturer:Apple Inc., model:Watch, hardware:Watch7,1, software:11.6.1, creation date:2025-09-13 14:18:16 +0000>",2025-10-02 18:10:29 +0000,2025-10-02 18:10:29 +0000,count/min,121.0,2
HKQuantityTypeIdentifierHeartRate,PhysTrax Apple Watch,11.6.1,"Watch7,1","<<HKDevice: 0x133e95440>, name:Apple Watch, manufacturer:Apple Inc., model:Watch, hardware:Watch7,1, software:11.6.1, creation date:2025-09-13 14:18:16 +0000>",2025-10-02 18:10:35 +0000,2025-10-02 18:10:35 +0000,count/min,118.0,2
HKQuantityTypeIdentifierHeartRate,PhysTrax Apple Watch,11.6.1,"Watch7,1","<<HKDevice: 0x133e95440>, name:Apple Watch, manufacturer:Apple Inc., model:Watch, hardware:Watch7,1, software:11.6.1, creation date:2025-09-13 14:18:16 +0000>",2025-10-02 18:10:39 +0000,2025-10-02 18:10:39 +0000,count/min,119.0,2
HKQuantityTypeIdentifierHeartRate,PhysTrax Apple Watch,11.6.1,"Watch7,1","<<HKDevice: 0x133e95440>, name:Apple Watch, manufacturer:Apple Inc., model:Watch, hardware:Watch7,1, software:11.6.1, creation date:2025-09-13 14:18:16 +0000>",2025-10-02 18:10:48 +0000,2025-10-02 18:10:48 +0000,count/min,118.0,2
HKQuantityTypeIdentifierHeartRate,PhysTrax Apple Watch,11.6.1,"Watch7,1","<<HKDevice: 0x133e95440>, name:Apple Watch, manufacturer:Apple Inc., model:Watch, hardware:Watch7,1, software:11.6.1, creation date:2025-09-13 14:18:16 +0000>",2025-10-02 18:10:49 +0000,2025-10-02 18:10:49 +0000,count/min,118.0,2
HKQuantityTypeIdentifierHeartRate,PhysTrax Apple Watch,11.6.1,"Watch7,1","<<HKDevice: 0x133e95440>, name:Apple Watch, manufacturer:Apple Inc., model:Watch, hardware:Watch7,1, software:11.6.1, creation date:2025-09-13 14:18:16 +0000>",2025-10-02 18:10:54 +0000,2025-10-02 18:10:54 +0000,count/min,118.0,2
HKQuantityTypeIdentifierHeartRate,PhysTrax Apple Watch,11.6.1,"Watch7,1","<<HKDevice: 0x133e95440>, name:Apple Watch, manufacturer:Apple Inc., model:Watch, hardware:Watch7,1, software:11.6.1, creation date:2025-09-13 14:18:16 +0000>",2025-10-02 18:11:01 +0000,2025-10-02 18:11:01 +0000,count/min,117.0,2
HKQuantityTypeIdentifierHeartRate,PhysTrax Apple Watch,11.6.1,"Watch7,1","<<HKDevice: 0x133e95440>, name:Apple Watch, manufacturer:Apple Inc., model:Watch, hardware:Watch7,1, software:11.6.1, creation date:2025-09-13 14:18:16 +0000>",2025-10-02 18:11:04 +0000,2025-10-02 18:11:04 +0000,count/min,117.0,2
HKQuantityTypeIdentifierHeartRate,PhysTrax Apple Watch,11.6.1,"Watch7,1","<<HKDevice: 0x133e95440>, name:Apple Watch, manufacturer:Apple Inc., model:Watch, hardware:Watch7,1, software:11.6.1, creation date:2025-09-13 14:18:16 +0000>",2025-10-02 18:11:10 +0000,2025-10-02 18:11:10 +0000,count/min,118.0,2
HKQuantityTypeIdentifierHeartRate,PhysTrax Apple Watch,11.6.1,"Watch7,1","<<HKDevice: 0x133e95440>, name:Apple Watch, manufacturer:Apple Inc., model:Watch, hardware:Watch7,1, software:11.6.1, creation date:2025-09-13 14:18:16 +0000>",2025-10-02 18:11:27 +0000,2025-10-02 18:11:27 +0000,count/min,118.0,2
HKQuantityTypeIdentifierHeartRate,PhysTrax Apple Watch,11.6.1,"Watch7,1","<<HKDevice: 0x133e95440>, name:Apple Watch, manufacturer:Apple Inc., model:Watch, hardware:Watch7,1, software:11.6.1, creation date:2025-09-13 14:18:16 +0000>",2025-10-02 18:11:29 +0000,2025-10-02 18:11:29 +0000,count/min,119.0,2
HKQuantityTypeIdentifierHeartRate,PhysTrax Apple Watch,11.6.1,"Watch7,1","<<HKDevice: 0x133e95440>, name:Apple Watch, manufacturer:Apple Inc., model:Watch, hardware:Watch7,1, software:11.6.1, creation date:2025-09-13 14:18:16 +0000>",2025-10-02 18:11:39 +0000,2025-10-02 18:11:39 +0000,count/min,121.0,2
HKQuantityTypeIdentifierHeartRate,PhysTrax Apple Watch,11.6.1,"Watch7,1","<<HKDevice: 0x133e95440>, name:Apple Watch, manufacturer:Apple Inc., model:Watch, hardware:Watch7,1, software:11.6.1, creation date:2025-09-13 14:18:16 +0000>",2025-10-02 18:11:48 +0000,2025-10-02 18:11:48 +0000,count/min,122.99999999999999,2
HKQuantityTypeIdentifierHeartRate,PhysTrax Apple Watch,11.6.1,"Watch7,1","<<HKDevice: 0x133e95440>, name:Apple Watch, manufacturer:Apple Inc., model:Watch, hardware:Watch7,1, software:11.6.1, creation date:2025-09-13 14:18:16 +0000>",2025-10-02 18:11:49 +0000,2025-10-02 18:11:49 +0000,count/min,124.00000000000001,2
HKQuantityTypeIdentifierHeartRate,PhysTrax Apple Watch,11.6.1,"Watch7,1","<<HKDevice: 0x133e95440>, name:Apple Watch, manufacturer:Apple Inc., model:Watch, hardware:Watch7,1, software:11.6.1, creation date:2025-09-13 14:18:16 +0000>",2025-10-02 18:11:58 +0000,2025-10-02 18:11:58 +0000,count/min,124.00000000000001,2
HKQuantityTypeIdentifierHeartRate,PhysTrax Apple Watch,11.6.1,"Watch7,1","<<HKDevice: 0x133e95440>, name:Apple Watch, manufacturer:Apple Inc., model:Watch, hardware:Watch7,1, software:11.6.1, creation date:2025-09-13 14:18:16 +0000>",2025-10-02 18:12:03 +0000,2025-10-02 18:12:03 +0000,count/min,128.0,2
HKQuantityTypeIdentifierHeartRate,PhysTrax Apple Watch,11.6.1,"Watch7,1","<<HKDevice: 0x133e95440>, name:Apple Watch, manufacturer:Apple Inc., model:Watch, hardware:Watch7,1, software:11.6.1, creation date:2025-09-13 14:18:16 +0000>",2025-10-02 18:12:04 +0000,2025-10-02 18:12:04 +0000,count/min,128.0,2
HKQuantityTypeIdentifierHeartRate,PhysTrax Apple Watch,11.6.1,"Watch7,1","<<HKDevice: 0x133e95440>, name:Apple Watch, manufacturer:Apple Inc., model:Watch, hardware:Watch7,1, software:11.6.1, creation date:2025-09-13 14:18:16 +0000>",2025-10-02 18:12:13 +0000,2025-10-02 18:12:13 +0000,count/min,126.0,2
HKQuantityTypeIdentifierHeartRate,PhysTrax Apple Watch,11.6.1,"Watch7,1","<<HKDevice: 0x133e95440>, name:Apple Watch, manufacturer:Apple Inc., model:Watch, hardware:Watch7,1, software:11.6.1, creation date:2025-09-13 14:18:16 +0000>",2025-10-02 18:12:18 +0000,2025-10-02 18:12:18 +0000,count/min,130.0,2
HKQuantityTypeIdentifierHeartRate,PhysTrax Apple Watch,11.6.1,"Watch7,1","<<HKDevice: 0x133e95440>, name:Apple Watch, manufacturer:Apple Inc., model:Watch, hardware:Watch7,1, software:11.6.1, creation date:2025-09-13 14:18:16 +0000>",2025-10-02 18:12:21 +0000,2025-10-02 18:12:21 +0000,count/min,131.0,2
HKQuantityTypeIdentifierHeartRate,PhysTrax Apple Watch,11.6.1,"Watch7,1","<<HKDevice: 0x133e95440>, name:Apple Watch, manufacturer:Apple Inc., model:Watch, hardware:Watch7,1, software:11.6.1, creation date:2025-09-13 14:18:16 +0000>",2025-10-02 18:12:27 +0000,2025-10-02 18:12:27 +0000,count/min,133.0,2
HKQuantityTypeIdentifierHeartRate,PhysTrax Apple Watch,11.6.1,"Watch7,1","<<HKDevice: 0x133e95440>, name:Apple Watch, manufacturer:Apple Inc., model:Watch, hardware:Watch7,1, software:11.6.1, creation date:2025-09-13 14:18:16 +0000>",2025-10-02 18:12:33 +0000,2025-10-02 18:12:33 +0000,count/min,132.0,2
HKQuantityTypeIdentifierHeartRate,PhysTrax Apple Watch,11.6.1,"Watch7,1","<<HKDevice: 0x133e95440>, name:Apple Watch, manufacturer:Apple Inc., model:Watch, hardware:Watch7,1, software:11.6.1, creation date:2025-09-13 14:18:16 +0000>",2025-10-02 18:12:37 +0000,2025-10-02 18:12:37 +0000,count/min,133.0,2
HKQuantityTypeIdentifierHeartRate,PhysTrax Apple Watch,11.6.1,"Watch7,1","<<HKDevice: 0x133e95440>, name:Apple Watch, manufacturer:Apple Inc., model:Watch, hardware:Watch7,1, software:11.6.1, creation date:2025-09-13 14:18:16 +0000>",2025-10-02 18:12:39 +0000,2025-10-02 18:12:39 +0000,count/min,134.0,2
HKQuantityTypeIdentifierHeartRate,PhysTrax Apple Watch,11.6.1,"Watch7,1","<<HKDevice: 0x133e95440>, name:Apple Watch, manufacturer:Apple Inc., model:Watch, hardware:Watch7,1, software:11.6.1, creation date:2025-09-13 14:18:16 +0000>",2025-10-02 18:12:49 +0000,2025-10-02 18:12:49 +0000,count/min,134.0,2
HKQuantityTypeIdentifierHeartRate,PhysTrax Apple Watch,11.6.1,"Watch7,1","<<HKDevice: 0x133e95440>, name:Apple Watch, manufacturer:Apple Inc., model:Watch, hardware:Watch7,1, software:11.6.1, creation date:2025-09-13 14:18:16 +0000>",2025-10-02 18:12:55 +0000,2025-10-02 18:12:55 +0000,count/min,135.0,2
HKQuantityTypeIdentifierHeartRate,PhysTrax Apple Watch,11.6.1,"Watch7,1","<<HKDevice: 0x133e95440>, name:Apple Watch, manufacturer:Apple Inc., model:Watch, hardware:Watch7,1, software:11.6.1, creation date:2025-09-13 14:18:16 +0000>",2025-10-02 18:13:00 +0000,2025-10-02 18:13:00 +0000,count/min,135.0,2
HKQuantityTypeIdentifierHeartRate,PhysTrax Apple Watch,11.6.1,"Watch7,1","<<HKDevice: 0x133e95440>, name:Apple Watch, manufacturer:Apple Inc., model:Watch, hardware:Watch7,1, software:11.6.1, creation date:2025-09-13 14:18:16 +0000>",2025-10-02 18:13:08 +0000,2025-10-02 18:13:08 +0000,count/min,134.0,2
HKQuantityTypeIdentifierHeartRate,PhysTrax Apple Watch,11.6.1,"Watch7,1","<<HKDevice: 0x133e95440>, name:Apple Watch, manufacturer:Apple Inc., model:Watch, hardware:Watch7,1, software:11.6.1, creation date:2025-09-13 14:18:16 +0000>",2025-10-02 18:13:13 +0000,2025-10-02 18:13:13 +0000,count/min,135.0,2
HKQuantityTypeIdentifierHeartRate,PhysTrax Apple Watch,11.6.1,"Watch7,1","<<HKDevice: 0x133e95440>, name:Apple Watch, manufacturer:Apple Inc., model:Watch, hardware:Watch7,1, software:11.6.1, creation date:2025-09-13 14:18:16 +0000>",2025-10-02 18:13:17 +0000,2025-10-02 18:13:17 +0000,count/min,132.0,2
HKQuantityTypeIdentifierHeartRate,PhysTrax Apple Watch,11.6.1,"Watch7,1","<<HKDevice: 0x133e95440>, name:Apple Watch, manufacturer:Apple Inc., model:Watch, hardware:Watch7,1, software:11.6.1, creation date:2025-09-13 14:18:16 +0000>",2025-10-02 18:13:22 +0000,2025-10-02 18:13:22 +0000,count/min,131.0,2
HKQuantityTypeIdentifierHeartRate,PhysTrax Apple Watch,11.6.1,"Watch7,1","<<HKDevice: 0x133e95440>, name:Apple Watch, manufacturer:Apple Inc., model:Watch, hardware:Watch7,1, software:11.6.1, creation date:2025-09-13 14:18:16 +0000>",2025-10-02 18:13:24 +0000,2025-10-02 18:13:24 +0000,count/min,130.0,2
HKQuantityTypeIdentifierHeartRate,PhysTrax Apple Watch,11.6.1,"Watch7,1","<<HKDevice: 0x133e95440>, name:Apple Watch, manufacturer:Apple Inc., model:Watch, hardware:Watch7,1, software:11.6.1, creation date:2025-09-13 14:18:16 +0000>",2025-10-02 18:13:32 +0000,2025-10-02 18:13:32 +0000,count/min,127.0,2
HKQuantityTypeIdentifierHeartRate,PhysTrax Apple Watch,11.6.1,"Watch7,1","<<HKDevice: 0x133e95440>, name:Apple Watch, manufacturer:Apple Inc., model:Watch, hardware:Watch7,1, software:11.6.1, creation date:2025-09-13 14:18:16 +0000>",2025-10-02 18:13:35 +0000,2025-10-02 18:13:35 +0000,count/min,128.0,2
HKQuantityTypeIdentifierHeartRate,PhysTrax Apple Watch,11.6.1,"Watch7,1","<<HKDevice: 0x133e95440>, name:Apple Watch, manufacturer:Apple Inc., model:Watch, hardware:Watch7,1, software:11.6.1, creation date:2025-09-13 14:18:16 +0000>",2025-10-02 18:13:39 +0000,2025-10-02 18:13:39 +0000,count/min,127.0,2
HKQuantityTypeIdentifierHeartRate,PhysTrax Apple Watch,11.6.1,"Watch7,1","<<HKDevice: 0x133e95440>, name:Apple Watch, manufacturer:Apple Inc., model:Watch, hardware:Watch7,1, software:11.6.1, creation date:2025-09-13 14:18:16 +0000>",2025-10-02 18:13:48 +0000,2025-10-02 18:13:48 +0000,count/min,127.0,2
HKQuantityTypeIdentifierHeartRate,PhysTrax Apple Watch,11.6.1,"Watch7,1","<<HKDevice: 0x133e95440>, name:Apple Watch, manufacturer:Apple Inc., model:Watch, hardware:Watch7,1, software:11.6.1, creation date:2025-09-13 14:18:16 +0000>",2025-10-02 18:13:50 +0000,2025-10-02 18:13:50 +0000,count/min,129.0,2
HKQuantityTypeIdentifierHeartRate,PhysTrax Apple Watch,11.6.1,"Watch7,1","<<HKDevice: 0x133e95440>, name:Apple Watch, manufacturer:Apple Inc., model:Watch, hardware:Watch7,1, software:11.6.1, creation date:2025-09-13 14:18:16 +0000>",2025-10-02 18:13:58 +0000,2025-10-02 18:13:58 +0000,count/min,125.00000000000001,2
HKQuantityTypeIdentifierHeartRate,PhysTrax Apple Watch,11.6.1,"Watch7,1","<<HKDevice: 0x133e95440>, name:Apple Watch, manufacturer:Apple Inc., model:Watch, hardware:Watch7,1, software:11.6.1, creation date:2025-09-13 14:18:16 +0000>",2025-10-02 18:13:59 +0000,2025-10-02 18:13:59 +0000,count/min,125.00000000000001,2
HKQuantityTypeIdentifierHeartRate,PhysTrax Apple Watch,11.6.1,"Watch7,1","<<HKDevice: 0x133e95440>, name:Apple Watch, manufacturer:Apple Inc., model:Watch, hardware:Watch7,1, software:11.6.1, creation date:2025-09-13 14:18:16 +0000>",2025-10-02 18:14:06 +0000,2025-10-02 18:14:06 +0000,count/min,124.00000000000001,2
HKQuantityTypeIdentifierHeartRate,PhysTrax Apple Watch,11.6.1,"Watch7,1","<<HKDevice: 0x133e95440>, name:Apple Watch, manufacturer:Apple Inc., model:Watch, hardware:Watch7,1, software:11.6.1, creation date:2025-09-13 14:18:16 +0000>",2025-10-02 18:14:13 +0000,2025-10-02 18:14:13 +0000,count/min,124.00000000000001,2
HKQuantityTypeIdentifierHeartRate,PhysTrax Apple Watch,11.6.1,"Watch7,1","<<HKDevice: 0x133e95440>, name:Apple Watch, manufacturer:Apple Inc., model:Watch, hardware:Watch7,1, software:11.6.1, creation date:2025-09-13 14:18:16 +0000>",2025-10-02 18:14:18 +0000,2025-10-02 18:14:18 +0000,count/min,125.00000000000001,2
HKQuantityTypeIdentifierHeartRate,PhysTrax Apple Watch,11.6.1,"Watch7,1","<<HKDevice: 0x133e95440>, name:Apple Watch, manufacturer:Apple Inc., model:Watch, hardware:Watch7,1, software:11.6.1, creation date:2025-09-13 14:18:16 +0000>",2025-10-02 18:14:21 +0000,2025-10-02 18:14:21 +0000,count/min,127.0,2
HKQuantityTypeIdentifierHeartRate,PhysTrax Apple Watch,11.6.1,"Watch7,1","<<HKDevice: 0x133e95440>, name:Apple Watch, manufacturer:Apple Inc., model:Watch, hardware:Watch7,1, software:11.6.1, creation date:2025-09-13 14:18:16 +0000>",2025-10-02 18:14:24 +0000,2025-10-02 18:14:24 +0000,count/min,127.0,2
HKQuantityTypeIdentifierHeartRate,PhysTrax Apple Watch,11.6.1,"Watch7,1","<<HKDevice: 0x133e95440>, name:Apple Watch, manufacturer:Apple Inc., model:Watch, hardware:Watch7,1, software:11.6.1, creation date:2025-09-13 14:18:16 +0000>",2025-10-02 18:14:29 +0000,2025-10-02 18:14:29 +0000,count/min,126.0,2
HKQuantityTypeIdentifierHeartRate,PhysTrax Apple Watch,11.6.1,"Watch7,1","<<HKDevice: 0x133e95440>, name:Apple Watch, manufacturer:Apple Inc., model:Watch, hardware:Watch7,1, software:11.6.1, creation date:2025-09-13 14:18:16 +0000>",2025-10-02 18:14:34 +0000,2025-10-02 18:14:34 +0000,count/min,119.0,2
HKQuantityTypeIdentifierHeartRate,PhysTrax Apple Watch,11.6.1,"Watch7,1","<<HKDevice: 0x133e95440>, name:Apple Watch, manufacturer:Apple Inc., model:Watch, hardware:Watch7,1, software:11.6.1, creation date:2025-09-13 14:18:16 +0000>",2025-10-02 18:14:39 +0000,2025-10-02 18:14:39 +0000,count/min,117.0,2
HKQuantityTypeIdentifierHeartRate,PhysTrax Apple Watch,11.6.1,"Watch7,1","<<HKDevice: 0x133e95440>, name:Apple Watch, manufacturer:Apple Inc., model:Watch, hardware:Watch7,1, software:11.6.1, creation date:2025-09-13 14:18:16 +0000>",2025-10-02 18:14:45 +0000,2025-10-02 18:14:45 +0000,count/min,115.0,2
HKQuantityTypeIdentifierHeartRate,PhysTrax Apple Watch,11.6.1,"Watch7,1","<<HKDevice: 0x133e95440>, name:Apple Watch, manufacturer:Apple Inc., model:Watch, hardware:Watch7,1, software:11.6.1, creation date:2025-09-13 14:18:16 +0000>",2025-10-02 18:14:53 +0000,2025-10-02 18:14:53 +0000,count/min,117.0,2
HKQuantityTypeIdentifierHeartRate,PhysTrax Apple Watch,11.6.1,"Watch7,1","<<HKDevice: 0x133e95440>, name:Apple Watch, manufacturer:Apple Inc., model:Watch, hardware:Watch7,1, software:11.6.1, creation date:2025-09-13 14:18:16 +0000>",2025-10-02 18:14:58 +0000,2025-10-02 18:14:58 +0000,count/min,124.00000000000001,2
HKQuantityTypeIdentifierHeartRate,PhysTrax Apple Watch,11.6.1,"Watch7,1","<<HKDevice: 0x133e95440>, name:Apple Watch, manufacturer:Apple Inc., model:Watch, hardware:Watch7,1, software:11.6.1, creation date:2025-09-13 14:18:16 +0000>",2025-10-02 18:14:59 +0000,2025-10-02 18:14:59 +0000,count/min,122.99999999999999,2
HKQuantityTypeIdentifierHeartRate,PhysTrax Apple Watch,11.6.1,"Watch7,1","<<HKDevice: 0x133e95440>, name:Apple Watch, manufacturer:Apple Inc., model:Watch, hardware:Watch7,1, software:11.6.1, creation date:2025-09-13 14:18:16 +0000>",2025-10-02 18:15:04 +0000,2025-10-02 18:15:04 +0000,count/min,121.0,2
HKQuantityTypeIdentifierHeartRate,PhysTrax Apple Watch,11.6.1,"Watch7,1","<<HKDevice: 0x133e95440>, name:Apple Watch, manufacturer:Apple Inc., model:Watch, hardware:Watch7,1, software:11.6.1, creation date:2025-09-13 14:18:16 +0000>",2025-10-02 18:15:23 +0000,2025-10-02 18:15:23 +0000,count/min,127.0,2
HKQuantityTypeIdentifierHeartRate,PhysTrax Apple Watch,11.6.1,"Watch7,1","<<HKDevice: 0x133e95440>, name:Apple Watch, manufacturer:Apple Inc., model:Watch, hardware:Watch7,1, software:11.6.1, creation date:2025-09-13 14:18:16 +0000>",2025-10-02 18:15:28 +0000,2025-10-02 18:15:28 +0000,count/min,131.0,2
HKQuantityTypeIdentifierHeartRate,PhysTrax Apple Watch,11.6.1,"Watch7,1","<<HKDevice: 0x133e95440>, name:Apple Watch, manufacturer:Apple Inc., model:Watch, hardware:Watch7,1, software:11.6.1, creation date:2025-09-13 14:18:16 +0000>",2025-10-02 18:15:30 +0000,2025-10-02 18:15:30 +0000,count/min,131.0,2
HKQuantityTypeIdentifierHeartRate,PhysTrax Apple Watch,11.6.1,"Watch7,1","<<HKDevice: 0x133e95440>, name:Apple Watch, manufacturer:Apple Inc., model:Watch, hardware:Watch7,1, software:11.6.1, creation date:2025-09-13 14:18:16 +0000>",2025-10-02 18:15:38 +0000,2025-10-02 18:15:38 +0000,count/min,126.0,2
HKQuantityTypeIdentifierHeartRate,PhysTrax Apple Watch,11.6.1,"Watch7,1","<<HKDevice: 0x133e95440>, name:Apple Watch, manufacturer:Apple Inc., model:Watch, hardware:Watch7,1, software:11.6.1, creation date:2025-09-13 14:18:16 +0000>",2025-10-02 18:15:41 +0000,2025-10-02 18:15:41 +0000,count/min,125.00000000000001,2
HKQuantityTypeIdentifierHeartRate,PhysTrax Apple Watch,11.6.1,"Watch7,1","<<HKDevice: 0x133e95440>, name:Apple Watch, manufacturer:Apple Inc., model:Watch, hardware:Watch7,1, software:11.6.1, creation date:2025-09-13 14:18:16 +0000>",2025-10-02 18:15:44 +0000,2025-10-02 18:15:44 +0000,count/min,126.0,2
HKQuantityTypeIdentifierHeartRate,PhysTrax Apple Watch,11.6.1,"Watch7,1","<<HKDevice: 0x133e95440>, name:Apple Watch, manufacturer:Apple Inc., model:Watch, hardware:Watch7,1, software:11.6.1, creation date:2025-09-13 14:18:16 +0000>",2025-10-02 18:15:49 +0000,2025-10-02 18:15:49 +0000,count/min,130.0,2
HKQuantityTypeIdentifierHeartRate,PhysTrax Apple Watch,11.6.1,"Watch7,1","<<HKDevice: 0x133e95440>, name:Apple Watch, manufacturer:Apple Inc., model:Watch, hardware:Watch7,1, software:11.6.1, creation date:2025-09-13 14:18:16 +0000>",2025-10-02 18:16:04 +0000,2025-10-02 18:16:04 +0000,count/min,125.00000000000001,2
HKQuantityTypeIdentifierHeartRate,PhysTrax Apple Watch,11.6.1,"Watch7,1","<<HKDevice: 0x133e95440>, name:Apple Watch, manufacturer:Apple Inc., model:Watch, hardware:Watch7,1, software:11.6.1, creation date:2025-09-13 14:18:16 +0000>",2025-10-02 18:16:09 +0000,2025-10-02 18:16:09 +0000,count/min,121.0,2
HKQuantityTypeIdentifierHeartRate,PhysTrax Apple Watch,11.6.1,"Watch7,1","<<HKDevice: 0x133e95440>, name:Apple Watch, manufacturer:Apple Inc., model:Watch, hardware:Watch7,1, software:11.6.1, creation date:2025-09-13 14:18:16 +0000>",2025-10-02 18:16:18 +0000,2025-10-02 18:16:18 +0000,count/min,117.0,2
HKQuantityTypeIdentifierHeartRate,PhysTrax Apple Watch,11.6.1,"Watch7,1","<<HKDevice: 0x133e95440>, name:Apple Watch, manufacturer:Apple Inc., model:Watch, hardware:Watch7,1, software:11.6.1, creation date:2025-09-13 14:18:16 +0000>",2025-10-02 18:16:23 +0000,2025-10-02 18:16:23 +0000,count/min,113.0,2
HKQuantityTypeIdentifierHeartRate,PhysTrax Apple Watch,11.6.1,"Watch7,1","<<HKDevice: 0x133e95440>, name:Apple Watch, manufacturer:Apple Inc., model:Watch, hardware:Watch7,1, software:11.6.1, creation date:2025-09-13 14:18:16 +0000>",2025-10-02 18:16:25 +0000,2025-10-02 18:16:25 +0000,count/min,111.0,2
HKQuantityTypeIdentifierHeartRate,PhysTrax Apple Watch,11.6.1,"Watch7,1","<<HKDevice: 0x133e95440>, name:Apple Watch, manufacturer:Apple Inc., model:Watch, hardware:Watch7,1, software:11.6.1, creation date:2025-09-13 14:18:16 +0000>",2025-10-02 18:16:33 +0000,2025-10-02 18:16:33 +0000,count/min,121.0,2
HKQuantityTypeIdentifierHeartRate,PhysTrax Apple Watch,11.6.1,"Watch7,1","<<HKDevice: 0x133e95440>, name:Apple Watch, manufacturer:Apple Inc., model:Watch, hardware:Watch7,1, software:11.6.1, creation date:2025-09-13 14:18:16 +0000>",2025-10-02 18:16:38 +0000,2025-10-02 18:16:38 +0000,count/min,122.0,2
HKQuantityTypeIdentifierHeartRate,PhysTrax Apple Watch,11.6.1,"Watch7,1","<<HKDevice: 0x133e95440>, name:Apple Watch, manufacturer:Apple Inc., model:Watch, hardware:Watch7,1, software:11.6.1, creation date:2025-09-13 14:18:16 +0000>",2025-10-02 18:16:40 +0000,2025-10-02 18:16:40 +0000,count/min,122.0,2
HKQuantityTypeIdentifierHeartRate,PhysTrax Apple Watch,11.6.1,"Watch7,1","<<HKDevice: 0x133e95440>, name:Apple Watch, manufacturer:Apple Inc., model:Watch, hardware:Watch7,1, software:11.6.1, creation date:2025-09-13 14:18:16 +0000>",2025-10-02 18:16:44 +0000,2025-10-02 18:16:44 +0000,count/min,122.99999999999999,2
HKQuantityTypeIdentifierHeartRate,PhysTrax Apple Watch,11.6.1,"Watch7,1","<<HKDevice: 0x133e95440>, name:Apple Watch, manufacturer:Apple Inc., model:Watch, hardware:Watch7,1, software:11.6.1, creation date:2025-09-13 14:18:16 +0000>",2025-10-02 18:16:49 +0000,2025-10-02 18:16:49 +0000,count/min,114.0,2
HKQuantityTypeIdentifierHeartRate,PhysTrax Apple Watch,11.6.1,"Watch7,1","<<HKDevice: 0x133e95440>, name:Apple Watch, manufacturer:Apple Inc., model:Watch, hardware:Watch7,1, software:11.6.1, creation date:2025-09-13 14:18:16 +0000>",2025-10-02 18:16:57 +0000,2025-10-02 18:16:57 +0000,count/min,124.00000000000001,2
HKQuantityTypeIdentifierHeartRate,PhysTrax Apple Watch,11.6.1,"Watch7,1","<<HKDevice: 0x133e95440>, name:Apple Watch, manufacturer:Apple Inc., model:Watch, hardware:Watch7,1, software:11.6.1, creation date:2025-09-13 14:18:16 +0000>",2025-10-02 18:16:59 +0000,2025-10-02 18:16:59 +0000,count/min,122.99999999999999,2
HKQuantityTypeIdentifierHeartRate,PhysTrax Apple Watch,11.6.1,"Watch7,1","<<HKDevice: 0x133e95440>, name:Apple Watch, manufacturer:Apple Inc., model:Watch, hardware:Watch7,1, software:11.6.1, creation date:2025-09-13 14:18:16 +0000>",2025-10-02 18:17:04 +0000,2025-10-02 18:17:04 +0000,count/min,122.0,2
HKQuantityTypeIdentifierHeartRate,PhysTrax Apple Watch,11.6.1,"Watch7,1","<<HKDevice: 0x133e95440>, name:Apple Watch, manufacturer:Apple Inc., model:Watch, hardware:Watch7,1, software:11.6.1, creation date:2025-09-13 14:18:16 +0000>",2025-10-02 18:17:09 +0000,2025-10-02 18:17:09 +0000,count/min,122.0,2
HKQuantityTypeIdentifierHeartRate,PhysTrax Apple Watch,11.6.1,"Watch7,1","<<HKDevice: 0x133e95440>, name:Apple Watch, manufacturer:Apple Inc., model:Watch, hardware:Watch7,1, software:11.6.1, creation date:2025-09-13 14:18:16 +0000>",2025-10-02 18:17:16 +0000,2025-10-02 18:17:16 +0000,count/min,122.0,2
HKQuantityTypeIdentifierHeartRate,PhysTrax Apple Watch,11.6.1,"Watch7,1","<<HKDevice: 0x133e95440>, name:Apple Watch, manufacturer:Apple Inc., model:Watch, hardware:Watch7,1, software:11.6.1, creation date:2025-09-13 14:18:16 +0000>",2025-10-02 18:17:20 +0000,2025-10-02 18:17:20 +0000,count/min,122.99999999999999,2
HKQuantityTypeIdentifierHeartRate,PhysTrax Apple Watch,11.6.1,"Watch7,1","<<HKDevice: 0x133e95440>, name:Apple Watch, manufacturer:Apple Inc., model:Watch, hardware:Watch7,1, software:11.6.1, creation date:2025-09-13 14:18:16 +0000>",2025-10-02 18:17:24 +0000,2025-10-02 18:17:24 +0000,count/min,125.00000000000001,2
HKQuantityTypeIdentifierHeartRate,PhysTrax Apple Watch,11.6.1,"Watch7,1","<<HKDevice: 0x133e95440>, name:Apple Watch, manufacturer:Apple Inc., model:Watch, hardware:Watch7,1, software:11.6.1, creation date:2025-09-13 14:18:16 +0000>",2025-10-02 18:17:29 +0000,2025-10-02 18:17:29 +0000,count/min,125.00000000000001,2
HKQuantityTypeIdentifierHeartRate,PhysTrax Apple Watch,11.6.1,"Watch7,1","<<HKDevice: 0x133e95440>, name:Apple Watch, manufacturer:Apple Inc., model:Watch, hardware:Watch7,1, software:11.6.1, creation date:2025-09-13 14:18:16 +0000>",2025-10-02 18:17:34 +0000,2025-10-02 18:17:34 +0000,count/min,126.0,2
HKQuantityTypeIdentifierHeartRate,PhysTrax Apple Watch,11.6.1,"Watch7,1","<<HKDevice: 0x133e95440>, name:Apple Watch, manufacturer:Apple Inc., model:Watch, hardware:Watch7,1, software:11.6.1, creation date:2025-09-13 14:18:16 +0000>",2025-10-02 18:17:40 +0000,2025-10-02 18:17:40 +0000,count/min,126.0,2
HKQuantityTypeIdentifierHeartRate,PhysTrax Apple Watch,11.6.1,"Watch7,1","<<HKDevice: 0x133e95440>, name:Apple Watch, manufacturer:Apple Inc., model:Watch, hardware:Watch7,1, software:11.6.1, creation date:2025-09-13 14:18:16 +0000>",2025-10-02 18:17:48 +0000,2025-10-02 18:17:48 +0000,count/min,124.00000000000001,2
HKQuantityTypeIdentifierHeartRate,PhysTrax Apple Watch,11.6.1,"Watch7,1","<<HKDevice: 0x133e95440>, name:Apple Watch, manufacturer:Apple Inc., model:Watch, hardware:Watch7,1, software:11.6.1, creation date:2025-09-13 14:18:16 +0000>",2025-10-02 18:17:52 +0000,2025-10-02 18:17:52 +0000,count/min,116.0,2
HKQuantityTypeIdentifierHeartRate,PhysTrax Apple Watch,11.6.1,"Watch7,1","<<HKDevice: 0x133e95440>, name:Apple Watch, manufacturer:Apple Inc., model:Watch, hardware:Watch7,1, software:11.6.1, creation date:2025-09-13 14:18:16 +0000>",2025-10-02 18:17:54 +0000,2025-10-02 18:17:54 +0000,count/min,116.0,2
HKQuantityTypeIdentifierHeartRate,PhysTrax Apple Watch,11.6.1,"Watch7,1","<<HKDevice: 0x133e95440>, name:Apple Watch, manufacturer:Apple Inc., model:Watch, hardware:Watch7,1, software:11.6.1, creation date:2025-09-13 14:18:16 +0000>",2025-10-02 18:18:02 +0000,2025-10-02 18:18:02 +0000,count/min,114.0,2
HKQuantityTypeIdentifierHeartRate,PhysTrax Apple Watch,11.6.1,"Watch7,1","<<HKDevice: 0x133e95440>, name:Apple Watch, manufacturer:Apple Inc., model:Watch, hardware:Watch7,1, software:11.6.1, creation date:2025-09-13 14:18:16 +0000>",2025-10-02 18:18:08 +0000,2025-10-02 18:18:08 +0000,count/min,112.0,2
HKQuantityTypeIdentifierHeartRate,PhysTrax Apple Watch,11.6.1,"Watch7,1","<<HKDevice: 0x133e95440>, name:Apple Watch, manufacturer:Apple Inc., model:Watch, hardware:Watch7,1, software:11.6.1, creation date:2025-09-13 14:18:16 +0000>",2025-10-02 18:18:09 +0000,2025-10-02 18:18:09 +0000,count/min,112.0,2
HKQuantityTypeIdentifierHeartRate,PhysTrax Apple Watch,11.6.1,"Watch7,1","<<HKDevice: 0x133e95440>, name:Apple Watch, manufacturer:Apple Inc., model:Watch, hardware:Watch7,1, software:11.6.1, creation date:2025-09-13 14:18:16 +0000>",2025-10-02 18:18:14 +0000,2025-10-02 18:18:14 +0000,count/min,112.0,2
HKQuantityTypeIdentifierHeartRate,PhysTrax Apple Watch,11.6.1,"Watch7,1","<<HKDevice: 0x133e95440>, name:Apple Watch, manufacturer:Apple Inc., model:Watch, hardware:Watch7,1, software:11.6.1, creation date:2025-09-13 14:18:16 +0000>",2025-10-02 18:18:19 +0000,2025-10-02 18:18:19 +0000,count/min,114.0,2
HKQuantityTypeIdentifierHeartRate,PhysTrax Apple Watch,11.6.1,"Watch7,1","<<HKDevice: 0x133e95440>, name:Apple Watch, manufacturer:Apple Inc., model:Watch, hardware:Watch7,1, software:11.6.1, creation date:2025-09-13 14:18:16 +0000>",2025-10-02 18:18:27 +0000,2025-10-02 18:18:27 +0000,count/min,116.0,2
HKQuantityTypeIdentifierHeartRate,PhysTrax Apple Watch,11.6.1,"Watch7,1","<<HKDevice: 0x133e95440>, name:Apple Watch, manufacturer:Apple Inc., model:Watch, hardware:Watch7,1, software:11.6.1, creation date:2025-09-13 14:18:16 +0000>",2025-10-02 18:18:33 +0000,2025-10-02 18:18:33 +0000,count/min,120.0,2
HKQuantityTypeIdentifierHeartRate,PhysTrax Apple Watch,11.6.1,"Watch7,1","<<HKDevice: 0x133e95440>, name:Apple Watch, manufacturer:Apple Inc., model:Watch, hardware:Watch7,1, software:11.6.1, creation date:2025-09-13 14:18:16 +0000>",2025-10-02 18:18:34 +0000,2025-10-02 18:18:34 +0000,count/min,120.0,2
HKQuantityTypeIdentifierHeartRate,PhysTrax Apple Watch,11.6.1,"Watch7,1","<<HKDevice: 0x133e95440>, name:Apple Watch, manufacturer:Apple Inc., model:Watch, hardware:Watch7,1, software:11.6.1, creation date:2025-09-13 14:18:16 +0000>",2025-10-02 18:18:43 +0000,2025-10-02 18:18:43 +0000,count/min,121.0,2
HKQuantityTypeIdentifierHeartRate,PhysTrax Apple Watch,11.6.1,"Watch7,1","<<HKDevice: 0x133e95440>, name:Apple Watch, manufacturer:Apple Inc., model:Watch, hardware:Watch7,1, software:11.6.1, creation date:2025-09-13 14:18:16 +0000>",2025-10-02 18:18:44 +0000,2025-10-02 18:18:44 +0000,count/min,122.0,2
HKQuantityTypeIdentifierHeartRate,PhysTrax Apple Watch,11.6.1,"Watch7,1","<<HKDevice: 0x133e95440>, name:Apple Watch, manufacturer:Apple Inc., model:Watch, hardware:Watch7,1, software:11.6.1, creation date:2025-09-13 14:18:16 +0000>",2025-10-02 18:18:49 +0000,2025-10-02 18:18:49 +0000,count/min,124.00000000000001,2
HKQuantityTypeIdentifierHeartRate,PhysTrax Apple Watch,11.6.1,"Watch7,1","<<HKDevice: 0x133e95440>, name:Apple Watch, manufacturer:Apple Inc., model:Watch, hardware:Watch7,1, software:11.6.1, creation date:2025-09-13 14:18:16 +0000>",2025-10-02 18:18:54 +0000,2025-10-02 18:18:54 +0000,count/min,126.0,2
HKQuantityTypeIdentifierHeartRate,PhysTrax Apple Watch,11.6.1,"Watch7,1","<<HKDevice: 0x133e95440>, name:Apple Watch, manufacturer:Apple Inc., model:Watch, hardware:Watch7,1, software:11.6.1, creation date:2025-09-13 14:18:16 +0000>",2025-10-02 18:19:00 +0000,2025-10-02 18:19:00 +0000,count/min,131.0,2
HKQuantityTypeIdentifierHeartRate,PhysTrax Apple Watch,11.6.1,"Watch7,1","<<HKDevice: 0x133e95440>, name:Apple Watch, manufacturer:Apple Inc., model:Watch, hardware:Watch7,1, software:11.6.1, creation date:2025-09-13 14:18:16 +0000>",2025-10-02 18:19:16 +0000,2025-10-02 18:19:16 +0000,count/min,140.0,2
HKQuantityTypeIdentifierHeartRate,PhysTrax Apple Watch,11.6.1,"Watch7,1","<<HKDevice: 0x133e95440>, name:Apple Watch, manufacturer:Apple Inc., model:Watch, hardware:Watch7,1, software:11.6.1, creation date:2025-09-13 14:18:16 +0000>",2025-10-02 18:19:19 +0000,2025-10-02 18:19:19 +0000,count/min,139.00000000000003,2
HKQuantityTypeIdentifierHeartRate,PhysTrax Apple Watch,11.6.1,"Watch7,1","<<HKDevice: 0x133e95440>, name:Apple Watch, manufacturer:Apple Inc., model:Watch, hardware:Watch7,1, software:11.6.1, creation date:2025-09-13 14:18:16 +0000>",2025-10-02 18:19:24 +0000,2025-10-02 18:19:24 +0000,count/min,138.0,2
HKQuantityTypeIdentifierHeartRate,PhysTrax Apple Watch,11.6.1,"Watch7,1","<<HKDevice: 0x133e95440>, name:Apple Watch, manufacturer:Apple Inc., model:Watch, hardware:Watch7,1, software:11.6.1, creation date:2025-09-13 14:18:16 +0000>",2025-10-02 18:19:48 +0000,2025-10-02 18:19:48 +0000,count/min,132.0,2
HKQuantityTypeIdentifierHeartRate,PhysTrax Apple Watch,11.6.1,"Watch7,1","<<HKDevice: 0x133e95440>, name:Apple Watch, manufacturer:Apple Inc., model:Watch, hardware:Watch7,1, software:11.6.1, creation date:2025-09-13 14:18:16 +0000>",2025-10-02 18:19:51 +0000,2025-10-02 18:19:51 +0000,count/min,131.0,2
HKQuantityTypeIdentifierHeartRate,PhysTrax Apple Watch,11.6.1,"Watch7,1","<<HKDevice: 0x133e95440>, name:Apple Watch, manufacturer:Apple Inc., model:Watch, hardware:Watch7,1, software:11.6.1, creation date:2025-09-13 14:18:16 +0000>",2025-10-02 18:20:21 +0000,2025-10-02 18:20:21 +0000,count/min,116.0,2
HKQuantityTypeIdentifierHeartRate,PhysTrax Apple Watch,11.6.1,"Watch7,1","<<HKDevice: 0x133e95440>, name:Apple Watch, manufacturer:Apple Inc., model:Watch, hardware:Watch7,1, software:11.6.1, creation date:2025-09-13 14:18:16 +0000>",2025-10-02 18:20:24 +0000,2025-10-02 18:20:24 +0000,count/min,117.0,2
HKQuantityTypeIdentifierHeartRate,PhysTrax Apple Watch,11.6.1,"Watch7,1","<<HKDevice: 0x133e95440>, name:Apple Watch, manufacturer:Apple Inc., model:Watch, hardware:Watch7,1, software:11.6.1, creation date:2025-09-13 14:18:16 +0000>",2025-10-02 18:20:38 +0000,2025-10-02 18:20:38 +0000,count/min,107.00000000000001,2
HKQuantityTypeIdentifierHeartRate,PhysTrax Apple Watch,11.6.1,"Watch7,1","<<HKDevice: 0x133e95440>, name:Apple Watch, manufacturer:Apple Inc., model:Watch, hardware:Watch7,1, software:11.6.1, creation date:2025-09-13 14:18:16 +0000>",2025-10-02 18:20:42 +0000,2025-10-02 18:20:42 +0000,count/min,107.00000000000001,2
HKQuantityTypeIdentifierHeartRate,PhysTrax Apple Watch,11.6.1,"Watch7,1","<<HKDevice: 0x133e95440>, name:Apple Watch, manufacturer:Apple Inc., model:Watch, hardware:Watch7,1, software:11.6.1, creation date:2025-09-13 14:18:16 +0000>",2025-10-02 18:20:47 +0000,2025-10-02 18:20:47 +0000,count/min,108.0,2
HKQuantityTypeIdentifierHeartRate,PhysTrax Apple Watch,11.6.1,"Watch7,1","<<HKDevice: 0x133e95440>, name:Apple Watch, manufacturer:Apple Inc., model:Watch, hardware:Watch7,1, software:11.6.1, creation date:2025-09-13 14:18:16 +0000>",2025-10-02 18:20:49 +0000,2025-10-02 18:20:49 +0000,count/min,108.0,2
HKQuantityTypeIdentifierHeartRate,PhysTrax Apple Watch,11.6.1,"Watch7,1","<<HKDevice: 0x133e95440>, name:Apple Watch, manufacturer:Apple Inc., model:Watch, hardware:Watch7,1, software:11.6.1, creation date:2025-09-13 14:18:16 +0000>",2025-10-02 18:20:54 +0000,2025-10-02 18:20:54 +0000,count/min,100.0,2
HKQuantityTypeIdentifierHeartRate,PhysTrax Apple Watch,11.6.1,"Watch7,1","<<HKDevice: 0x133e95440>, name:Apple Watch, manufacturer:Apple Inc., model:Watch, hardware:Watch7,1, software:11.6.1, creation date:2025-09-13 14:18:16 +0000>",2025-10-02 18:21:03 +0000,2025-10-02 18:21:03 +0000,count/min,90.0,2
HKQuantityTypeIdentifierHeartRate,PhysTrax Apple Watch,11.6.1,"Watch7,1","<<HKDevice: 0x133e95440>, name:Apple Watch, manufacturer:Apple Inc., model:Watch, hardware:Watch7,1, software:11.6.1, creation date:2025-09-13 14:18:16 +0000>",2025-10-02 18:21:04 +0000,2025-10-02 18:21:04 +0000,count/min,91.0,2
HKQuantityTypeIdentifierHeartRate,PhysTrax Apple Watch,11.6.1,"Watch7,1","<<HKDevice: 0x133e95440>, name:Apple Watch, manufacturer:Apple Inc., model:Watch, hardware:Watch7,1, software:11.6.1, creation date:2025-09-13 14:18:16 +0000>",2025-10-02 18:21:13 +0000,2025-10-02 18:21:13 +0000,count/min,94.0,2
HKQuantityTypeIdentifierHeartRate,PhysTrax Apple Watch,11.6.1,"Watch7,1","<<HKDevice: 0x133e95440>, name:Apple Watch, manufacturer:Apple Inc., model:Watch, hardware:Watch7,1, software:11.6.1, creation date:2025-09-13 14:18:16 +0000>",2025-10-02 18:21:16 +0000,2025-10-02 18:21:16 +0000,count/min,94.0,2
HKQuantityTypeIdentifierHeartRate,PhysTrax Apple Watch,11.6.1,"Watch7,1","<<HKDevice: 0x133e95440>, name:Apple Watch, manufacturer:Apple Inc., model:Watch, hardware:Watch7,1, software:11.6.1, creation date:2025-09-13 14:18:16 +0000>",2025-10-02 18:21:19 +0000,2025-10-02 18:21:19 +0000,count/min,95.0,2
HKQuantityTypeIdentifierHeartRate,PhysTrax Apple Watch,11.6.1,"Watch7,1","<<HKDevice: 0x133e95440>, name:Apple Watch, manufacturer:Apple Inc., model:Watch, hardware:Watch7,1, software:11.6.1, creation date:2025-09-13 14:18:16 +0000>",2025-10-02 18:21:28 +0000,2025-10-02 18:21:28 +0000,count/min,94.0,2
HKQuantityTypeIdentifierHeartRate,PhysTrax Apple Watch,11.6.1,"Watch7,1","<<HKDevice: 0x133e95440>, name:Apple Watch, manufacturer:Apple Inc., model:Watch, hardware:Watch7,1, software:11.6.1, creation date:2025-09-13 14:18:16 +0000>",2025-10-02 18:21:31 +0000,2025-10-02 18:21:31 +0000,count/min,96.0,2
HKQuantityTypeIdentifierHeartRate,PhysTrax Apple Watch,11.6.1,"Watch7,1","<<HKDevice: 0x133e95440>, name:Apple Watch, manufacturer:Apple Inc., model:Watch, hardware:Watch7,1, software:11.6.1, creation date:2025-09-13 14:18:16 +0000>",2025-10-02 18:21:34 +0000,2025-10-02 18:21:34 +0000,count/min,99.0,2
HKQuantityTypeIdentifierHeartRate,PhysTrax Apple Watch,11.6.1,"Watch7,1","<<HKDevice: 0x133e95440>, name:Apple Watch, manufacturer:Apple Inc., model:Watch, hardware:Watch7,1, software:11.6.1, creation date:2025-09-13 14:18:16 +0000>",2025-10-02 18:21:43 +0000,2025-10-02 18:21:43 +0000,count/min,97.0,2
HKQuantityTypeIdentifierHeartRate,PhysTrax Apple Watch,11.6.1,"Watch7,1","<<HKDevice: 0x133e95320>, name:Apple Watch, manufacturer:Apple Inc., model:Watch, hardware:Watch7,1, software:11.6.1, creation date:2025-09-13 14:18:16 +0000>",2025-10-02 18:21:44 +0000,2025-10-02 18:21:44 +0000,count/min,96.0,2
HKQuantityTypeIdentifierHeartRate,PhysTrax Apple Watch,11.6.1,"Watch7,1","<<HKDevice: 0x133e95320>, name:Apple Watch, manufacturer:Apple Inc., model:Watch, hardware:Watch7,1, software:11.6.1, creation date:2025-09-13 14:18:16 +0000>",2025-10-02 18:21:52 +0000,2025-10-02 18:21:52 +0000,count/min,96.0,2
HKQuantityTypeIdentifierHeartRate,PhysTrax Apple Watch,11.6.1,"Watch7,1","<<HKDevice: 0x133e95320>, name:Apple Watch, manufacturer:Apple Inc., model:Watch, hardware:Watch7,1, software:11.6.1, creation date:2025-09-13 14:18:16 +0000>",2025-10-02 18:21:58 +0000,2025-10-02 18:21:58 +0000,count/min,95.0,2
HKQuantityTypeIdentifierHeartRate,PhysTrax Apple Watch,11.6.1,"Watch7,1","<<HKDevice: 0x133e95320>, name:Apple Watch, manufacturer:Apple Inc., model:Watch, hardware:Watch7,1, software:11.6.1, creation date:2025-09-13 14:18:16 +0000>",2025-10-02 18:22:02 +0000,2025-10-02 18:22:02 +0000,count/min,96.0,2
HKQuantityTypeIdentifierHeartRate,PhysTrax Apple Watch,11.6.1,"Watch7,1","<<HKDevice: 0x133e95320>, name:Apple Watch, manufacturer:Apple Inc., model:Watch, hardware:Watch7,1, software:11.6.1, creation date:2025-09-13 14:18:16 +0000>",2025-10-02 18:22:04 +0000,2025-10-02 18:22:04 +0000,count/min,100.0,2
HKQuantityTypeIdentifierHeartRate,PhysTrax Apple Watch,11.6.1,"Watch7,1","<<HKDevice: 0x133e95320>, name:Apple Watch, manufacturer:Apple Inc., model:Watch, hardware:Watch7,1, software:11.6.1, creation date:2025-09-13 14:18:16 +0000>",2025-10-02 18:22:09 +0000,2025-10-02 18:22:09 +0000,count/min,101.0,2
HKQuantityTypeIdentifierHeartRate,PhysTrax Apple Watch,11.6.1,"Watch7,1","<<HKDevice: 0x133e95320>, name:Apple Watch, manufacturer:Apple Inc., model:Watch, hardware:Watch7,1, software:11.6.1, creation date:2025-09-13 14:18:16 +0000>",2025-10-02 18:22:14 +0000,2025-10-02 18:22:14 +0000,count/min,101.0,2
HKQuantityTypeIdentifierHeartRate,PhysTrax Apple Watch,11.6.1,"Watch7,1","<<HKDevice: 0x133e95320>, name:Apple Watch, manufacturer:Apple Inc., model:Watch, hardware:Watch7,1, software:11.6.1, creation date:2025-09-13 14:18:16 +0000>",2025-10-02 18:22:23 +0000,2025-10-02 18:22:23 +0000,count/min,100.0,2
HKQuantityTypeIdentifierHeartRate,PhysTrax Apple Watch,11.6.1,"Watch7,1","<<HKDevice: 0x133e95320>, name:Apple Watch, manufacturer:Apple Inc., model:Watch, hardware:Watch7,1, software:11.6.1, creation date:2025-09-13 14:18:16 +0000>",2025-10-02 18:22:27 +0000,2025-10-02 18:22:27 +0000,count/min,95.0,2
HKQuantityTypeIdentifierHeartRate,PhysTrax Apple Watch,11.6.1,"Watch7,1","<<HKDevice: 0x133e95320>, name:Apple Watch, manufacturer:Apple Inc., model:Watch, hardware:Watch7,1, software:11.6.1, creation date:2025-09-13 14:18:16 +0000>",2025-10-02 18:22:33 +0000,2025-10-02 18:22:33 +0000,count/min,90.0,2
HKQuantityTypeIdentifierHeartRate,PhysTrax Apple Watch,11.6.1,"Watch7,1","<<HKDevice: 0x133e95320>, name:Apple Watch, manufacturer:Apple Inc., model:Watch, hardware:Watch7,1, software:11.6.1, creation date:2025-09-13 14:18:16 +0000>",2025-10-02 18:22:36 +0000,2025-10-02 18:22:36 +0000,count/min,91.0,2
HKQuantityTypeIdentifierHeartRate,PhysTrax Apple Watch,11.6.1,"Watch7,1","<<HKDevice: 0x133e95320>, name:Apple Watch, manufacturer:Apple Inc., model:Watch, hardware:Watch7,1, software:11.6.1, creation date:2025-09-13 14:18:16 +0000>",2025-10-02 18:22:43 +0000,2025-10-02 18:22:43 +0000,count/min,93.0,2
HKQuantityTypeIdentifierHeartRate,PhysTrax Apple Watch,11.6.1,"Watch7,1","<<HKDevice: 0x133e95320>, name:Apple Watch, manufacturer:Apple Inc., model:Watch, hardware:Watch7,1, software:11.6.1, creation date:2025-09-13 14:18:16 +0000>",2025-10-02 18:22:45 +0000,2025-10-02 18:22:45 +0000,count/min,94.0,2
HKQuantityTypeIdentifierHeartRate,PhysTrax Apple Watch,11.6.1,"Watch7,1","<<HKDevice: 0x133e95320>, name:Apple Watch, manufacturer:Apple Inc., model:Watch, hardware:Watch7,1, software:11.6.1, creation date:2025-09-13 14:18:16 +0000>",2025-10-02 18:22:49 +0000,2025-10-02 18:22:49 +0000,count/min,92.00000000000001,2
HKQuantityTypeIdentifierHeartRate,PhysTrax Apple Watch,11.6.1,"Watch7,1","<<HKDevice: 0x133e95320>, name:Apple Watch, manufacturer:Apple Inc., model:Watch, hardware:Watch7,1, software:11.6.1, creation date:2025-09-13 14:18:16 +0000>",2025-10-02 18:22:58 +0000,2025-10-02 18:22:58 +0000,count/min,92.00000000000001,2
HKQuantityTypeIdentifierHeartRate,PhysTrax Apple Watch,11.6.1,"Watch7,1","<<HKDevice: 0x133e95320>, name:Apple Watch, manufacturer:Apple Inc., model:Watch, hardware:Watch7,1, software:11.6.1, creation date:2025-09-13 14:18:16 +0000>",2025-10-02 18:23:03 +0000,2025-10-02 18:23:03 +0000,count/min,94.0,2
HKQuantityTypeIdentifierHeartRate,PhysTrax Apple Watch,11.6.1,"Watch7,1","<<HKDevice: 0x133e95320>, name:Apple Watch, manufacturer:Apple Inc., model:Watch, hardware:Watch7,1, software:11.6.1, creation date:2025-09-13 14:18:16 +0000>",2025-10-02 18:23:04 +0000,2025-10-02 18:23:04 +0000,count/min,95.0,2
HKQuantityTypeIdentifierHeartRate,PhysTrax Apple Watch,11.6.1,"Watch7,1","<<HKDevice: 0x133e95320>, name:Apple Watch, manufacturer:Apple Inc., model:Watch, hardware:Watch7,1, software:11.6.1, creation date:2025-09-13 14:18:16 +0000>",2025-10-02 18:23:12 +0000,2025-10-02 18:23:12 +0000,count/min,95.0,2
HKQuantityTypeIdentifierHeartRate,PhysTrax Apple Watch,11.6.1,"Watch7,1","<<HKDevice: 0x133e95320>, name:Apple Watch, manufacturer:Apple Inc., model:Watch, hardware:Watch7,1, software:11.6.1, creation date:2025-09-13 14:18:16 +0000>",2025-10-02 18:23:14 +0000,2025-10-02 18:23:14 +0000,count/min,96.0,2
HKQuantityTypeIdentifierHeartRate,PhysTrax Apple Watch,11.6.1,"Watch7,1","<<HKDevice: 0x133e95320>, name:Apple Watch, manufacturer:Apple Inc., model:Watch, hardware:Watch7,1, software:11.6.1, creation date:2025-09-13 14:18:16 +0000>",2025-10-02 18:23:23 +0000,2025-10-02 18:23:23 +0000,count/min,98.0,2
HKQuantityTypeIdentifierHeartRate,PhysTrax Apple Watch,11.6.1,"Watch7,1","<<HKDevice: 0x133e95320>, name:Apple Watch, manufacturer:Apple Inc., model:Watch, hardware:Watch7,1, software:11.6.1, creation date:2025-09-13 14:18:16 +0000>",2025-10-02 18:23:24 +0000,2025-10-02 18:23:24 +0000,count/min,100.0,2
HKQuantityTypeIdentifierHeartRate,PhysTrax Apple Watch,11.6.1,"Watch7,1","<<HKDevice: 0x133e95320>, name:Apple Watch, manufacturer:Apple Inc., model:Watch, hardware:Watch7,1, software:11.6.1, creation date:2025-09-13 14:18:16 +0000>",2025-10-02 18:23:33 +0000,2025-10-02 18:23:33 +0000,count/min,106.0,2
HKQuantityTypeIdentifierHeartRate,PhysTrax Apple Watch,11.6.1,"Watch7,1","<<HKDevice: 0x133e95320>, name:Apple Watch, manufacturer:Apple Inc., model:Watch, hardware:Watch7,1, software:11.6.1, creation date:2025-09-13 14:18:16 +0000>",2025-10-02 18:23:39 +0000,2025-10-02 18:23:39 +0000,count/min,102.0,2
HKQuantityTypeIdentifierHeartRate,PhysTrax Apple Watch,11.6.1,"Watch7,1","<<HKDevice: 0x133e95320>, name:Apple Watch, manufacturer:Apple Inc., model:Watch, hardware:Watch7,1, software:11.6.1, creation date:2025-09-13 14:18:16 +0000>",2025-10-02 18:23:48 +0000,2025-10-02 18:23:48 +0000,count/min,100.0,2
HKQuantityTypeIdentifierHeartRate,PhysTrax Apple Watch,11.6.1,"Watch7,1","<<HKDevice: 0x133e95320>, name:Apple Watch, manufacturer:Apple Inc., model:Watch, hardware:Watch7,1, software:11.6.1, creation date:2025-09-13 14:18:16 +0000>",2025-10-02 18:23:53 +0000,2025-10-02 18:23:53 +0000,count/min,98.0,2
HKQuantityTypeIdentifierHeartRate,PhysTrax Apple Watch,11.6.1,"Watch7,1","<<HKDevice: 0x133e95320>, name:Apple Watch, manufacturer:Apple Inc., model:Watch, hardware:Watch7,1, software:11.6.1, creation date:2025-09-13 14:18:16 +0000>",2025-10-02 18:23:54 +0000,2025-10-02 18:23:54 +0000,count/min,98.0,2
HKQuantityTypeIdentifierHeartRate,PhysTrax Apple Watch,11.6.1,"Watch7,1","<<HKDevice: 0x133e95320>, name:Apple Watch, manufacturer:Apple Inc., model:Watch, hardware:Watch7,1, software:11.6.1, creation date:2025-09-13 14:18:16 +0000>",2025-10-02 18:24:01 +0000,2025-10-02 18:24:01 +0000,count/min,101.0,2
HKQuantityTypeIdentifierHeartRate,PhysTrax Apple Watch,11.6.1,"Watch7,1","<<HKDevice: 0x133e95320>, name:Apple Watch, manufacturer:Apple Inc., model:Watch, hardware:Watch7,1, software:11.6.1, creation date:2025-09-13 14:18:16 +0000>",2025-10-02 18:24:04 +0000,2025-10-02 18:24:04 +0000,count/min,101.0,2
HKQuantityTypeIdentifierHeartRate,PhysTrax Apple Watch,11.6.1,"Watch7,1","<<HKDevice: 0x133e95320>, name:Apple Watch, manufacturer:Apple Inc., model:Watch, hardware:Watch7,1, software:11.6.1, creation date:2025-09-13 14:18:16 +0000>",2025-10-02 18:24:13 +0000,2025-10-02 18:24:13 +0000,count/min,96.0,2
HKQuantityTypeIdentifierHeartRate,PhysTrax Apple Watch,11.6.1,"Watch7,1","<<HKDevice: 0x133e95320>, name:Apple Watch, manufacturer:Apple Inc., model:Watch, hardware:Watch7,1, software:11.6.1, creation date:2025-09-13 14:18:16 +0000>",2025-10-02 18:24:14 +0000,2025-10-02 18:24:14 +0000,count/min,97.0,2
HKQuantityTypeIdentifierHeartRate,PhysTrax Apple Watch,11.6.1,"Watch7,1","<<HKDevice: 0x133e95320>, name:Apple Watch, manufacturer:Apple Inc., model:Watch, hardware:Watch7,1, software:11.6.1, creation date:2025-09-13 14:18:16 +0000>",2025-10-02 18:24:22 +0000,2025-10-02 18:24:22 +0000,count/min,93.0,2
HKQuantityTypeIdentifierHeartRate,PhysTrax Apple Watch,11.6.1,"Watch7,1","<<HKDevice: 0x133e95320>, name:Apple Watch, manufacturer:Apple Inc., model:Watch, hardware:Watch7,1, software:11.6.1, creation date:2025-09-13 14:18:16 +0000>",2025-10-02 18:24:24 +0000,2025-10-02 18:24:24 +0000,count/min,92.00000000000001,2
HKQuantityTypeIdentifierHeartRate,PhysTrax Apple Watch,11.6.1,"Watch7,1","<<HKDevice: 0x133e95320>, name:Apple Watch, manufacturer:Apple Inc., model:Watch, hardware:Watch7,1, software:11.6.1, creation date:2025-09-13 14:18:16 +0000>",2025-10-02 18:24:33 +0000,2025-10-02 18:24:33 +0000,count/min,97.0,2
HKQuantityTypeIdentifierHeartRate,PhysTrax Apple Watch,11.6.1,"Watch7,1","<<HKDevice: 0x133e95320>, name:Apple Watch, manufacturer:Apple Inc., model:Watch, hardware:Watch7,1, software:11.6.1, creation date:2025-09-13 14:18:16 +0000>",2025-10-02 18:24:38 +0000,2025-10-02 18:24:38 +0000,count/min,96.0,2
HKQuantityTypeIdentifierHeartRate,PhysTrax Apple Watch,11.6.1,"Watch7,1","<<HKDevice: 0x133e95320>, name:Apple Watch, manufacturer:Apple Inc., model:Watch, hardware:Watch7,1, software:11.6.1, creation date:2025-09-13 14:18:16 +0000>",2025-10-02 18:24:40 +0000,2025-10-02 18:24:40 +0000,count/min,97.0,2
HKQuantityTypeIdentifierHeartRate,PhysTrax Apple Watch,11.6.1,"Watch7,1","<<HKDevice: 0x133e95320>, name:Apple Watch, manufacturer:Apple Inc., model:Watch, hardware:Watch7,1, software:11.6.1, creation date:2025-09-13 14:18:16 +0000>",2025-10-02 18:24:44 +0000,2025-10-02 18:24:44 +0000,count/min,98.0,2
HKQuantityTypeIdentifierHeartRate,PhysTrax Apple Watch,11.6.1,"Watch7,1","<<HKDevice: 0x133e95320>, name:Apple Watch, manufacturer:Apple Inc., model:Watch, hardware:Watch7,1, software:11.6.1, creation date:2025-09-13 14:18:16 +0000>",2025-10-02 18:24:52 +0000,2025-10-02 18:24:52 +0000,count/min,94.0,2
HKQuantityTypeIdentifierHeartRate,PhysTrax Apple Watch,11.6.1,"Watch7,1","<<HKDevice: 0x133e95320>, name:Apple Watch, manufacturer:Apple Inc., model:Watch, hardware:Watch7,1, software:11.6.1, creation date:2025-09-13 14:18:16 +0000>",2025-10-02 18:24:57 +0000,2025-10-02 18:24:57 +0000,count/min,96.0,2
HKQuantityTypeIdentifierHeartRate,PhysTrax Apple Watch,11.6.1,"Watch7,1","<<HKDevice: 0x133e95320>, name:Apple Watch, manufacturer:Apple Inc., model:Watch, hardware:Watch7,1, software:11.6.1, creation date:2025-09-13 14:18:16 +0000>",2025-10-02 18:24:59 +0000,2025-10-02 18:24:59 +0000,count/min,100.0,2
HKQuantityTypeIdentifierHeartRate,PhysTrax Apple Watch,11.6.1,"Watch7,1","<<HKDevice: 0x133e95320>, name:Apple Watch, manufacturer:Apple Inc., model:Watch, hardware:Watch7,1, software:11.6.1, creation date:2025-09-13 14:18:16 +0000>",2025-10-02 18:25:08 +0000,2025-10-02 18:25:08 +0000,count/min,92.00000000000001,2
HKQuantityTypeIdentifierHeartRate,PhysTrax Apple Watch,11.6.1,"Watch7,1","<<HKDevice: 0x133e95320>, name:Apple Watch, manufacturer:Apple Inc., model:Watch, hardware:Watch7,1, software:11.6.1, creation date:2025-09-13 14:18:16 +0000>",2025-10-02 18:25:13 +0000,2025-10-02 18:25:13 +0000,count/min,90.0,2
HKQuantityTypeIdentifierHeartRate,PhysTrax Apple Watch,11.6.1,"Watch7,1","<<HKDevice: 0x133e95320>, name:Apple Watch, manufacturer:Apple Inc., model:Watch, hardware:Watch7,1, software:11.6.1, creation date:2025-09-13 14:18:16 +0000>",2025-10-02 18:25:14 +0000,2025-10-02 18:25:14 +0000,count/min,90.0,2
HKQuantityTypeIdentifierHeartRate,PhysTrax Apple Watch,11.6.1,"Watch7,1","<<HKDevice: 0x133e95320>, name:Apple Watch, manufacturer:Apple Inc., model:Watch, hardware:Watch7,1, software:11.6.1, creation date:2025-09-13 14:18:16 +0000>",2025-10-02 18:25:21 +0000,2025-10-02 18:25:21 +0000,count/min,91.0,2
HKQuantityTypeIdentifierHeartRate,PhysTrax Apple Watch,11.6.1,"Watch7,1","<<HKDevice: 0x133e95320>, name:Apple Watch, manufacturer:Apple Inc., model:Watch, hardware:Watch7,1, software:11.6.1, creation date:2025-09-13 14:18:16 +0000>",2025-10-02 18:25:28 +0000,2025-10-02 18:25:28 +0000,count/min,81.0,2
HKQuantityTypeIdentifierHeartRate,PhysTrax Apple Watch,11.6.1,"Watch7,1","<<HKDevice: 0x133e95320>, name:Apple Watch, manufacturer:Apple Inc., model:Watch, hardware:Watch7,1, software:11.6.1, creation date:2025-09-13 14:18:16 +0000>",2025-10-02 18:25:32 +0000,2025-10-02 18:25:32 +0000,count/min,84.0,2
HKQuantityTypeIdentifierHeartRate,PhysTrax Apple Watch,11.6.1,"Watch7,1","<<HKDevice: 0x133e95320>, name:Apple Watch, manufacturer:Apple Inc., model:Watch, hardware:Watch7,1, software:11.6.1, creation date:2025-09-13 14:18:16 +0000>",2025-10-02 18:25:38 +0000,2025-10-02 18:25:38 +0000,count/min,92.00000000000001,2
HKQuantityTypeIdentifierHeartRate,PhysTrax Apple Watch,11.6.1,"Watch7,1","<<HKDevice: 0x133e95320>, name:Apple Watch, manufacturer:Apple Inc., model:Watch, hardware:Watch7,1, software:11.6.1, creation date:2025-09-13 14:18:16 +0000>",2025-10-02 18:25:40 +0000,2025-10-02 18:25:40 +0000,count/min,93.0,2
HKQuantityTypeIdentifierHeartRate,PhysTrax Apple Watch,11.6.1,"Watch7,1","<<HKDevice: 0x133e95320>, name:Apple Watch, manufacturer:Apple Inc., model:Watch, hardware:Watch7,1, software:11.6.1, creation date:2025-09-13 14:18:16 +0000>",2025-10-02 18:25:45 +0000,2025-10-02 18:25:45 +0000,count/min,95.0,2
HKQuantityTypeIdentifierHeartRate,PhysTrax Apple Watch,11.6.1,"Watch7,1","<<HKDevice: 0x133e95320>, name:Apple Watch, manufacturer:Apple Inc., model:Watch, hardware:Watch7,1, software:11.6.1, creation date:2025-09-13 14:18:16 +0000>",2025-10-02 18:25:49 +0000,2025-10-02 18:25:49 +0000,count/min,95.0,2
HKQuantityTypeIdentifierHeartRate,PhysTrax Apple Watch,11.6.1,"Watch7,1","<<HKDevice: 0x133e95320>, name:Apple Watch, manufacturer:Apple Inc., model:Watch, hardware:Watch7,1, software:11.6.1, creation date:2025-09-13 14:18:16 +0000>",2025-10-02 18:25:58 +0000,2025-10-02 18:25:58 +0000,count/min,98.0,2
HKQuantityTypeIdentifierHeartRate,PhysTrax Apple Watch,11.6.1,"Watch7,1","<<HKDevice: 0x133e95320>, name:Apple Watch, manufacturer:Apple Inc., model:Watch, hardware:Watch7,1, software:11.6.1, creation date:2025-09-13 14:18:16 +0000>",2025-10-02 18:25:59 +0000,2025-10-02 18:25:59 +0000,count/min,98.0,2
HKQuantityTypeIdentifierHeartRate,PhysTrax Apple Watch,11.6.1,"Watch7,1","<<HKDevice: 0x133e95320>, name:Apple Watch, manufacturer:Apple Inc., model:Watch, hardware:Watch7,1, software:11.6.1, creation date:2025-09-13 14:18:16 +0000>",2025-10-02 18:26:08 +0000,2025-10-02 18:26:08 +0000,count/min,95.0,2
HKQuantityTypeIdentifierHeartRate,PhysTrax Apple Watch,11.6.1,"Watch7,1","<<HKDevice: 0x133e95320>, name:Apple Watch, manufacturer:Apple Inc., model:Watch, hardware:Watch7,1, software:11.6.1, creation date:2025-09-13 14:18:16 +0000>",2025-10-02 18:26:12 +0000,2025-10-02 18:26:12 +0000,count/min,91.0,2
HKQuantityTypeIdentifierHeartRate,PhysTrax Apple Watch,11.6.1,"Watch7,1","<<HKDevice: 0x133e95320>, name:Apple Watch, manufacturer:Apple Inc., model:Watch, hardware:Watch7,1, software:11.6.1, creation date:2025-09-13 14:18:16 +0000>",2025-10-02 18:26:17 +0000,2025-10-02 18:26:17 +0000,count/min,91.0,2
HKQuantityTypeIdentifierHeartRate,PhysTrax Apple Watch,11.6.1,"Watch7,1","<<HKDevice: 0x133e95320>, name:Apple Watch, manufacturer:Apple Inc., model:Watch, hardware:Watch7,1, software:11.6.1, creation date:2025-09-13 14:18:16 +0000>",2025-10-02 18:26:21 +0000,2025-10-02 18:26:21 +0000,count/min,91.0,2
HKQuantityTypeIdentifierHeartRate,PhysTrax Apple Watch,11.6.1,"Watch7,1","<<HKDevice: 0x133e95320>, name:Apple Watch, manufacturer:Apple Inc., model:Watch, hardware:Watch7,1, software:11.6.1, creation date:2025-09-13 14:18:16 +0000>",2025-10-02 18:26:26 +0000,2025-10-02 18:26:26 +0000,count/min,95.0,2
HKQuantityTypeIdentifierHeartRate,PhysTrax Apple Watch,11.6.1,"Watch7,1","<<HKDevice: 0x133e95320>, name:Apple Watch, manufacturer:Apple Inc., model:Watch, hardware:Watch7,1, software:11.6.1, creation date:2025-09-13 14:18:16 +0000>",2025-10-02 18:26:29 +0000,2025-10-02 18:26:29 +0000,count/min,95.0,2
HKQuantityTypeIdentifierHeartRate,PhysTrax Apple Watch,11.6.1,"Watch7,1","<<HKDevice: 0x133e95320>, name:Apple Watch, manufacturer:Apple Inc., model:Watch, hardware:Watch7,1, software:11.6.1, creation date:2025-09-13 14:18:16 +0000>",2025-10-02 18:26:36 +0000,2025-10-02 18:26:36 +0000,count/min,97.0,2
HKQuantityTypeIdentifierHeartRate,PhysTrax Apple Watch,11.6.1,"Watch7,1","<<HKDevice: 0x133e95320>, name:Apple Watch, manufacturer:Apple Inc., model:Watch, hardware:Watch7,1, software:11.6.1, creation date:2025-09-13 14:18:16 +0000>",2025-10-02 18:26:39 +0000,2025-10-02 18:26:39 +0000,count/min,91.0,2
HKQuantityTypeIdentifierHeartRate,PhysTrax Apple Watch,11.6.1,"Watch7,1","<<HKDevice: 0x133e95320>, name:Apple Watch, manufacturer:Apple Inc., model:Watch, hardware:Watch7,1, software:11.6.1, creation date:2025-09-13 14:18:16 +0000>",2025-10-02 18:26:48 +0000,2025-10-02 18:26:48 +0000,count/min,90.0,2
HKQuantityTypeIdentifierHeartRate,PhysTrax Apple Watch,11.6.1,"Watch7,1","<<HKDevice: 0x133e95320>, name:Apple Watch, manufacturer:Apple Inc., model:Watch, hardware:Watch7,1, software:11.6.1, creation date:2025-09-13 14:18:16 +0000>",2025-10-02 18:26:53 +0000,2025-10-02 18:26:53 +0000,count/min,93.0,2
HKQuantityTypeIdentifierHeartRate,PhysTrax Apple Watch,11.6.1,"Watch7,1","<<HKDevice: 0x133e95320>, name:Apple Watch, manufacturer:Apple Inc., model:Watch, hardware:Watch7,1, software:11.6.1, creation date:2025-09-13 14:18:16 +0000>",2025-10-02 18:26:56 +0000,2025-10-02 18:26:56 +0000,count/min,89.0,2
HKQuantityTypeIdentifierHeartRate,PhysTrax Apple Watch,11.6.1,"Watch7,1","<<HKDevice: 0x133e95320>, name:Apple Watch, manufacturer:Apple Inc., model:Watch, hardware:Watch7,1, software:11.6.1, creation date:2025-09-13 14:18:16 +0000>",2025-10-02 18:27:01 +0000,2025-10-02 18:27:01 +0000,count/min,92.00000000000001,2
HKQuantityTypeIdentifierHeartRate,PhysTrax Apple Watch,11.6.1,"Watch7,1","<<HKDevice: 0x133e95320>, name:Apple Watch, manufacturer:Apple Inc., model:Watch, hardware:Watch7,1, software:11.6.1, creation date:2025-09-13 14:18:16 +0000>",2025-10-02 18:27:04 +0000,2025-10-02 18:27:04 +0000,count/min,90.0,2
HKQuantityTypeIdentifierHeartRate,PhysTrax Apple Watch,11.6.1,"Watch7,1","<<HKDevice: 0x133e95320>, name:Apple Watch, manufacturer:Apple Inc., model:Watch, hardware:Watch7,1, software:11.6.1, creation date:2025-09-13 14:18:16 +0000>",2025-10-02 18:27:13 +0000,2025-10-02 18:27:13 +0000,count/min,89.0,2
HKQuantityTypeIdentifierHeartRate,PhysTrax Apple Watch,11.6.1,"Watch7,1","<<HKDevice: 0x133e95320>, name:Apple Watch, manufacturer:Apple Inc., model:Watch, hardware:Watch7,1, software:11.6.1, creation date:2025-09-13 14:18:16 +0000>",2025-10-02 18:27:17 +0000,2025-10-02 18:27:17 +0000,count/min,90.0,2
HKQuantityTypeIdentifierHeartRate,PhysTrax Apple Watch,11.6.1,"Watch7,1","<<HKDevice: 0x133e95320>, name:Apple Watch, manufacturer:Apple Inc., model:Watch, hardware:Watch7,1, software:11.6.1, creation date:2025-09-13 14:18:16 +0000>",2025-10-02 18:27:21 +0000,2025-10-02 18:27:21 +0000,count/min,90.0,2
HKQuantityTypeIdentifierHeartRate,PhysTrax Apple Watch,11.6.1,"Watch7,1","<<HKDevice: 0x133e95320>, name:Apple Watch, manufacturer:Apple Inc., model:Watch, hardware:Watch7,1, software:11.6.1, creation date:2025-09-13 14:18:16 +0000>",2025-10-02 18:27:24 +0000,2025-10-02 18:27:24 +0000,count/min,89.0,2
HKQuantityTypeIdentifierHeartRate,PhysTrax Apple Watch,11.6.1,"Watch7,1","<<HKDevice: 0x133e95320>, name:Apple Watch, manufacturer:Apple Inc., model:Watch, hardware:Watch7,1, software:11.6.1, creation date:2025-09-13 14:18:16 +0000>",2025-10-02 18:27:33 +0000,2025-10-02 18:27:33 +0000,count/min,90.0,2
HKQuantityTypeIdentifierHeartRate,PhysTrax Apple Watch,11.6.1,"Watch7,1","<<HKDevice: 0x133e95320>, name:Apple Watch, manufacturer:Apple Inc., model:Watch, hardware:Watch7,1, software:11.6.1, creation date:2025-09-13 14:18:16 +0000>",2025-10-02 18:27:38 +0000,2025-10-02 18:27:38 +0000,count/min,81.0,2
HKQuantityTypeIdentifierHeartRate,PhysTrax Apple Watch,11.6.1,"Watch7,1","<<HKDevice: 0x133e95320>, name:Apple Watch, manufacturer:Apple Inc., model:Watch, hardware:Watch7,1, software:11.6.1, creation date:2025-09-13 14:18:16 +0000>",2025-10-02 18:27:43 +0000,2025-10-02 18:27:43 +0000,count/min,85.0,2
HKQuantityTypeIdentifierHeartRate,PhysTrax Apple Watch,11.6.1,"Watch7,1","<<HKDevice: 0x133e95320>, name:Apple Watch, manufacturer:Apple Inc., model:Watch, hardware:Watch7,1, software:11.6.1, creation date:2025-09-13 14:18:16 +0000>",2025-10-02 18:27:48 +0000,2025-10-02 18:27:48 +0000,count/min,88.0,2
HKQuantityTypeIdentifierHeartRate,PhysTrax Apple Watch,11.6.1,"Watch7,1","<<HKDevice: 0x133e95320>, name:Apple Watch, manufacturer:Apple Inc., model:Watch, hardware:Watch7,1, software:11.6.1, creation date:2025-09-13 14:18:16 +0000>",2025-10-02 18:27:52 +0000,2025-10-02 18:27:52 +0000,count/min,88.0,2
HKQuantityTypeIdentifierHeartRate,PhysTrax Apple Watch,11.6.1,"Watch7,1","<<HKDevice: 0x133e95320>, name:Apple Watch, manufacturer:Apple Inc., model:Watch, hardware:Watch7,1, software:11.6.1, creation date:2025-09-13 14:18:16 +0000>",2025-10-02 18:27:55 +0000,2025-10-02 18:27:55 +0000,count/min,89.0,2
HKQuantityTypeIdentifierHeartRate,PhysTrax Apple Watch,11.6.1,"Watch7,1","<<HKDevice: 0x133e95320>, name:Apple Watch, manufacturer:Apple Inc., model:Watch, hardware:Watch7,1, software:11.6.1, creation date:2025-09-13 14:18:16 +0000>",2025-10-02 18:28:00 +0000,2025-10-02 18:28:00 +0000,count/min,90.0,2
HKQuantityTypeIdentifierHeartRate,PhysTrax Apple Watch,11.6.1,"Watch7,1","<<HKDevice: 0x133e95320>, name:Apple Watch, manufacturer:Apple Inc., model:Watch, hardware:Watch7,1, software:11.6.1, creation date:2025-09-13 14:18:16 +0000>",2025-10-02 18:28:04 +0000,2025-10-02 18:28:04 +0000,count/min,85.0,2
HKQuantityTypeIdentifierHeartRate,PhysTrax Apple Watch,11.6.1,"Watch7,1","<<HKDevice: 0x133e95320>, name:Apple Watch, manufacturer:Apple Inc., model:Watch, hardware:Watch7,1, software:11.6.1, creation date:2025-09-13 14:18:16 +0000>",2025-10-02 18:28:09 +0000,2025-10-02 18:28:09 +0000,count/min,89.0,2
HKQuantityTypeIdentifierHeartRate,PhysTrax Apple Watch,11.6.1,"Watch7,1","<<HKDevice: 0x133e95320>, name:Apple Watch, manufacturer:Apple Inc., model:Watch, hardware:Watch7,1, software:11.6.1, creation date:2025-09-13 14:18:16 +0000>",2025-10-02 18:28:17 +0000,2025-10-02 18:28:17 +0000,count/min,94.0,2
HKQuantityTypeIdentifierHeartRate,PhysTrax Apple Watch,11.6.1,"Watch7,1","<<HKDevice: 0x133e95320>, name:Apple Watch, manufacturer:Apple Inc., model:Watch, hardware:Watch7,1, software:11.6.1, creation date:2025-09-13 14:18:16 +0000>",2025-10-02 18:28:20 +0000,2025-10-02 18:28:20 +0000,count/min,91.0,2
HKQuantityTypeIdentifierHeartRate,PhysTrax Apple Watch,11.6.1,"Watch7,1","<<HKDevice: 0x133e95320>, name:Apple Watch, manufacturer:Apple Inc., model:Watch, hardware:Watch7,1, software:11.6.1, creation date:2025-09-13 14:18:16 +0000>",2025-10-02 18:28:24 +0000,2025-10-02 18:28:24 +0000,count/min,89.0,2
HKQuantityTypeIdentifierHeartRate,PhysTrax Apple Watch,11.6.1,"Watch7,1","<<HKDevice: 0x133e95320>, name:Apple Watch, manufacturer:Apple Inc., model:Watch, hardware:Watch7,1, software:11.6.1, creation date:2025-09-13 14:18:16 +0000>",2025-10-02 18:28:31 +0000,2025-10-02 18:28:31 +0000,count/min,93.0,2
HKQuantityTypeIdentifierHeartRate,PhysTrax Apple Watch,11.6.1,"Watch7,1","<<HKDevice: 0x133e95320>, name:Apple Watch, manufacturer:Apple Inc., model:Watch, hardware:Watch7,1, software:11.6.1, creation date:2025-09-13 14:18:16 +0000>",2025-10-02 18:28:34 +0000,2025-10-02 18:28:34 +0000,count/min,91.0,2
HKQuantityTypeIdentifierHeartRate,PhysTrax Apple Watch,11.6.1,"Watch7,1","<<HKDevice: 0x133e95320>, name:Apple Watch, manufacturer:Apple Inc., model:Watch, hardware:Watch7,1, software:11.6.1, creation date:2025-09-13 14:18:16 +0000>",2025-10-02 18:28:43 +0000,2025-10-02 18:28:43 +0000,count/min,90.0,2
HKQuantityTypeIdentifierHeartRate,PhysTrax Apple Watch,11.6.1,"Watch7,1","<<HKDevice: 0x133e95320>, name:Apple Watch, manufacturer:Apple Inc., model:Watch, hardware:Watch7,1, software:11.6.1, creation date:2025-09-13 14:18:16 +0000>",2025-10-02 18:28:48 +0000,2025-10-02 18:28:48 +0000,count/min,94.0,2
HKQuantityTypeIdentifierHeartRate,PhysTrax Apple Watch,11.6.1,"Watch7,1","<<HKDevice: 0x133e95320>, name:Apple Watch, manufacturer:Apple Inc., model:Watch, hardware:Watch7,1, software:11.6.1, creation date:2025-09-13 14:18:16 +0000>",2025-10-02 18:28:49 +0000,2025-10-02 18:28:49 +0000,count/min,95.0,2
HKQuantityTypeIdentifierHeartRate,PhysTrax Apple Watch,11.6.1,"Watch7,1","<<HKDevice: 0x133e95320>, name:Apple Watch, manufacturer:Apple Inc., model:Watch, hardware:Watch7,1, software:11.6.1, creation date:2025-09-13 14:18:16 +0000>",2025-10-02 18:28:58 +0000,2025-10-02 18:28:58 +0000,count/min,95.0,2
HKQuantityTypeIdentifierHeartRate,PhysTrax Apple Watch,11.6.1,"Watch7,1","<<HKDevice: 0x133e95320>, name:Apple Watch, manufacturer:Apple Inc., model:Watch, hardware:Watch7,1, software:11.6.1, creation date:2025-09-13 14:18:16 +0000>",2025-10-02 18:29:03 +0000,2025-10-02 18:29:03 +0000,count/min,92.00000000000001,2
HKQuantityTypeIdentifierHeartRate,PhysTrax Apple Watch,11.6.1,"Watch7,1","<<HKDevice: 0x133e95320>, name:Apple Watch, manufacturer:Apple Inc., model:Watch, hardware:Watch7,1, software:11.6.1, creation date:2025-09-13 14:18:16 +0000>",2025-10-02 18:29:07 +0000,2025-10-02 18:29:07 +0000,count/min,91.0,2
HKQuantityTypeIdentifierHeartRate,PhysTrax Apple Watch,11.6.1,"Watch7,1","<<HKDevice: 0x133e95320>, name:Apple Watch, manufacturer:Apple Inc., model:Watch, hardware:Watch7,1, software:11.6.1, creation date:2025-09-13 14:18:16 +0000>",2025-10-02 18:29:09 +0000,2025-10-02 18:29:09 +0000,count/min,88.0,2
HKQuantityTypeIdentifierHeartRate,PhysTrax Apple Watch,11.6.1,"Watch7,1","<<HKDevice: 0x133e95320>, name:Apple Watch, manufacturer:Apple Inc., model:Watch, hardware:Watch7,1, software:11.6.1, creation date:2025-09-13 14:18:16 +0000>",2025-10-02 18:29:14 +0000,2025-10-02 18:29:14 +0000,count/min,94.0,2
HKQuantityTypeIdentifierHeartRate,PhysTrax Apple Watch,11.6.1,"Watch7,1","<<HKDevice: 0x133e95320>, name:Apple Watch, manufacturer:Apple Inc., model:Watch, hardware:Watch7,1, software:11.6.1, creation date:2025-09-13 14:18:16 +0000>",2025-10-02 18:29:23 +0000,2025-10-02 18:29:23 +0000,count/min,91.0,2
HKQuantityTypeIdentifierHeartRate,PhysTrax Apple Watch,11.6.1,"Watch7,1","<<HKDevice: 0x133e95320>, name:Apple Watch, manufacturer:Apple Inc., model:Watch, hardware:Watch7,1, software:11.6.1, creation date:2025-09-13 14:18:16 +0000>",2025-10-02 18:29:28 +0000,2025-10-02 18:29:28 +0000,count/min,91.0,2
HKQuantityTypeIdentifierHeartRate,PhysTrax Apple Watch,11.6.1,"Watch7,1","<<HKDevice: 0x133e95320>, name:Apple Watch, manufacturer:Apple Inc., model:Watch, hardware:Watch7,1, software:11.6.1, creation date:2025-09-13 14:18:16 +0000>",2025-10-02 18:29:32 +0000,2025-10-02 18:29:32 +0000,count/min,92.00000000000001,2
HKQuantityTypeIdentifierHeartRate,PhysTrax Apple Watch,11.6.1,"Watch7,1","<<HKDevice: 0x133e95320>, name:Apple Watch, manufacturer:Apple Inc., model:Watch, hardware:Watch7,1, software:11.6.1, creation date:2025-09-13 14:18:16 +0000>",2025-10-02 18:29:34 +0000,2025-10-02 18:29:34 +0000,count/min,92.00000000000001,2
HKQuantityTypeIdentifierHeartRate,PhysTrax Apple Watch,11.6.1,"Watch7,1","<<HKDevice: 0x133e95320>, name:Apple Watch, manufacturer:Apple Inc., model:Watch, hardware:Watch7,1, software:11.6.1, creation date:2025-09-13 14:18:16 +0000>",2025-10-02 18:29:43 +0000,2025-10-02 18:29:43 +0000,count/min,89.0,2
HKQuantityTypeIdentifierHeartRate,PhysTrax Apple Watch,11.6.1,"Watch7,1","<<HKDevice: 0x133e95320>, name:Apple Watch, manufacturer:Apple Inc., model:Watch, hardware:Watch7,1, software:11.6.1, creation date:2025-09-13 14:18:16 +0000>",2025-10-02 18:29:44 +0000,2025-10-02 18:29:44 +0000,count/min,88.0,2
HKQuantityTypeIdentifierHeartRate,PhysTrax Apple Watch,11.6.1,"Watch7,1","<<HKDevice: 0x133e95320>, name:Apple Watch, manufacturer:Apple Inc., model:Watch, hardware:Watch7,1, software:11.6.1, creation date:2025-09-13 14:18:16 +0000>",2025-10-02 18:29:50 +0000,2025-10-02 18:29:50 +0000,count/min,81.0,2
HKQuantityTypeIdentifierHeartRate,PhysTrax Apple Watch,11.6.1,"Watch7,1","<<HKDevice: 0x133e95320>, name:Apple Watch, manufacturer:Apple Inc., model:Watch, hardware:Watch7,1, software:11.6.1, creation date:2025-09-13 14:18:16 +0000>",2025-10-02 18:29:54 +0000,2025-10-02 18:29:54 +0000,count/min,87.0,2
HKQuantityTypeIdentifierHeartRate,PhysTrax Apple Watch,11.6.1,"Watch7,1","<<HKDevice: 0x133e95320>, name:Apple Watch, manufacturer:Apple Inc., model:Watch, hardware:Watch7,1, software:11.6.1, creation date:2025-09-13 14:18:16 +0000>",2025-10-02 18:30:03 +0000,2025-10-02 18:30:03 +0000,count/min,100.0,2
HKQuantityTypeIdentifierHeartRate,PhysTrax Apple Watch,11.6.1,"Watch7,1","<<HKDevice: 0x133e95320>, name:Apple Watch, manufacturer:Apple Inc., model:Watch, hardware:Watch7,1, software:11.6.1, creation date:2025-09-13 14:18:16 +0000>",2025-10-02 18:30:06 +0000,2025-10-02 18:30:06 +0000,count/min,102.0,2
HKQuantityTypeIdentifierHeartRate,PhysTrax Apple Watch,11.6.1,"Watch7,1","<<HKDevice: 0x133e95320>, name:Apple Watch, manufacturer:Apple Inc., model:Watch, hardware:Watch7,1, software:11.6.1, creation date:2025-09-13 14:18:16 +0000>",2025-10-02 18:30:10 +0000,2025-10-02 18:30:10 +0000,count/min,100.0,2
HKQuantityTypeIdentifierHeartRate,PhysTrax Apple Watch,11.6.1,"Watch7,1","<<HKDevice: 0x133e95320>, name:Apple Watch, manufacturer:Apple Inc., model:Watch, hardware:Watch7,1, software:11.6.1, creation date:2025-09-13 14:18:16 +0000>",2025-10-02 18:30:18 +0000,2025-10-02 18:30:18 +0000,count/min,97.0,2
HKQuantityTypeIdentifierHeartRate,PhysTrax Apple Watch,11.6.1,"Watch7,1","<<HKDevice: 0x133e95320>, name:Apple Watch, manufacturer:Apple Inc., model:Watch, hardware:Watch7,1, software:11.6.1, creation date:2025-09-13 14:18:16 +0000>",2025-10-02 18:30:22 +0000,2025-10-02 18:30:22 +0000,count/min,95.0,2
HKQuantityTypeIdentifierHeartRate,PhysTrax Apple Watch,11.6.1,"Watch7,1","<<HKDevice: 0x133e95320>, name:Apple Watch, manufacturer:Apple Inc., model:Watch, hardware:Watch7,1, software:11.6.1, creation date:2025-09-13 14:18:16 +0000>",2025-10-02 18:30:28 +0000,2025-10-02 18:30:28 +0000,count/min,97.0,2
HKQuantityTypeIdentifierHeartRate,PhysTrax Apple Watch,11.6.1,"Watch7,1","<<HKDevice: 0x133e95320>, name:Apple Watch, manufacturer:Apple Inc., model:Watch, hardware:Watch7,1, software:11.6.1, creation date:2025-09-13 14:18:16 +0000>",2025-10-02 18:30:31 +0000,2025-10-02 18:30:31 +0000,count/min,98.0,2
HKQuantityTypeIdentifierHeartRate,PhysTrax Apple Watch,11.6.1,"Watch7,1","<<HKDevice: 0x133e95320>, name:Apple Watch, manufacturer:Apple Inc., model:Watch, hardware:Watch7,1, software:11.6.1, creation date:2025-09-13 14:18:16 +0000>",2025-10-02 18:30:34 +0000,2025-10-02 18:30:34 +0000,count/min,96.0,2
HKQuantityTypeIdentifierHeartRate,PhysTrax Apple Watch,11.6.1,"Watch7,1","<<HKDevice: 0x133e95320>, name:Apple Watch, manufacturer:Apple Inc., model:Watch, hardware:Watch7,1, software:11.6.1, creation date:2025-09-13 14:18:16 +0000>",2025-10-02 18:30:43 +0000,2025-10-02 18:30:43 +0000,count/min,96.0,2
HKQuantityTypeIdentifierHeartRate,PhysTrax Apple Watch,11.6.1,"Watch7,1","<<HKDevice: 0x133e95320>, name:Apple Watch, manufacturer:Apple Inc., model:Watch, hardware:Watch7,1, software:11.6.1, creation date:2025-09-13 14:18:16 +0000>",2025-10-02 18:30:46 +0000,2025-10-02 18:30:46 +0000,count/min,95.0,2
HKQuantityTypeIdentifierHeartRate,PhysTrax Apple Watch,11.6.1,"Watch7,1","<<HKDevice: 0x133e95320>, name:Apple Watch, manufacturer:Apple Inc., model:Watch, hardware:Watch7,1, software:11.6.1, creation date:2025-09-13 14:18:16 +0000>",2025-10-02 18:30:49 +0000,2025-10-02 18:30:49 +0000,count/min,93.0,2
HKQuantityTypeIdentifierHeartRate,PhysTrax Apple Watch,11.6.1,"Watch7,1","<<HKDevice: 0x133e95320>, name:Apple Watch, manufacturer:Apple Inc., model:Watch, hardware:Watch7,1, software:11.6.1, creation date:2025-09-13 14:18:16 +0000>",2025-10-02 18:30:58 +0000,2025-10-02 18:30:58 +0000,count/min,89.0,2
HKQuantityTypeIdentifierHeartRate,PhysTrax Apple Watch,11.6.1,"Watch7,1","<<HKDevice: 0x133e95320>, name:Apple Watch, manufacturer:Apple Inc., model:Watch, hardware:Watch7,1, software:11.6.1, creation date:2025-09-13 14:18:16 +0000>",2025-10-02 18:30:59 +0000,2025-10-02 18:30:59 +0000,count/min,88.0,2
HKQuantityTypeIdentifierHeartRate,PhysTrax Apple Watch,11.6.1,"Watch7,1","<<HKDevice: 0x133e95320>, name:Apple Watch, manufacturer:Apple Inc., model:Watch, hardware:Watch7,1, software:11.6.1, creation date:2025-09-13 14:18:16 +0000>",2025-10-02 18:31:08 +0000,2025-10-02 18:31:08 +0000,count/min,83.0,2
HKQuantityTypeIdentifierHeartRate,PhysTrax Apple Watch,11.6.1,"Watch7,1","<<HKDevice: 0x133e95320>, name:Apple Watch, manufacturer:Apple Inc., model:Watch, hardware:Watch7,1, software:11.6.1, creation date:2025-09-13 14:18:16 +0000>",2025-10-02 18:31:13 +0000,2025-10-02 18:31:13 +0000,count/min,81.0,2
HKQuantityTypeIdentifierHeartRate,PhysTrax Apple Watch,11.6.1,"Watch7,1","<<HKDevice: 0x133e95320>, name:Apple Watch, manufacturer:Apple Inc., model:Watch, hardware:Watch7,1, software:11.6.1, creation date:2025-09-13 14:18:16 +0000>",2025-10-02 18:31:16 +0000,2025-10-02 18:31:16 +0000,count/min,81.0,2
HKQuantityTypeIdentifierHeartRate,PhysTrax Apple Watch,11.6.1,"Watch7,1","<<HKDevice: 0x133e95320>, name:Apple Watch, manufacturer:Apple Inc., model:Watch, hardware:Watch7,1, software:11.6.1, creation date:2025-09-13 14:18:16 +0000>",2025-10-02 18:31:22 +0000,2025-10-02 18:31:22 +0000,count/min,82.0,2
HKQuantityTypeIdentifierHeartRate,PhysTrax Apple Watch,11.6.1,"Watch7,1","<<HKDevice: 0x133e95320>, name:Apple Watch, manufacturer:Apple Inc., model:Watch, hardware:Watch7,1, software:11.6.1, creation date:2025-09-13 14:18:16 +0000>",2025-10-02 18:31:26 +0000,2025-10-02 18:31:26 +0000,count/min,82.0,2
HKQuantityTypeIdentifierHeartRate,PhysTrax Apple Watch,11.6.1,"Watch7,1","<<HKDevice: 0x133e95320>, name:Apple Watch, manufacturer:Apple Inc., model:Watch, hardware:Watch7,1, software:11.6.1, creation date:2025-09-13 14:18:16 +0000>",2025-10-02 18:31:33 +0000,2025-10-02 18:31:33 +0000,count/min,83.0,2
HKQuantityTypeIdentifierHeartRate,PhysTrax Apple Watch,11.6.1,"Watch7,1","<<HKDevice: 0x133e95320>, name:Apple Watch, manufacturer:Apple Inc., model:Watch, hardware:Watch7,1, software:11.6.1, creation date:2025-09-13 14:18:16 +0000>",2025-10-02 18:31:35 +0000,2025-10-02 18:31:35 +0000,count/min,83.0,2
HKQuantityTypeIdentifierHeartRate,PhysTrax Apple Watch,11.6.1,"Watch7,1","<<HKDevice: 0x133e95320>, name:Apple Watch, manufacturer:Apple Inc., model:Watch, hardware:Watch7,1, software:11.6.1, creation date:2025-09-13 14:18:16 +0000>",2025-10-02 18:31:36 +0000,2025-10-02 18:31:36 +0000,count/min,85.0,0
HKQuantityTypeIdentifierHeartRate,PhysTrax Apple Watch,11.6.1,"Watch7,1","<<HKDevice: 0x133e95320>, name:Apple Watch, manufacturer:Apple Inc., model:Watch, hardware:Watch7,1, software:11.6.1, creation date:2025-09-13 14:18:16 +0000>",2025-10-02 18:31:44 +0000,2025-10-02 18:31:44 +0000,count/min,89.0,2
HKQuantityTypeIdentifierHeartRate,PhysTrax Apple Watch,11.6.1,"Watch7,1","<<HKDevice: 0x133e95320>, name:Apple Watch, manufacturer:Apple Inc., model:Watch, hardware:Watch7,1, software:11.6.1, creation date:2025-09-13 14:18:16 +0000>",2025-10-02 18:31:48 +0000,2025-10-02 18:31:48 +0000,count/min,92.00000000000001,2
HKQuantityTypeIdentifierHeartRate,PhysTrax Apple Watch,11.6.1,"Watch7,1","<<HKDevice: 0x133e95320>, name:Apple Watch, manufacturer:Apple Inc., model:Watch, hardware:Watch7,1, software:11.6.1, creation date:2025-09-13 14:18:16 +0000>",2025-10-02 18:31:52 +0000,2025-10-02 18:31:52 +0000,count/min,95.0,2
HKQuantityTypeIdentifierHeartRate,PhysTrax Apple Watch,11.6.1,"Watch7,1","<<HKDevice: 0x133e95320>, name:Apple Watch, manufacturer:Apple Inc., model:Watch, hardware:Watch7,1, software:11.6.1, creation date:2025-09-13 14:18:16 +0000>",2025-10-02 18:31:55 +0000,2025-10-02 18:31:55 +0000,count/min,96.0,2
HKQuantityTypeIdentifierHeartRate,PhysTrax Apple Watch,11.6.1,"Watch7,1","<<HKDevice: 0x133e95320>, name:Apple Watch, manufacturer:Apple Inc., model:Watch, hardware:Watch7,1, software:11.6.1, creation date:2025-09-13 14:18:16 +0000>",2025-10-02 18:32:04 +0000,2025-10-02 18:32:04 +0000,count/min,86.0,2
HKQuantityTypeIdentifierHeartRate,PhysTrax Apple Watch,11.6.1,"Watch7,1","<<HKDevice: 0x133e95320>, name:Apple Watch, manufacturer:Apple Inc., model:Watch, hardware:Watch7,1, software:11.6.1, creation date:2025-09-13 14:18:16 +0000>",2025-10-02 18:32:09 +0000,2025-10-02 18:32:09 +0000,count/min,89.0,2
HKQuantityTypeIdentifierHeartRate,PhysTrax Apple Watch,11.6.1,"Watch7,1","<<HKDevice: 0x133e95320>, name:Apple Watch, manufacturer:Apple Inc., model:Watch, hardware:Watch7,1, software:11.6.1, creation date:2025-09-13 14:18:16 +0000>",2025-10-02 18:32:10 +0000,2025-10-02 18:32:10 +0000,count/min,88.0,2
HKQuantityTypeIdentifierHeartRate,PhysTrax Apple Watch,11.6.1,"Watch7,1","<<HKDevice: 0x133e95320>, name:Apple Watch, manufacturer:Apple Inc., model:Watch, hardware:Watch7,1, software:11.6.1, creation date:2025-09-13 14:18:16 +0000>",2025-10-02 18:32:16 +0000,2025-10-02 18:32:16 +0000,count/min,93.0,2
HKQuantityTypeIdentifierHeartRate,PhysTrax Apple Watch,11.6.1,"Watch7,1","<<HKDevice: 0x133e95320>, name:Apple Watch, manufacturer:Apple Inc., model:Watch, hardware:Watch7,1, software:11.6.1, creation date:2025-09-13 14:18:16 +0000>",2025-10-02 18:32:20 +0000,2025-10-02 18:32:20 +0000,count/min,95.0,2
HKQuantityTypeIdentifierHeartRate,PhysTrax Apple Watch,11.6.1,"Watch7,1","<<HKDevice: 0x133e95320>, name:Apple Watch, manufacturer:Apple Inc., model:Watch, hardware:Watch7,1, software:11.6.1, creation date:2025-09-13 14:18:16 +0000>",2025-10-02 18:32:27 +0000,2025-10-02 18:32:27 +0000,count/min,87.0,2
HKQuantityTypeIdentifierHeartRate,PhysTrax Apple Watch,11.6.1,"Watch7,1","<<HKDevice: 0x133e95320>, name:Apple Watch, manufacturer:Apple Inc., model:Watch, hardware:Watch7,1, software:11.6.1, creation date:2025-09-13 14:18:16 +0000>",2025-10-02 18:32:30 +0000,2025-10-02 18:32:30 +0000,count/min,90.0,2
HKQuantityTypeIdentifierHeartRate,PhysTrax Apple Watch,11.6.1,"Watch7,1","<<HKDevice: 0x133e95320>, name:Apple Watch, manufacturer:Apple Inc., model:Watch, hardware:Watch7,1, software:11.6.1, creation date:2025-09-13 14:18:16 +0000>",2025-10-02 18:32:39 +0000,2025-10-02 18:32:39 +0000,count/min,85.0,2
HKQuantityTypeIdentifierHeartRate,PhysTrax Apple Watch,11.6.1,"Watch7,1","<<HKDevice: 0x133e95320>, name:Apple Watch, manufacturer:Apple Inc., model:Watch, hardware:Watch7,1, software:11.6.1, creation date:2025-09-13 14:18:16 +0000>",2025-10-02 18:32:44 +0000,2025-10-02 18:32:44 +0000,count/min,84.0,2
HKQuantityTypeIdentifierHeartRate,PhysTrax Apple Watch,11.6.1,"Watch7,1","<<HKDevice: 0x133e95320>, name:Apple Watch, manufacturer:Apple Inc., model:Watch, hardware:Watch7,1, software:11.6.1, creation date:2025-09-13 14:18:16 +0000>",2025-10-02 18:32:46 +0000,2025-10-02 18:32:46 +0000,count/min,84.0,2
HKQuantityTypeIdentifierHeartRate,PhysTrax Apple Watch,11.6.1,"Watch7,1","<<HKDevice: 0x133e95320>, name:Apple Watch, manufacturer:Apple Inc., model:Watch, hardware:Watch7,1, software:11.6.1, creation date:2025-09-13 14:18:16 +0000>",2025-10-02 18:32:54 +0000,2025-10-02 18:32:54 +0000,count/min,82.0,2
HKQuantityTypeIdentifierHeartRate,PhysTrax Apple Watch,11.6.1,"Watch7,1","<<HKDevice: 0x133e95320>, name:Apple Watch, manufacturer:Apple Inc., model:Watch, hardware:Watch7,1, software:11.6.1, creation date:2025-09-13 14:18:16 +0000>",2025-10-02 18:32:58 +0000,2025-10-02 18:32:58 +0000,count/min,82.0,2
HKQuantityTypeIdentifierHeartRate,PhysTrax Apple Watch,11.6.1,"Watch7,1","<<HKDevice: 0x133e95320>, name:Apple Watch, manufacturer:Apple Inc., model:Watch, hardware:Watch7,1, software:11.6.1, creation date:2025-09-13 14:18:16 +0000>",2025-10-02 18:33:03 +0000,2025-10-02 18:33:03 +0000,count/min,86.0,2
HKQuantityTypeIdentifierHeartRate,PhysTrax Apple Watch,11.6.1,"Watch7,1","<<HKDevice: 0x133e95320>, name:Apple Watch, manufacturer:Apple Inc., model:Watch, hardware:Watch7,1, software:11.6.1, creation date:2025-09-13 14:18:16 +0000>",2025-10-02 18:33:05 +0000,2025-10-02 18:33:05 +0000,count/min,88.0,2
HKQuantityTypeIdentifierHeartRate,PhysTrax Apple Watch,11.6.1,"Watch7,1","<<HKDevice: 0x133e95320>, name:Apple Watch, manufacturer:Apple Inc., model:Watch, hardware:Watch7,1, software:11.6.1, creation date:2025-09-13 14:18:16 +0000>",2025-10-02 18:33:12 +0000,2025-10-02 18:33:12 +0000,count/min,84.0,2
HKQuantityTypeIdentifierHeartRate,PhysTrax Apple Watch,11.6.1,"Watch7,1","<<HKDevice: 0x133e95320>, name:Apple Watch, manufacturer:Apple Inc., model:Watch, hardware:Watch7,1, software:11.6.1, creation date:2025-09-13 14:18:16 +0000>",2025-10-02 18:33:15 +0000,2025-10-02 18:33:15 +0000,count/min,85.0,2
HKQuantityTypeIdentifierHeartRate,PhysTrax Apple Watch,11.6.1,"Watch7,1","<<HKDevice: 0x133e95320>, name:Apple Watch, manufacturer:Apple Inc., model:Watch, hardware:Watch7,1, software:11.6.1, creation date:2025-09-13 14:18:16 +0000>",2025-10-02 18:33:20 +0000,2025-10-02 18:33:20 +0000,count/min,84.0,2
HKQuantityTypeIdentifierHeartRate,PhysTrax Apple Watch,11.6.1,"Watch7,1","<<HKDevice: 0x133e95320>, name:Apple Watch, manufacturer:Apple Inc., model:Watch, hardware:Watch7,1, software:11.6.1, creation date:2025-09-13 14:18:16 +0000>",2025-10-02 18:33:29 +0000,2025-10-02 18:33:29 +0000,count/min,89.0,2
HKQuantityTypeIdentifierHeartRate,PhysTrax Apple Watch,11.6.1,"Watch7,1","<<HKDevice: 0x133e95320>, name:Apple Watch, manufacturer:Apple Inc., model:Watch, hardware:Watch7,1, software:11.6.1, creation date:2025-09-13 14:18:16 +0000>",2025-10-02 18:33:31 +0000,2025-10-02 18:33:31 +0000,count/min,90.0,2
HKQuantityTypeIdentifierHeartRate,PhysTrax Apple Watch,11.6.1,"Watch7,1","<<HKDevice: 0x133e95320>, name:Apple Watch, manufacturer:Apple Inc., model:Watch, hardware:Watch7,1, software:11.6.1, creation date:2025-09-13 14:18:16 +0000>",2025-10-02 18:33:35 +0000,2025-10-02 18:33:35 +0000,count/min,86.0,2
HKQuantityTypeIdentifierHeartRate,PhysTrax Apple Watch,11.6.1,"Watch7,1","<<HKDevice: 0x133e95320>, name:Apple Watch, manufacturer:Apple Inc., model:Watch, hardware:Watch7,1, software:11.6.1, creation date:2025-09-13 14:18:16 +0000>",2025-10-02 18:33:40 +0000,2025-10-02 18:33:40 +0000,count/min,88.0,2
HKQuantityTypeIdentifierHeartRate,PhysTrax Apple Watch,11.6.1,"Watch7,1","<<HKDevice: 0x133e95320>, name:Apple Watch, manufacturer:Apple Inc., model:Watch, hardware:Watch7,1, software:11.6.1, creation date:2025-09-13 14:18:16 +0000>",2025-10-02 18:33:49 +0000,2025-10-02 18:33:49 +0000,count/min,85.0,2
HKQuantityTypeIdentifierHeartRate,PhysTrax Apple Watch,11.6.1,"Watch7,1","<<HKDevice: 0x133e95320>, name:Apple Watch, manufacturer:Apple Inc., model:Watch, hardware:Watch7,1, software:11.6.1, creation date:2025-09-13 14:18:16 +0000>",2025-10-02 18:33:52 +0000,2025-10-02 18:33:52 +0000,count/min,85.0,2
HKQuantityTypeIdentifierHeartRate,PhysTrax Apple Watch,11.6.1,"Watch7,1","<<HKDevice: 0x133e95320>, name:Apple Watch, manufacturer:Apple Inc., model:Watch, hardware:Watch7,1, software:11.6.1, creation date:2025-09-13 14:18:16 +0000>",2025-10-02 18:33:55 +0000,2025-10-02 18:33:55 +0000,count/min,86.0,2
HKQuantityTypeIdentifierHeartRate,PhysTrax Apple Watch,11.6.1,"Watch7,1","<<HKDevice: 0x133e95320>, name:Apple Watch, manufacturer:Apple Inc., model:Watch, hardware:Watch7,1, software:11.6.1, creation date:2025-09-13 14:18:16 +0000>",2025-10-02 18:34:04 +0000,2025-10-02 18:34:04 +0000,count/min,82.0,2
HKQuantityTypeIdentifierHeartRate,PhysTrax Apple Watch,11.6.1,"Watch7,1","<<HKDevice: 0x133e95320>, name:Apple Watch, manufacturer:Apple Inc., model:Watch, hardware:Watch7,1, software:11.6.1, creation date:2025-09-13 14:18:16 +0000>",2025-10-02 18:34:07 +0000,2025-10-02 18:34:07 +0000,count/min,82.0,2
HKQuantityTypeIdentifierHeartRate,PhysTrax Apple Watch,11.6.1,"Watch7,1","<<HKDevice: 0x133e95320>, name:Apple Watch, manufacturer:Apple Inc., model:Watch, hardware:Watch7,1, software:11.6.1, creation date:2025-09-13 14:18:16 +0000>",2025-10-02 18:34:12 +0000,2025-10-02 18:34:12 +0000,count/min,83.0,2
HKQuantityTypeIdentifierHeartRate,PhysTrax Apple Watch,11.6.1,"Watch7,1","<<HKDevice: 0x133e95320>, name:Apple Watch, manufacturer:Apple Inc., model:Watch, hardware:Watch7,1, software:11.6.1, creation date:2025-09-13 14:18:16 +0000>",2025-10-02 18:34:15 +0000,2025-10-02 18:34:15 +0000,count/min,89.0,2
HKQuantityTypeIdentifierHeartRate,PhysTrax Apple Watch,11.6.1,"Watch7,1","<<HKDevice: 0x133e95320>, name:Apple Watch, manufacturer:Apple Inc., model:Watch, hardware:Watch7,1, software:11.6.1, creation date:2025-09-13 14:18:16 +0000>",2025-10-02 18:34:24 +0000,2025-10-02 18:34:24 +0000,count/min,82.0,2
HKQuantityTypeIdentifierHeartRate,PhysTrax Apple Watch,11.6.1,"Watch7,1","<<HKDevice: 0x133e95320>, name:Apple Watch, manufacturer:Apple Inc., model:Watch, hardware:Watch7,1, software:11.6.1, creation date:2025-09-13 14:18:16 +0000>",2025-10-02 18:34:29 +0000,2025-10-02 18:34:29 +0000,count/min,83.0,2
HKQuantityTypeIdentifierHeartRate,PhysTrax Apple Watch,11.6.1,"Watch7,1","<<HKDevice: 0x133e95320>, name:Apple Watch, manufacturer:Apple Inc., model:Watch, hardware:Watch7,1, software:11.6.1, creation date:2025-09-13 14:18:16 +0000>",2025-10-02 18:34:34 +0000,2025-10-02 18:34:34 +0000,count/min,86.0,2
HKQuantityTypeIdentifierHeartRate,PhysTrax Apple Watch,11.6.1,"Watch7,1","<<HKDevice: 0x133e95320>, name:Apple Watch, manufacturer:Apple Inc., model:Watch, hardware:Watch7,1, software:11.6.1, creation date:2025-09-13 14:18:16 +0000>",2025-10-02 18:34:38 +0000,2025-10-02 18:34:38 +0000,count/min,87.0,2
HKQuantityTypeIdentifierHeartRate,PhysTrax Apple Watch,11.6.1,"Watch7,1","<<HKDevice: 0x133e95320>, name:Apple Watch, manufacturer:Apple Inc., model:Watch, hardware:Watch7,1, software:11.6.1, creation date:2025-09-13 14:18:16 +0000>",2025-10-02 18:34:40 +0000,2025-10-02 18:34:40 +0000,count/min,87.0,2
HKQuantityTypeIdentifierHeartRate,PhysTrax Apple Watch,11.6.1,"Watch7,1","<<HKDevice: 0x133e95320>, name:Apple Watch, manufacturer:Apple Inc., model:Watch, hardware:Watch7,1, software:11.6.1, creation date:2025-09-13 14:18:16 +0000>",2025-10-02 18:34:47 +0000,2025-10-02 18:34:47 +0000,count/min,93.0,2
HKQuantityTypeIdentifierHeartRate,PhysTrax Apple Watch,11.6.1,"Watch7,1","<<HKDevice: 0x133e95320>, name:Apple Watch, manufacturer:Apple Inc., model:Watch, hardware:Watch7,1, software:11.6.1, creation date:2025-09-13 14:18:16 +0000>",2025-10-02 18:34:50 +0000,2025-10-02 18:34:50 +0000,count/min,90.0,2
HKQuantityTypeIdentifierHeartRate,PhysTrax Apple Watch,11.6.1,"Watch7,1","<<HKDevice: 0x133e95320>, name:Apple Watch, manufacturer:Apple Inc., model:Watch, hardware:Watch7,1, software:11.6.1, creation date:2025-09-13 14:18:16 +0000>",2025-10-02 18:34:59 +0000,2025-10-02 18:34:59 +0000,count/min,87.0,2
HKQuantityTypeIdentifierHeartRate,PhysTrax Apple Watch,11.6.1,"Watch7,1","<<HKDevice: 0x133e95320>, name:Apple Watch, manufacturer:Apple Inc., model:Watch, hardware:Watch7,1, software:11.6.1, creation date:2025-09-13 14:18:16 +0000>",2025-10-02 18:35:02 +0000,2025-10-02 18:35:02 +0000,count/min,84.0,2
HKQuantityTypeIdentifierHeartRate,PhysTrax Apple Watch,11.6.1,"Watch7,1","<<HKDevice: 0x133e95320>, name:Apple Watch, manufacturer:Apple Inc., model:Watch, hardware:Watch7,1, software:11.6.1, creation date:2025-09-13 14:18:16 +0000>",2025-10-02 18:35:09 +0000,2025-10-02 18:35:09 +0000,count/min,85.0,2
HKQuantityTypeIdentifierHeartRate,PhysTrax Apple Watch,11.6.1,"Watch7,1","<<HKDevice: 0x133e95320>, name:Apple Watch, manufacturer:Apple Inc., model:Watch, hardware:Watch7,1, software:11.6.1, creation date:2025-09-13 14:18:16 +0000>",2025-10-02 18:35:12 +0000,2025-10-02 18:35:12 +0000,count/min,86.0,2
HKQuantityTypeIdentifierHeartRate,PhysTrax Apple Watch,11.6.1,"Watch7,1","<<HKDevice: 0x133e95320>, name:Apple Watch, manufacturer:Apple Inc., model:Watch, hardware:Watch7,1, software:11.6.1, creation date:2025-09-13 14:18:16 +0000>",2025-10-02 18:35:19 +0000,2025-10-02 18:35:19 +0000,count/min,85.0,2
HKQuantityTypeIdentifierHeartRate,PhysTrax Apple Watch,11.6.1,"Watch7,1","<<HKDevice: 0x133e95320>, name:Apple Watch, manufacturer:Apple Inc., model:Watch, hardware:Watch7,1, software:11.6.1, creation date:2025-09-13 14:18:16 +0000>",2025-10-02 18:35:21 +0000,2025-10-02 18:35:21 +0000,count/min,86.0,2
HKQuantityTypeIdentifierHeartRate,PhysTrax Apple Watch,11.6.1,"Watch7,1","<<HKDevice: 0x133e95320>, name:Apple Watch, manufacturer:Apple Inc., model:Watch, hardware:Watch7,1, software:11.6.1, creation date:2025-09-13 14:18:16 +0000>",2025-10-02 18:35:29 +0000,2025-10-02 18:35:29 +0000,count/min,87.0,2
HKQuantityTypeIdentifierHeartRate,PhysTrax Apple Watch,11.6.1,"Watch7,1","<<HKDevice: 0x133e95320>, name:Apple Watch, manufacturer:Apple Inc., model:Watch, hardware:Watch7,1, software:11.6.1, creation date:2025-09-13 14:18:16 +0000>",2025-10-02 18:35:34 +0000,2025-10-02 18:35:34 +0000,count/min,82.0,2
HKQuantityTypeIdentifierHeartRate,PhysTrax Apple Watch,11.6.1,"Watch7,1","<<HKDevice: 0x133e95320>, name:Apple Watch, manufacturer:Apple Inc., model:Watch, hardware:Watch7,1, software:11.6.1, creation date:2025-09-13 14:18:16 +0000>",2025-10-02 18:35:37 +0000,2025-10-02 18:35:37 +0000,count/min,82.0,2
HKQuantityTypeIdentifierHeartRate,PhysTrax Apple Watch,11.6.1,"Watch7,1","<<HKDevice: 0x133e95320>, name:Apple Watch, manufacturer:Apple Inc., model:Watch, hardware:Watch7,1, software:11.6.1, creation date:2025-09-13 14:18:16 +0000>",2025-10-02 18:35:43 +0000,2025-10-02 18:35:43 +0000,count/min,80.0,2
HKQuantityTypeIdentifierHeartRate,PhysTrax Apple Watch,11.6.1,"Watch7,1","<<HKDevice: 0x133e95320>, name:Apple Watch, manufacturer:Apple Inc., model:Watch, hardware:Watch7,1, software:11.6.1, creation date:2025-09-13 14:18:16 +0000>",2025-10-02 18:35:45 +0000,2025-10-02 18:35:45 +0000,count/min,81.0,2
HKQuantityTypeIdentifierHeartRate,PhysTrax Apple Watch,11.6.1,"Watch7,1","<<HKDevice: 0x133e95320>, name:Apple Watch, manufacturer:Apple Inc., model:Watch, hardware:Watch7,1, software:11.6.1, creation date:2025-09-13 14:18:16 +0000>",2025-10-02 18:35:53 +0000,2025-10-02 18:35:53 +0000,count/min,84.0,2
HKQuantityTypeIdentifierHeartRate,PhysTrax Apple Watch,11.6.1,"Watch7,1","<<HKDevice: 0x133e95320>, name:Apple Watch, manufacturer:Apple Inc., model:Watch, hardware:Watch7,1, software:11.6.1, creation date:2025-09-13 14:18:16 +0000>",2025-10-02 18:35:55 +0000,2025-10-02 18:35:55 +0000,count/min,83.0,2
HKQuantityTypeIdentifierHeartRate,PhysTrax Apple Watch,11.6.1,"Watch7,1","<<HKDevice: 0x133e95320>, name:Apple Watch, manufacturer:Apple Inc., model:Watch, hardware:Watch7,1, software:11.6.1, creation date:2025-09-13 14:18:16 +0000>",2025-10-02 18:36:00 +0000,2025-10-02 18:36:00 +0000,count/min,87.0,2
HKQuantityTypeIdentifierHeartRate,PhysTrax Apple Watch,11.6.1,"Watch7,1","<<HKDevice: 0x133e95320>, name:Apple Watch, manufacturer:Apple Inc., model:Watch, hardware:Watch7,1, software:11.6.1, creation date:2025-09-13 14:18:16 +0000>",2025-10-02 18:36:09 +0000,2025-10-02 18:36:09 +0000,count/min,83.0,2
HKQuantityTypeIdentifierHeartRate,PhysTrax Apple Watch,11.6.1,"Watch7,1","<<HKDevice: 0x133e95320>, name:Apple Watch, manufacturer:Apple Inc., model:Watch, hardware:Watch7,1, software:11.6.1, creation date:2025-09-13 14:18:16 +0000>",2025-10-02 18:36:14 +0000,2025-10-02 18:36:14 +0000,count/min,88.0,2
HKQuantityTypeIdentifierHeartRate,PhysTrax Apple Watch,11.6.1,"Watch7,1","<<HKDevice: 0x133e95320>, name:Apple Watch, manufacturer:Apple Inc., model:Watch, hardware:Watch7,1, software:11.6.1, creation date:2025-09-13 14:18:16 +0000>",2025-10-02 18:36:16 +0000,2025-10-02 18:36:16 +0000,count/min,87.0,2
HKQuantityTypeIdentifierHeartRate,PhysTrax Apple Watch,11.6.1,"Watch7,1","<<HKDevice: 0x133e95320>, name:Apple Watch, manufacturer:Apple Inc., model:Watch, hardware:Watch7,1, software:11.6.1, creation date:2025-09-13 14:18:16 +0000>",2025-10-02 18:36:20 +0000,2025-10-02 18:36:20 +0000,count/min,85.0,2
HKQuantityTypeIdentifierHeartRate,PhysTrax Apple Watch,11.6.1,"Watch7,1","<<HKDevice: 0x133e95320>, name:Apple Watch, manufacturer:Apple Inc., model:Watch, hardware:Watch7,1, software:11.6.1, creation date:2025-09-13 14:18:16 +0000>",2025-10-02 18:36:25 +0000,2025-10-02 18:36:25 +0000,count/min,85.0,2
HKQuantityTypeIdentifierHeartRate,PhysTrax Apple Watch,11.6.1,"Watch7,1","<<HKDevice: 0x133e95320>, name:Apple Watch, manufacturer:Apple Inc., model:Watch, hardware:Watch7,1, software:11.6.1, creation date:2025-09-13 14:18:16 +0000>",2025-10-02 18:36:34 +0000,2025-10-02 18:36:34 +0000,count/min,81.0,2
HKQuantityTypeIdentifierHeartRate,PhysTrax Apple Watch,11.6.1,"Watch7,1","<<HKDevice: 0x133e95320>, name:Apple Watch, manufacturer:Apple Inc., model:Watch, hardware:Watch7,1, software:11.6.1, creation date:2025-09-13 14:18:16 +0000>",2025-10-02 18:36:36 +0000,2025-10-02 18:36:36 +0000,count/min,83.0,2
HKQuantityTypeIdentifierHeartRate,PhysTrax Apple Watch,11.6.1,"Watch7,1","<<HKDevice: 0x133e95320>, name:Apple Watch, manufacturer:Apple Inc., model:Watch, hardware:Watch7,1, software:11.6.1, creation date:2025-09-13 14:18:16 +0000>",2025-10-02 18:36:44 +0000,2025-10-02 18:36:44 +0000,count/min,84.0,2
HKQuantityTypeIdentifierHeartRate,PhysTrax Apple Watch,11.6.1,"Watch7,1","<<HKDevice: 0x133e95320>, name:Apple Watch, manufacturer:Apple Inc., model:Watch, hardware:Watch7,1, software:11.6.1, creation date:2025-09-13 14:18:16 +0000>",2025-10-02 18:36:45 +0000,2025-10-02 18:36:45 +0000,count/min,83.0,2
HKQuantityTypeIdentifierHeartRate,PhysTrax Apple Watch,11.6.1,"Watch7,1","<<HKDevice: 0x133e95320>, name:Apple Watch, manufacturer:Apple Inc., model:Watch, hardware:Watch7,1, software:11.6.1, creation date:2025-09-13 14:18:16 +0000>",2025-10-02 18:36:54 +0000,2025-10-02 18:36:54 +0000,count/min,95.0,2
HKQuantityTypeIdentifierHeartRate,PhysTrax Apple Watch,11.6.1,"Watch7,1","<<HKDevice: 0x133e95320>, name:Apple Watch, manufacturer:Apple Inc., model:Watch, hardware:Watch7,1, software:11.6.1, creation date:2025-09-13 14:18:16 +0000>",2025-10-02 18:36:59 +0000,2025-10-02 18:36:59 +0000,count/min,87.0,2
HKQuantityTypeIdentifierHeartRate,PhysTrax Apple Watch,11.6.1,"Watch7,1","<<HKDevice: 0x133e95320>, name:Apple Watch, manufacturer:Apple Inc., model:Watch, hardware:Watch7,1, software:11.6.1, creation date:2025-09-13 14:18:16 +0000>",2025-10-02 18:37:04 +0000,2025-10-02 18:37:04 +0000,count/min,85.0,2
HKQuantityTypeIdentifierHeartRate,PhysTrax Apple Watch,11.6.1,"Watch7,1","<<HKDevice: 0x133e95320>, name:Apple Watch, manufacturer:Apple Inc., model:Watch, hardware:Watch7,1, software:11.6.1, creation date:2025-09-13 14:18:16 +0000>",2025-10-02 18:37:05 +0000,2025-10-02 18:37:05 +0000,count/min,86.0,2
HKQuantityTypeIdentifierHeartRate,PhysTrax Apple Watch,11.6.1,"Watch7,1","<<HKDevice: 0x133e95320>, name:Apple Watch, manufacturer:Apple Inc., model:Watch, hardware:Watch7,1, software:11.6.1, creation date:2025-09-13 14:18:16 +0000>",2025-10-02 18:37:10 +0000,2025-10-02 18:37:10 +0000,count/min,88.0,2
HKQuantityTypeIdentifierHeartRate,PhysTrax Apple Watch,11.6.1,"Watch7,1","<<HKDevice: 0x133e95320>, name:Apple Watch, manufacturer:Apple Inc., model:Watch, hardware:Watch7,1, software:11.6.1, creation date:2025-09-13 14:18:16 +0000>",2025-10-02 18:37:19 +0000,2025-10-02 18:37:19 +0000,count/min,83.0,2
HKQuantityTypeIdentifierHeartRate,PhysTrax Apple Watch,11.6.1,"Watch7,1","<<HKDevice: 0x133e95320>, name:Apple Watch, manufacturer:Apple Inc., model:Watch, hardware:Watch7,1, software:11.6.1, creation date:2025-09-13 14:18:16 +0000>",2025-10-02 18:37:24 +0000,2025-10-02 18:37:24 +0000,count/min,81.0,2
HKQuantityTypeIdentifierHeartRate,PhysTrax Apple Watch,11.6.1,"Watch7,1","<<HKDevice: 0x133e95320>, name:Apple Watch, manufacturer:Apple Inc., model:Watch, hardware:Watch7,1, software:11.6.1, creation date:2025-09-13 14:18:16 +0000>",2025-10-02 18:37:27 +0000,2025-10-02 18:37:27 +0000,count/min,83.0,2
HKQuantityTypeIdentifierHeartRate,PhysTrax Apple Watch,11.6.1,"Watch7,1","<<HKDevice: 0x133e95320>, name:Apple Watch, manufacturer:Apple Inc., model:Watch, hardware:Watch7,1, software:11.6.1, creation date:2025-09-13 14:18:16 +0000>",2025-10-02 18:37:31 +0000,2025-10-02 18:37:31 +0000,count/min,85.0,2
HKQuantityTypeIdentifierHeartRate,PhysTrax Apple Watch,11.6.1,"Watch7,1","<<HKDevice: 0x133e95320>, name:Apple Watch, manufacturer:Apple Inc., model:Watch, hardware:Watch7,1, software:11.6.1, creation date:2025-09-13 14:18:16 +0000>",2025-10-02 18:37:39 +0000,2025-10-02 18:37:39 +0000,count/min,79.0,2
HKQuantityTypeIdentifierHeartRate,PhysTrax Apple Watch,11.6.1,"Watch7,1","<<HKDevice: 0x133e95320>, name:Apple Watch, manufacturer:Apple Inc., model:Watch, hardware:Watch7,1, software:11.6.1, creation date:2025-09-13 14:18:16 +0000>",2025-10-02 18:37:42 +0000,2025-10-02 18:37:42 +0000,count/min,82.0,2
HKQuantityTypeIdentifierHeartRate,PhysTrax Apple Watch,11.6.1,"Watch7,1","<<HKDevice: 0x133e95320>, name:Apple Watch, manufacturer:Apple Inc., model:Watch, hardware:Watch7,1, software:11.6.1, creation date:2025-09-13 14:18:16 +0000>",2025-10-02 18:37:45 +0000,2025-10-02 18:37:45 +0000,count/min,84.0,2
HKQuantityTypeIdentifierHeartRate,PhysTrax Apple Watch,11.6.1,"Watch7,1","<<HKDevice: 0x133e95320>, name:Apple Watch, manufacturer:Apple Inc., model:Watch, hardware:Watch7,1, software:11.6.1, creation date:2025-09-13 14:18:16 +0000>",2025-10-02 18:37:50 +0000,2025-10-02 18:37:50 +0000,count/min,81.0,2
HKQuantityTypeIdentifierHeartRate,PhysTrax Apple Watch,11.6.1,"Watch7,1","<<HKDevice: 0x133e95320>, name:Apple Watch, manufacturer:Apple Inc., model:Watch, hardware:Watch7,1, software:11.6.1, creation date:2025-09-13 14:18:16 +0000>",2025-10-02 18:37:57 +0000,2025-10-02 18:37:57 +0000,count/min,84.0,2
HKQuantityTypeIdentifierHeartRate,PhysTrax Apple Watch,11.6.1,"Watch7,1","<<HKDevice: 0x133e95320>, name:Apple Watch, manufacturer:Apple Inc., model:Watch, hardware:Watch7,1, software:11.6.1, creation date:2025-09-13 14:18:16 +0000>",2025-10-02 18:38:04 +0000,2025-10-02 18:38:04 +0000,count/min,89.0,2
HKQuantityTypeIdentifierHeartRate,PhysTrax Apple Watch,11.6.1,"Watch7,1","<<HKDevice: 0x133e95320>, name:Apple Watch, manufacturer:Apple Inc., model:Watch, hardware:Watch7,1, software:11.6.1, creation date:2025-09-13 14:18:16 +0000>",2025-10-02 18:38:09 +0000,2025-10-02 18:38:09 +0000,count/min,86.0,2
HKQuantityTypeIdentifierHeartRate,PhysTrax Apple Watch,11.6.1,"Watch7,1","<<HKDevice: 0x133e95320>, name:Apple Watch, manufacturer:Apple Inc., model:Watch, hardware:Watch7,1, software:11.6.1, creation date:2025-09-13 14:18:16 +0000>",2025-10-02 18:38:14 +0000,2025-10-02 18:38:14 +0000,count/min,84.0,2
HKQuantityTypeIdentifierHeartRate,PhysTrax Apple Watch,11.6.1,"Watch7,1","<<HKDevice: 0x133e95320>, name:Apple Watch, manufacturer:Apple Inc., model:Watch, hardware:Watch7,1, software:11.6.1, creation date:2025-09-13 14:18:16 +0000>",2025-10-02 18:38:15 +0000,2025-10-02 18:38:15 +0000,count/min,84.0,2
HKQuantityTypeIdentifierHeartRate,PhysTrax Apple Watch,11.6.1,"Watch7,1","<<HKDevice: 0x133e95320>, name:Apple Watch, manufacturer:Apple Inc., model:Watch, hardware:Watch7,1, software:11.6.1, creation date:2025-09-13 14:18:16 +0000>",2025-10-02 18:38:22 +0000,2025-10-02 18:38:22 +0000,count/min,78.0,2
HKQuantityTypeIdentifierHeartRate,PhysTrax Apple Watch,11.6.1,"Watch7,1","<<HKDevice: 0x133e95500>, name:Apple Watch, manufacturer:Apple Inc., model:Watch, hardware:Watch7,1, software:11.6.1, creation date:2025-09-13 14:18:16 +0000>",2025-10-02 18:38:28 +0000,2025-10-02 18:38:28 +0000,count/min,81.0,2
HKQuantityTypeIdentifierHeartRate,PhysTrax Apple Watch,11.6.1,"Watch7,1","<<HKDevice: 0x133e95500>, name:Apple Watch, manufacturer:Apple Inc., model:Watch, hardware:Watch7,1, software:11.6.1, creation date:2025-09-13 14:18:16 +0000>",2025-10-02 18:38:30 +0000,2025-10-02 18:38:30 +0000,count/min,82.0,2
HKQuantityTypeIdentifierHeartRate,PhysTrax Apple Watch,11.6.1,"Watch7,1","<<HKDevice: 0x133e95500>, name:Apple Watch, manufacturer:Apple Inc., model:Watch, hardware:Watch7,1, software:11.6.1, creation date:2025-09-13 14:18:16 +0000>",2025-10-02 18:38:36 +0000,2025-10-02 18:38:36 +0000,count/min,82.0,2
HKQuantityTypeIdentifierHeartRate,PhysTrax Apple Watch,11.6.1,"Watch7,1","<<HKDevice: 0x133e95500>, name:Apple Watch, manufacturer:Apple Inc., model:Watch, hardware:Watch7,1, software:11.6.1, creation date:2025-09-13 14:18:16 +0000>",2025-10-02 18:38:40 +0000,2025-10-02 18:38:40 +0000,count/min,84.0,2
HKQuantityTypeIdentifierHeartRate,PhysTrax Apple Watch,11.6.1,"Watch7,1","<<HKDevice: 0x133e95500>, name:Apple Watch, manufacturer:Apple Inc., model:Watch, hardware:Watch7,1, software:11.6.1, creation date:2025-09-13 14:18:16 +0000>",2025-10-02 18:38:45 +0000,2025-10-02 18:38:45 +0000,count/min,93.0,2
HKQuantityTypeIdentifierHeartRate,PhysTrax Apple Watch,11.6.1,"Watch7,1","<<HKDevice: 0x133e95500>, name:Apple Watch, manufacturer:Apple Inc., model:Watch, hardware:Watch7,1, software:11.6.1, creation date:2025-09-13 14:18:16 +0000>",2025-10-02 18:38:50 +0000,2025-10-02 18:38:50 +0000,count/min,89.0,2
HKQuantityTypeIdentifierHeartRate,PhysTrax Apple Watch,11.6.1,"Watch7,1","<<HKDevice: 0x133e95500>, name:Apple Watch, manufacturer:Apple Inc., model:Watch, hardware:Watch7,1, software:11.6.1, creation date:2025-09-13 14:18:16 +0000>",2025-10-02 18:38:59 +0000,2025-10-02 18:38:59 +0000,count/min,83.0,2
HKQuantityTypeIdentifierHeartRate,PhysTrax Apple Watch,11.6.1,"Watch7,1","<<HKDevice: 0x133e95500>, name:Apple Watch, manufacturer:Apple Inc., model:Watch, hardware:Watch7,1, software:11.6.1, creation date:2025-09-13 14:18:16 +0000>",2025-10-02 18:39:03 +0000,2025-10-02 18:39:03 +0000,count/min,85.0,2
HKQuantityTypeIdentifierHeartRate,PhysTrax Apple Watch,11.6.1,"Watch7,1","<<HKDevice: 0x133e95500>, name:Apple Watch, manufacturer:Apple Inc., model:Watch, hardware:Watch7,1, software:11.6.1, creation date:2025-09-13 14:18:16 +0000>",2025-10-02 18:39:09 +0000,2025-10-02 18:39:09 +0000,count/min,80.0,2
HKQuantityTypeIdentifierHeartRate,PhysTrax Apple Watch,11.6.1,"Watch7,1","<<HKDevice: 0x133e95500>, name:Apple Watch, manufacturer:Apple Inc., model:Watch, hardware:Watch7,1, software:11.6.1, creation date:2025-09-13 14:18:16 +0000>",2025-10-02 18:39:10 +0000,2025-10-02 18:39:10 +0000,count/min,80.0,2
HKQuantityTypeIdentifierHeartRate,PhysTrax Apple Watch,11.6.1,"Watch7,1","<<HKDevice: 0x133e95500>, name:Apple Watch, manufacturer:Apple Inc., model:Watch, hardware:Watch7,1, software:11.6.1, creation date:2025-09-13 14:18:16 +0000>",2025-10-02 18:39:16 +0000,2025-10-02 18:39:16 +0000,count/min,85.0,2
HKQuantityTypeIdentifierHeartRate,PhysTrax Apple Watch,11.6.1,"Watch7,1","<<HKDevice: 0x133e95500>, name:Apple Watch, manufacturer:Apple Inc., model:Watch, hardware:Watch7,1, software:11.6.1, creation date:2025-09-13 14:18:16 +0000>",2025-10-02 18:39:48 +0000,2025-10-02 18:39:48 +0000,count/min,81.0,2
HKQuantityTypeIdentifierHeartRate,PhysTrax Apple Watch,11.6.1,"Watch7,1","<<HKDevice: 0x133e95500>, name:Apple Watch, manufacturer:Apple Inc., model:Watch, hardware:Watch7,1, software:11.6.1, creation date:2025-09-13 14:18:16 +0000>",2025-10-02 18:45:27 +0000,2025-10-02 18:45:27 +0000,count/min,68.0,2
HKQuantityTypeIdentifierHeartRate,PhysTrax Apple Watch,11.6.1,"Watch7,1","<<HKDevice: 0x133e95500>, name:Apple Watch, manufacturer:Apple Inc., model:Watch, hardware:Watch7,1, software:11.6.1, creation date:2025-09-13 14:18:16 +0000>",2025-10-02 18:47:34 +0000,2025-10-02 18:47:34 +0000,count/min,72.0,2
HKQuantityTypeIdentifierHeartRate,PhysTrax Apple Watch,11.6.1,"Watch7,1","<<HKDevice: 0x133e95500>, name:Apple Watch, manufacturer:Apple Inc., model:Watch, hardware:Watch7,1, software:11.6.1, creation date:2025-09-13 14:18:16 +0000>",2025-10-02 18:51:47 +0000,2025-10-02 18:51:47 +0000,count/min,70.0,2
HKQuantityTypeIdentifierHeartRate,PhysTrax Apple Watch,11.6.1,"Watch7,1","<<HKDevice: 0x133e95500>, name:Apple Watch, manufacturer:Apple Inc., model:Watch, hardware:Watch7,1, software:11.6.1, creation date:2025-09-13 14:18:16 +0000>",2025-10-02 18:57:51 +0000,2025-10-02 18:57:51 +0000,count/min,74.0,2
HKQuantityTypeIdentifierHeartRate,PhysTrax Apple Watch,11.6.1,"Watch7,1","<<HKDevice: 0x133e95500>, name:Apple Watch, manufacturer:Apple Inc., model:Watch, hardware:Watch7,1, software:11.6.1, creation date:2025-09-13 14:18:16 +0000>",2025-10-02 19:02:40 +0000,2025-10-02 19:02:40 +0000,count/min,69.69501495361328,2
HKQuantityTypeIdentifierHeartRate,PhysTrax Apple Watch,11.6.1,"Watch7,1","<<HKDevice: 0x133e95500>, name:Apple Watch, manufacturer:Apple Inc., model:Watch, hardware:Watch7,1, software:11.6.1, creation date:2025-09-13 14:18:16 +0000>",2025-10-02 19:02:45 +0000,2025-10-02 19:02:45 +0000,count/min,66.0,0
HKQuantityTypeIdentifierHeartRate,PhysTrax Apple Watch,11.6.1,"Watch7,1","<<HKDevice: 0x133e95500>, name:Apple Watch, manufacturer:Apple Inc., model:Watch, hardware:Watch7,1, software:11.6.1, creation date:2025-09-13 14:18:16 +0000>",2025-10-02 19:03:08 +0000,2025-10-02 19:03:08 +0000,count/min,70.0,2
HKQuantityTypeIdentifierHeartRate,PhysTrax Apple Watch,11.6.1,"Watch7,1","<<HKDevice: 0x133e95500>, name:Apple Watch, manufacturer:Apple Inc., model:Watch, hardware:Watch7,1, software:11.6.1, creation date:2025-09-13 14:18:16 +0000>",2025-10-02 19:06:18 +0000,2025-10-02 19:06:18 +0000,count/min,69.0,2
HKQuantityTypeIdentifierHeartRate,PhysTrax Apple Watch,11.6.1,"Watch7,1","<<HKDevice: 0x133e95500>, name:Apple Watch, manufacturer:Apple Inc., model:Watch, hardware:Watch7,1, software:11.6.1, creation date:2025-09-13 14:18:16 +0000>",2025-10-02 19:12:15 +0000,2025-10-02 19:12:15 +0000,count/min,68.0,2
HKQuantityTypeIdentifierHeartRate,PhysTrax Apple Watch,11.6.1,"Watch7,1","<<HKDevice: 0x133e95500>, name:Apple Watch, manufacturer:Apple Inc., model:Watch, hardware:Watch7,1, software:11.6.1, creation date:2025-09-13 14:18:16 +0000>",2025-10-02 19:19:55 +0000,2025-10-02 19:19:55 +0000,count/min,69.0,2
HKQuantityTypeIdentifierHeartRate,PhysTrax Apple Watch,11.6.1,"Watch7,1","<<HKDevice: 0x133e95500>, name:Apple Watch, manufacturer:Apple Inc., model:Watch, hardware:Watch7,1, software:11.6.1, creation date:2025-09-13 14:18:16 +0000>",2025-10-02 19:24:39 +0000,2025-10-02 19:24:39 +0000,count/min,66.0,2
HKQuantityTypeIdentifierHeartRate,PhysTrax Apple Watch,11.6.1,"Watch7,1","<<HKDevice: 0x133e95500>, name:Apple Watch, manufacturer:Apple Inc., model:Watch, hardware:Watch7,1, software:11.6.1, creation date:2025-09-13 14:18:16 +0000>",2025-10-02 19:25:16 +0000,2025-10-02 19:25:16 +0000,count/min,118.0,2
HKQuantityTypeIdentifierHeartRate,PhysTrax Apple Watch,11.6.1,"Watch7,1","<<HKDevice: 0x133e95500>, name:Apple Watch, manufacturer:Apple Inc., model:Watch, hardware:Watch7,1, software:11.6.1, creation date:2025-09-13 14:18:16 +0000>",2025-10-02 19:25:18 +0000,2025-10-02 19:25:18 +0000,count/min,117.0,2
HKQuantityTypeIdentifierHeartRate,PhysTrax Apple Watch,11.6.1,"Watch7,1","<<HKDevice: 0x133e95500>, name:Apple Watch, manufacturer:Apple Inc., model:Watch, hardware:Watch7,1, software:11.6.1, creation date:2025-09-13 14:18:16 +0000>",2025-10-02 19:25:46 +0000,2025-10-02 19:25:46 +0000,count/min,117.0,2
HKQuantityTypeIdentifierHeartRate,PhysTrax Apple Watch,11.6.1,"Watch7,1","<<HKDevice: 0x133e95500>, name:Apple Watch, manufacturer:Apple Inc., model:Watch, hardware:Watch7,1, software:11.6.1, creation date:2025-09-13 14:18:16 +0000>",2025-10-02 19:25:51 +0000,2025-10-02 19:25:51 +0000,count/min,115.0,2
HKQuantityTypeIdentifierHeartRate,PhysTrax Apple Watch,11.6.1,"Watch7,1","<<HKDevice: 0x133e95500>, name:Apple Watch, manufacturer:Apple Inc., model:Watch, hardware:Watch7,1, software:11.6.1, creation date:2025-09-13 14:18:16 +0000>",2025-10-02 19:25:55 +0000,2025-10-02 19:25:55 +0000,count/min,112.0,2
HKQuantityTypeIdentifierHeartRate,PhysTrax Apple Watch,11.6.1,"Watch7,1","<<HKDevice: 0x133e95500>, name:Apple Watch, manufacturer:Apple Inc., model:Watch, hardware:Watch7,1, software:11.6.1, creation date:2025-09-13 14:18:16 +0000>",2025-10-02 19:26:01 +0000,2025-10-02 19:26:01 +0000,count/min,116.0,2
HKQuantityTypeIdentifierHeartRate,PhysTrax Apple Watch,11.6.1,"Watch7,1","<<HKDevice: 0x133e95500>, name:Apple Watch, manufacturer:Apple Inc., model:Watch, hardware:Watch7,1, software:11.6.1, creation date:2025-09-13 14:18:16 +0000>",2025-10-02 19:26:06 +0000,2025-10-02 19:26:06 +0000,count/min,115.0,2
HKQuantityTypeIdentifierHeartRate,PhysTrax Apple Watch,11.6.1,"Watch7,1","<<HKDevice: 0x133e95500>, name:Apple Watch, manufacturer:Apple Inc., model:Watch, hardware:Watch7,1, software:11.6.1, creation date:2025-09-13 14:18:16 +0000>",2025-10-02 19:30:33 +0000,2025-10-02 19:30:33 +0000,count/min,108.0,2
HKQuantityTypeIdentifierHeartRate,PhysTrax Apple Watch,11.6.1,"Watch7,1","<<HKDevice: 0x133e95500>, name:Apple Watch, manufacturer:Apple Inc., model:Watch, hardware:Watch7,1, software:11.6.1, creation date:2025-09-13 14:18:16 +0000>",2025-10-02 19:30:40 +0000,2025-10-02 19:30:40 +0000,count/min,108.0,2
HKQuantityTypeIdentifierHeartRate,PhysTrax Apple Watch,11.6.1,"Watch7,1","<<HKDevice: 0x133e95500>, name:Apple Watch, manufacturer:Apple Inc., model:Watch, hardware:Watch7,1, software:11.6.1, creation date:2025-09-13 14:18:16 +0000>",2025-10-02 19:30:42 +0000,2025-10-02 19:30:42 +0000,count/min,109.0,2
HKQuantityTypeIdentifierHeartRate,PhysTrax Apple Watch,11.6.1,"Watch7,1","<<HKDevice: 0x133e95500>, name:Apple Watch, manufacturer:Apple Inc., model:Watch, hardware:Watch7,1, software:11.6.1, creation date:2025-09-13 14:18:16 +0000>",2025-10-02 19:31:06 +0000,2025-10-02 19:31:06 +0000,count/min,114.0,2
HKQuantityTypeIdentifierHeartRate,PhysTrax Apple Watch,11.6.1,"Watch7,1","<<HKDevice: 0x133e95500>, name:Apple Watch, manufacturer:Apple Inc., model:Watch, hardware:Watch7,1, software:11.6.1, creation date:2025-09-13 14:18:16 +0000>",2025-10-02 19:31:09 +0000,2025-10-02 19:31:09 +0000,count/min,118.0,2
HKQuantityTypeIdentifierHeartRate,PhysTrax Apple Watch,11.6.1,"Watch7,1","<<HKDevice: 0x133e95500>, name:Apple Watch, manufacturer:Apple Inc., model:Watch, hardware:Watch7,1, software:11.6.1, creation date:2025-09-13 14:18:16 +0000>",2025-10-02 19:31:12 +0000,2025-10-02 19:31:12 +0000,count/min,116.0,2
HKQuantityTypeIdentifierHeartRate,PhysTrax Apple Watch,11.6.1,"Watch7,1","<<HKDevice: 0x133e95500>, name:Apple Watch, manufacturer:Apple Inc., model:Watch, hardware:Watch7,1, software:11.6.1, creation date:2025-09-13 14:18:16 +0000>",2025-10-02 19:31:17 +0000,2025-10-02 19:31:17 +0000,count/min,113.0,2
HKQuantityTypeIdentifierHeartRate,PhysTrax Apple Watch,11.6.1,"Watch7,1","<<HKDevice: 0x133e95500>, name:Apple Watch, manufacturer:Apple Inc., model:Watch, hardware:Watch7,1, software:11.6.1, creation date:2025-09-13 14:18:16 +0000>",2025-10-02 19:31:26 +0000,2025-10-02 19:31:26 +0000,count/min,122.0,2
HKQuantityTypeIdentifierHeartRate,PhysTrax Apple Watch,11.6.1,"Watch7,1","<<HKDevice: 0x133e95500>, name:Apple Watch, manufacturer:Apple Inc., model:Watch, hardware:Watch7,1, software:11.6.1, creation date:2025-09-13 14:18:16 +0000>",2025-10-02 19:31:31 +0000,2025-10-02 19:31:31 +0000,count/min,122.0,2
HKQuantityTypeIdentifierHeartRate,PhysTrax Apple Watch,11.6.1,"Watch7,1","<<HKDevice: 0x133e95500>, name:Apple Watch, manufacturer:Apple Inc., model:Watch, hardware:Watch7,1, software:11.6.1, creation date:2025-09-13 14:18:16 +0000>",2025-10-02 19:31:32 +0000,2025-10-02 19:31:32 +0000,count/min,121.0,2
HKQuantityTypeIdentifierHeartRate,PhysTrax Apple Watch,11.6.1,"Watch7,1","<<HKDevice: 0x133e95500>, name:Apple Watch, manufacturer:Apple Inc., model:Watch, hardware:Watch7,1, software:11.6.1, creation date:2025-09-13 14:18:16 +0000>",2025-10-02 19:31:37 +0000,2025-10-02 19:31:37 +0000,count/min,116.0,2
HKQuantityTypeIdentifierHeartRate,PhysTrax Apple Watch,11.6.1,"Watch7,1","<<HKDevice: 0x133e95500>, name:Apple Watch, manufacturer:Apple Inc., model:Watch, hardware:Watch7,1, software:11.6.1, creation date:2025-09-13 14:18:16 +0000>",2025-10-02 19:31:42 +0000,2025-10-02 19:31:42 +0000,count/min,113.0,2
HKQuantityTypeIdentifierHeartRate,PhysTrax Apple Watch,11.6.1,"Watch7,1","<<HKDevice: 0x133e95500>, name:Apple Watch, manufacturer:Apple Inc., model:Watch, hardware:Watch7,1, software:11.6.1, creation date:2025-09-13 14:18:16 +0000>",2025-10-02 19:31:47 +0000,2025-10-02 19:31:47 +0000,count/min,109.0,2
HKQuantityTypeIdentifierHeartRate,PhysTrax Apple Watch,11.6.1,"Watch7,1","<<HKDevice: 0x133e95500>, name:Apple Watch, manufacturer:Apple Inc., model:Watch, hardware:Watch7,1, software:11.6.1, creation date:2025-09-13 14:18:16 +0000>",2025-10-02 19:31:56 +0000,2025-10-02 19:31:56 +0000,count/min,100.0,2
HKQuantityTypeIdentifierHeartRate,PhysTrax Apple Watch,11.6.1,"Watch7,1","<<HKDevice: 0x133e95500>, name:Apple Watch, manufacturer:Apple Inc., model:Watch, hardware:Watch7,1, software:11.6.1, creation date:2025-09-13 14:18:16 +0000>",2025-10-02 19:31:59 +0000,2025-10-02 19:31:59 +0000,count/min,100.0,2
HKQuantityTypeIdentifierHeartRate,PhysTrax Apple Watch,11.6.1,"Watch7,1","<<HKDevice: 0x133e95500>, name:Apple Watch, manufacturer:Apple Inc., model:Watch, hardware:Watch7,1, software:11.6.1, creation date:2025-09-13 14:18:16 +0000>",2025-10-02 19:32:02 +0000,2025-10-02 19:32:02 +0000,count/min,97.0,2
HKQuantityTypeIdentifierHeartRate,PhysTrax Apple Watch,11.6.1,"Watch7,1","<<HKDevice: 0x133e95500>, name:Apple Watch, manufacturer:Apple Inc., model:Watch, hardware:Watch7,1, software:11.6.1, creation date:2025-09-13 14:18:16 +0000>",2025-10-02 19:32:10 +0000,2025-10-02 19:32:10 +0000,count/min,99.0,2
HKQuantityTypeIdentifierHeartRate,PhysTrax Apple Watch,11.6.1,"Watch7,1","<<HKDevice: 0x133e95500>, name:Apple Watch, manufacturer:Apple Inc., model:Watch, hardware:Watch7,1, software:11.6.1, creation date:2025-09-13 14:18:16 +0000>",2025-10-02 19:32:15 +0000,2025-10-02 19:32:15 +0000,count/min,106.0,2
HKQuantityTypeIdentifierHeartRate,PhysTrax Apple Watch,11.6.1,"Watch7,1","<<HKDevice: 0x133e95500>, name:Apple Watch, manufacturer:Apple Inc., model:Watch, hardware:Watch7,1, software:11.6.1, creation date:2025-09-13 14:18:16 +0000>",2025-10-02 19:32:20 +0000,2025-10-02 19:32:20 +0000,count/min,106.0,2
HKQuantityTypeIdentifierHeartRate,PhysTrax Apple Watch,11.6.1,"Watch7,1","<<HKDevice: 0x133e95500>, name:Apple Watch, manufacturer:Apple Inc., model:Watch, hardware:Watch7,1, software:11.6.1, creation date:2025-09-13 14:18:16 +0000>",2025-10-02 19:32:26 +0000,2025-10-02 19:32:26 +0000,count/min,105.0,2
HKQuantityTypeIdentifierHeartRate,PhysTrax Apple Watch,11.6.1,"Watch7,1","<<HKDevice: 0x133e95500>, name:Apple Watch, manufacturer:Apple Inc., model:Watch, hardware:Watch7,1, software:11.6.1, creation date:2025-09-13 14:18:16 +0000>",2025-10-02 19:32:31 +0000,2025-10-02 19:32:31 +0000,count/min,108.0,2
HKQuantityTypeIdentifierHeartRate,PhysTrax Apple Watch,11.6.1,"Watch7,1","<<HKDevice: 0x133e95500>, name:Apple Watch, manufacturer:Apple Inc., model:Watch, hardware:Watch7,1, software:11.6.1, creation date:2025-09-13 14:18:16 +0000>",2025-10-02 19:32:33 +0000,2025-10-02 19:32:33 +0000,count/min,109.0,2
HKQuantityTypeIdentifierHeartRate,PhysTrax Apple Watch,11.6.1,"Watch7,1","<<HKDevice: 0x133e95500>, name:Apple Watch, manufacturer:Apple Inc., model:Watch, hardware:Watch7,1, software:11.6.1, creation date:2025-09-13 14:18:16 +0000>",2025-10-02 19:32:37 +0000,2025-10-02 19:32:37 +0000,count/min,113.0,2
HKQuantityTypeIdentifierHeartRate,PhysTrax Apple Watch,11.6.1,"Watch7,1","<<HKDevice: 0x133e95500>, name:Apple Watch, manufacturer:Apple Inc., model:Watch, hardware:Watch7,1, software:11.6.1, creation date:2025-09-13 14:18:16 +0000>",2025-10-02 19:32:42 +0000,2025-10-02 19:32:42 +0000,count/min,108.0,2
HKQuantityTypeIdentifierHeartRate,PhysTrax Apple Watch,11.6.1,"Watch7,1","<<HKDevice: 0x133e95500>, name:Apple Watch, manufacturer:Apple Inc., model:Watch, hardware:Watch7,1, software:11.6.1, creation date:2025-09-13 14:18:16 +0000>",2025-10-02 19:32:47 +0000,2025-10-02 19:32:47 +0000,count/min,102.0,2
HKQuantityTypeIdentifierHeartRate,PhysTrax Apple Watch,11.6.1,"Watch7,1","<<HKDevice: 0x133e95500>, name:Apple Watch, manufacturer:Apple Inc., model:Watch, hardware:Watch7,1, software:11.6.1, creation date:2025-09-13 14:18:16 +0000>",2025-10-02 19:32:55 +0000,2025-10-02 19:32:55 +0000,count/min,106.0,2
HKQuantityTypeIdentifierHeartRate,PhysTrax Apple Watch,11.6.1,"Watch7,1","<<HKDevice: 0x133e95500>, name:Apple Watch, manufacturer:Apple Inc., model:Watch, hardware:Watch7,1, software:11.6.1, creation date:2025-09-13 14:18:16 +0000>",2025-10-02 19:32:57 +0000,2025-10-02 19:32:57 +0000,count/min,105.0,2
HKQuantityTypeIdentifierHeartRate,PhysTrax Apple Watch,11.6.1,"Watch7,1","<<HKDevice: 0x133e95500>, name:Apple Watch, manufacturer:Apple Inc., model:Watch, hardware:Watch7,1, software:11.6.1, creation date:2025-09-13 14:18:16 +0000>",2025-10-02 19:33:06 +0000,2025-10-02 19:33:06 +0000,count/min,100.0,2
HKQuantityTypeIdentifierHeartRate,PhysTrax Apple Watch,11.6.1,"Watch7,1","<<HKDevice: 0x133e95500>, name:Apple Watch, manufacturer:Apple Inc., model:Watch, hardware:Watch7,1, software:11.6.1, creation date:2025-09-13 14:18:16 +0000>",2025-10-02 19:33:11 +0000,2025-10-02 19:33:11 +0000,count/min,99.0,2
HKQuantityTypeIdentifierHeartRate,PhysTrax Apple Watch,11.6.1,"Watch7,1","<<HKDevice: 0x133e95500>, name:Apple Watch, manufacturer:Apple Inc., model:Watch, hardware:Watch7,1, software:11.6.1, creation date:2025-09-13 14:18:16 +0000>",2025-10-02 19:33:16 +0000,2025-10-02 19:33:16 +0000,count/min,101.0,2
HKQuantityTypeIdentifierHeartRate,PhysTrax Apple Watch,11.6.1,"Watch7,1","<<HKDevice: 0x133e95500>, name:Apple Watch, manufacturer:Apple Inc., model:Watch, hardware:Watch7,1, software:11.6.1, creation date:2025-09-13 14:18:16 +0000>",2025-10-02 19:33:17 +0000,2025-10-02 19:33:17 +0000,count/min,99.0,2
HKQuantityTypeIdentifierHeartRate,PhysTrax Apple Watch,11.6.1,"Watch7,1","<<HKDevice: 0x133e95500>, name:Apple Watch, manufacturer:Apple Inc., model:Watch, hardware:Watch7,1, software:11.6.1, creation date:2025-09-13 14:18:16 +0000>",2025-10-02 19:33:22 +0000,2025-10-02 19:33:22 +0000,count/min,102.0,2
HKQuantityTypeIdentifierHeartRate,PhysTrax Apple Watch,11.6.1,"Watch7,1","<<HKDevice: 0x133e95500>, name:Apple Watch, manufacturer:Apple Inc., model:Watch, hardware:Watch7,1, software:11.6.1, creation date:2025-09-13 14:18:16 +0000>",2025-10-02 19:33:31 +0000,2025-10-02 19:33:31 +0000,count/min,99.0,2
HKQuantityTypeIdentifierHeartRate,PhysTrax Apple Watch,11.6.1,"Watch7,1","<<HKDevice: 0x133e95500>, name:Apple Watch, manufacturer:Apple Inc., model:Watch, hardware:Watch7,1, software:11.6.1, creation date:2025-09-13 14:18:16 +0000>",2025-10-02 19:33:36 +0000,2025-10-02 19:33:36 +0000,count/min,95.0,2
HKQuantityTypeIdentifierHeartRate,PhysTrax Apple Watch,11.6.1,"Watch7,1","<<HKDevice: 0x133e95500>, name:Apple Watch, manufacturer:Apple Inc., model:Watch, hardware:Watch7,1, software:11.6.1, creation date:2025-09-13 14:18:16 +0000>",2025-10-02 19:33:41 +0000,2025-10-02 19:33:41 +0000,count/min,98.0,2
HKQuantityTypeIdentifierHeartRate,PhysTrax Apple Watch,11.6.1,"Watch7,1","<<HKDevice: 0x133e95500>, name:Apple Watch, manufacturer:Apple Inc., model:Watch, hardware:Watch7,1, software:11.6.1, creation date:2025-09-13 14:18:16 +0000>",2025-10-02 19:33:46 +0000,2025-10-02 19:33:46 +0000,count/min,99.0,2
HKQuantityTypeIdentifierHeartRate,PhysTrax Apple Watch,11.6.1,"Watch7,1","<<HKDevice: 0x133e95500>, name:Apple Watch, manufacturer:Apple Inc., model:Watch, hardware:Watch7,1, software:11.6.1, creation date:2025-09-13 14:18:16 +0000>",2025-10-02 19:33:47 +0000,2025-10-02 19:33:47 +0000,count/min,98.0,2
HKQuantityTypeIdentifierHeartRate,PhysTrax Apple Watch,11.6.1,"Watch7,1","<<HKDevice: 0x133e95500>, name:Apple Watch, manufacturer:Apple Inc., model:Watch, hardware:Watch7,1, software:11.6.1, creation date:2025-09-13 14:18:16 +0000>",2025-10-02 19:33:56 +0000,2025-10-02 19:33:56 +0000,count/min,101.0,2
HKQuantityTypeIdentifierHeartRate,PhysTrax Apple Watch,11.6.1,"Watch7,1","<<HKDevice: 0x133e95500>, name:Apple Watch, manufacturer:Apple Inc., model:Watch, hardware:Watch7,1, software:11.6.1, creation date:2025-09-13 14:18:16 +0000>",2025-10-02 19:33:59 +0000,2025-10-02 19:33:59 +0000,count/min,96.0,2
HKQuantityTypeIdentifierHeartRate,PhysTrax Apple Watch,11.6.1,"Watch7,1","<<HKDevice: 0x133e95500>, name:Apple Watch, manufacturer:Apple Inc., model:Watch, hardware:Watch7,1, software:11.6.1, creation date:2025-09-13 14:18:16 +0000>",2025-10-02 19:34:06 +0000,2025-10-02 19:34:06 +0000,count/min,101.0,2
HKQuantityTypeIdentifierHeartRate,PhysTrax Apple Watch,11.6.1,"Watch7,1","<<HKDevice: 0x133e95500>, name:Apple Watch, manufacturer:Apple Inc., model:Watch, hardware:Watch7,1, software:11.6.1, creation date:2025-09-13 14:18:16 +0000>",2025-10-02 19:34:11 +0000,2025-10-02 19:34:11 +0000,count/min,97.0,2
HKQuantityTypeIdentifierHeartRate,PhysTrax Apple Watch,11.6.1,"Watch7,1","<<HKDevice: 0x133e95500>, name:Apple Watch, manufacturer:Apple Inc., model:Watch, hardware:Watch7,1, software:11.6.1, creation date:2025-09-13 14:18:16 +0000>",2025-10-02 19:34:15 +0000,2025-10-02 19:34:15 +0000,count/min,103.0,2
HKQuantityTypeIdentifierHeartRate,PhysTrax Apple Watch,11.6.1,"Watch7,1","<<HKDevice: 0x133e95500>, name:Apple Watch, manufacturer:Apple Inc., model:Watch, hardware:Watch7,1, software:11.6.1, creation date:2025-09-13 14:18:16 +0000>",2025-10-02 19:34:21 +0000,2025-10-02 19:34:21 +0000,count/min,105.0,2
HKQuantityTypeIdentifierHeartRate,PhysTrax Apple Watch,11.6.1,"Watch7,1","<<HKDevice: 0x133e95500>, name:Apple Watch, manufacturer:Apple Inc., model:Watch, hardware:Watch7,1, software:11.6.1, creation date:2025-09-13 14:18:16 +0000>",2025-10-02 19:34:22 +0000,2025-10-02 19:34:22 +0000,count/min,104.0,2
HKQuantityTypeIdentifierHeartRate,PhysTrax Apple Watch,11.6.1,"Watch7,1","<<HKDevice: 0x133e95500>, name:Apple Watch, manufacturer:Apple Inc., model:Watch, hardware:Watch7,1, software:11.6.1, creation date:2025-09-13 14:18:16 +0000>",2025-10-02 19:34:30 +0000,2025-10-02 19:34:30 +0000,count/min,98.0,2
HKQuantityTypeIdentifierHeartRate,PhysTrax Apple Watch,11.6.1,"Watch7,1","<<HKDevice: 0x133e95500>, name:Apple Watch, manufacturer:Apple Inc., model:Watch, hardware:Watch7,1, software:11.6.1, creation date:2025-09-13 14:18:16 +0000>",2025-10-02 19:34:36 +0000,2025-10-02 19:34:36 +0000,count/min,96.0,2
HKQuantityTypeIdentifierHeartRate,PhysTrax Apple Watch,11.6.1,"Watch7,1","<<HKDevice: 0x133e95500>, name:Apple Watch, manufacturer:Apple Inc., model:Watch, hardware:Watch7,1, software:11.6.1, creation date:2025-09-13 14:18:16 +0000>",2025-10-02 19:34:37 +0000,2025-10-02 19:34:37 +0000,count/min,97.0,2
HKQuantityTypeIdentifierHeartRate,PhysTrax Apple Watch,11.6.1,"Watch7,1","<<HKDevice: 0x133e95500>, name:Apple Watch, manufacturer:Apple Inc., model:Watch, hardware:Watch7,1, software:11.6.1, creation date:2025-09-13 14:18:16 +0000>",2025-10-02 19:34:42 +0000,2025-10-02 19:34:42 +0000,count/min,105.0,2
HKQuantityTypeIdentifierHeartRate,PhysTrax Apple Watch,11.6.1,"Watch7,1","<<HKDevice: 0x133e95500>, name:Apple Watch, manufacturer:Apple Inc., model:Watch, hardware:Watch7,1, software:11.6.1, creation date:2025-09-13 14:18:16 +0000>",2025-10-02 19:34:47 +0000,2025-10-02 19:34:47 +0000,count/min,99.0,2
HKQuantityTypeIdentifierHeartRate,PhysTrax Apple Watch,11.6.1,"Watch7,1","<<HKDevice: 0x133e95500>, name:Apple Watch, manufacturer:Apple Inc., model:Watch, hardware:Watch7,1, software:11.6.1, creation date:2025-09-13 14:18:16 +0000>",2025-10-02 19:34:52 +0000,2025-10-02 19:34:52 +0000,count/min,102.0,2
HKQuantityTypeIdentifierHeartRate,PhysTrax Apple Watch,11.6.1,"Watch7,1","<<HKDevice: 0x133e95500>, name:Apple Watch, manufacturer:Apple Inc., model:Watch, hardware:Watch7,1, software:11.6.1, creation date:2025-09-13 14:18:16 +0000>",2025-10-02 19:35:01 +0000,2025-10-02 19:35:01 +0000,count/min,97.0,2
HKQuantityTypeIdentifierHeartRate,PhysTrax Apple Watch,11.6.1,"Watch7,1","<<HKDevice: 0x133e95500>, name:Apple Watch, manufacturer:Apple Inc., model:Watch, hardware:Watch7,1, software:11.6.1, creation date:2025-09-13 14:18:16 +0000>",2025-10-02 19:35:05 +0000,2025-10-02 19:35:05 +0000,count/min,101.0,2
HKQuantityTypeIdentifierHeartRate,PhysTrax Apple Watch,11.6.1,"Watch7,1","<<HKDevice: 0x133e95500>, name:Apple Watch, manufacturer:Apple Inc., model:Watch, hardware:Watch7,1, software:11.6.1, creation date:2025-09-13 14:18:16 +0000>",2025-10-02 19:35:09 +0000,2025-10-02 19:35:09 +0000,count/min,102.0,2
HKQuantityTypeIdentifierHeartRate,PhysTrax Apple Watch,11.6.1,"Watch7,1","<<HKDevice: 0x133e95500>, name:Apple Watch, manufacturer:Apple Inc., model:Watch, hardware:Watch7,1, software:11.6.1, creation date:2025-09-13 14:18:16 +0000>",2025-10-02 19:35:16 +0000,2025-10-02 19:35:16 +0000,count/min,102.0,2
HKQuantityTypeIdentifierHeartRate,PhysTrax Apple Watch,11.6.1,"Watch7,1","<<HKDevice: 0x133e95500>, name:Apple Watch, manufacturer:Apple Inc., model:Watch, hardware:Watch7,1, software:11.6.1, creation date:2025-09-13 14:18:16 +0000>",2025-10-02 19:35:19 +0000,2025-10-02 19:35:19 +0000,count/min,105.0,2
HKQuantityTypeIdentifierHeartRate,PhysTrax Apple Watch,11.6.1,"Watch7,1","<<HKDevice: 0x133e95500>, name:Apple Watch, manufacturer:Apple Inc., model:Watch, hardware:Watch7,1, software:11.6.1, creation date:2025-09-13 14:18:16 +0000>",2025-10-02 19:35:25 +0000,2025-10-02 19:35:25 +0000,count/min,102.0,2
HKQuantityTypeIdentifierHeartRate,PhysTrax Apple Watch,11.6.1,"Watch7,1","<<HKDevice: 0x133e95500>, name:Apple Watch, manufacturer:Apple Inc., model:Watch, hardware:Watch7,1, software:11.6.1, creation date:2025-09-13 14:18:16 +0000>",2025-10-02 19:35:30 +0000,2025-10-02 19:35:30 +0000,count/min,105.0,2
HKQuantityTypeIdentifierHeartRate,PhysTrax Apple Watch,11.6.1,"Watch7,1","<<HKDevice: 0x133e95500>, name:Apple Watch, manufacturer:Apple Inc., model:Watch, hardware:Watch7,1, software:11.6.1, creation date:2025-09-13 14:18:16 +0000>",2025-10-02 19:35:32 +0000,2025-10-02 19:35:32 +0000,count/min,105.0,2
HKQuantityTypeIdentifierHeartRate,PhysTrax Apple Watch,11.6.1,"Watch7,1","<<HKDevice: 0x133e95500>, name:Apple Watch, manufacturer:Apple Inc., model:Watch, hardware:Watch7,1, software:11.6.1, creation date:2025-09-13 14:18:16 +0000>",2025-10-02 19:35:41 +0000,2025-10-02 19:35:41 +0000,count/min,109.0,2
HKQuantityTypeIdentifierHeartRate,PhysTrax Apple Watch,11.6.1,"Watch7,1","<<HKDevice: 0x133e95500>, name:Apple Watch, manufacturer:Apple Inc., model:Watch, hardware:Watch7,1, software:11.6.1, creation date:2025-09-13 14:18:16 +0000>",2025-10-02 19:35:42 +0000,2025-10-02 19:35:42 +0000,count/min,109.0,2
HKQuantityTypeIdentifierHeartRate,PhysTrax Apple Watch,11.6.1,"Watch7,1","<<HKDevice: 0x133e95500>, name:Apple Watch, manufacturer:Apple Inc., model:Watch, hardware:Watch7,1, software:11.6.1, creation date:2025-09-13 14:18:16 +0000>",2025-10-02 19:35:47 +0000,2025-10-02 19:35:47 +0000,count/min,103.0,2
HKQuantityTypeIdentifierHeartRate,PhysTrax Apple Watch,11.6.1,"Watch7,1","<<HKDevice: 0x133e95500>, name:Apple Watch, manufacturer:Apple Inc., model:Watch, hardware:Watch7,1, software:11.6.1, creation date:2025-09-13 14:18:16 +0000>",2025-10-02 19:35:56 +0000,2025-10-02 19:35:56 +0000,count/min,89.0,2
HKQuantityTypeIdentifierHeartRate,PhysTrax Apple Watch,11.6.1,"Watch7,1","<<HKDevice: 0x133e95500>, name:Apple Watch, manufacturer:Apple Inc., model:Watch, hardware:Watch7,1, software:11.6.1, creation date:2025-09-13 14:18:16 +0000>",2025-10-02 19:35:59 +0000,2025-10-02 19:35:59 +0000,count/min,84.0,2
HKQuantityTypeIdentifierHeartRate,PhysTrax Apple Watch,11.6.1,"Watch7,1","<<HKDevice: 0x133e95500>, name:Apple Watch, manufacturer:Apple Inc., model:Watch, hardware:Watch7,1, software:11.6.1, creation date:2025-09-13 14:18:16 +0000>",2025-10-02 19:36:04 +0000,2025-10-02 19:36:04 +0000,count/min,87.0,2
HKQuantityTypeIdentifierHeartRate,PhysTrax Apple Watch,11.6.1,"Watch7,1","<<HKDevice: 0x133e95500>, name:Apple Watch, manufacturer:Apple Inc., model:Watch, hardware:Watch7,1, software:11.6.1, creation date:2025-09-13 14:18:16 +0000>",2025-10-02 19:36:11 +0000,2025-10-02 19:36:11 +0000,count/min,86.0,2
HKQuantityTypeIdentifierHeartRate,PhysTrax Apple Watch,11.6.1,"Watch7,1","<<HKDevice: 0x133e95500>, name:Apple Watch, manufacturer:Apple Inc., model:Watch, hardware:Watch7,1, software:11.6.1, creation date:2025-09-13 14:18:16 +0000>",2025-10-02 19:36:12 +0000,2025-10-02 19:36:12 +0000,count/min,87.0,2
HKQuantityTypeIdentifierHeartRate,PhysTrax Apple Watch,11.6.1,"Watch7,1","<<HKDevice: 0x133e95500>, name:Apple Watch, manufacturer:Apple Inc., model:Watch, hardware:Watch7,1, software:11.6.1, creation date:2025-09-13 14:18:16 +0000>",2025-10-02 19:36:21 +0000,2025-10-02 19:36:21 +0000,count/min,84.0,2
HKQuantityTypeIdentifierHeartRate,PhysTrax Apple Watch,11.6.1,"Watch7,1","<<HKDevice: 0x133e95500>, name:Apple Watch, manufacturer:Apple Inc., model:Watch, hardware:Watch7,1, software:11.6.1, creation date:2025-09-13 14:18:16 +0000>",2025-10-02 19:36:26 +0000,2025-10-02 19:36:26 +0000,count/min,76.0,2
HKQuantityTypeIdentifierHeartRate,PhysTrax Apple Watch,11.6.1,"Watch7,1","<<HKDevice: 0x133e95500>, name:Apple Watch, manufacturer:Apple Inc., model:Watch, hardware:Watch7,1, software:11.6.1, creation date:2025-09-13 14:18:16 +0000>",2025-10-02 19:36:28 +0000,2025-10-02 19:36:28 +0000,count/min,77.00000000000001,2
HKQuantityTypeIdentifierHeartRate,PhysTrax Apple Watch,11.6.1,"Watch7,1","<<HKDevice: 0x133e95500>, name:Apple Watch, manufacturer:Apple Inc., model:Watch, hardware:Watch7,1, software:11.6.1, creation date:2025-09-13 14:18:16 +0000>",2025-10-02 19:36:32 +0000,2025-10-02 19:36:32 +0000,count/min,76.0,2
HKQuantityTypeIdentifierHeartRate,PhysTrax Apple Watch,11.6.1,"Watch7,1","<<HKDevice: 0x133e95500>, name:Apple Watch, manufacturer:Apple Inc., model:Watch, hardware:Watch7,1, software:11.6.1, creation date:2025-09-13 14:18:16 +0000>",2025-10-02 19:36:41 +0000,2025-10-02 19:36:41 +0000,count/min,79.0,2
HKQuantityTypeIdentifierHeartRate,PhysTrax Apple Watch,11.6.1,"Watch7,1","<<HKDevice: 0x133e95500>, name:Apple Watch, manufacturer:Apple Inc., model:Watch, hardware:Watch7,1, software:11.6.1, creation date:2025-09-13 14:18:16 +0000>",2025-10-02 19:36:42 +0000,2025-10-02 19:36:42 +0000,count/min,79.0,2
HKQuantityTypeIdentifierHeartRate,PhysTrax Apple Watch,11.6.1,"Watch7,1","<<HKDevice: 0x133e95500>, name:Apple Watch, manufacturer:Apple Inc., model:Watch, hardware:Watch7,1, software:11.6.1, creation date:2025-09-13 14:18:16 +0000>",2025-10-02 19:36:47 +0000,2025-10-02 19:36:47 +0000,count/min,78.0,2
HKQuantityTypeIdentifierHeartRate,PhysTrax Apple Watch,11.6.1,"Watch7,1","<<HKDevice: 0x133e95500>, name:Apple Watch, manufacturer:Apple Inc., model:Watch, hardware:Watch7,1, software:11.6.1, creation date:2025-09-13 14:18:16 +0000>",2025-10-02 19:36:52 +0000,2025-10-02 19:36:52 +0000,count/min,86.0,2
HKQuantityTypeIdentifierHeartRate,PhysTrax Apple Watch,11.6.1,"Watch7,1","<<HKDevice: 0x133e95500>, name:Apple Watch, manufacturer:Apple Inc., model:Watch, hardware:Watch7,1, software:11.6.1, creation date:2025-09-13 14:18:16 +0000>",2025-10-02 19:37:01 +0000,2025-10-02 19:37:01 +0000,count/min,103.0,2
HKQuantityTypeIdentifierHeartRate,PhysTrax Apple Watch,11.6.1,"Watch7,1","<<HKDevice: 0x133e95500>, name:Apple Watch, manufacturer:Apple Inc., model:Watch, hardware:Watch7,1, software:11.6.1, creation date:2025-09-13 14:18:16 +0000>",2025-10-02 19:37:02 +0000,2025-10-02 19:37:02 +0000,count/min,103.0,2
HKQuantityTypeIdentifierHeartRate,PhysTrax Apple Watch,11.6.1,"Watch7,1","<<HKDevice: 0x133e95500>, name:Apple Watch, manufacturer:Apple Inc., model:Watch, hardware:Watch7,1, software:11.6.1, creation date:2025-09-13 14:18:16 +0000>",2025-10-02 19:37:07 +0000,2025-10-02 19:37:07 +0000,count/min,107.00000000000001,2
HKQuantityTypeIdentifierHeartRate,PhysTrax Apple Watch,11.6.1,"Watch7,1","<<HKDevice: 0x133e95500>, name:Apple Watch, manufacturer:Apple Inc., model:Watch, hardware:Watch7,1, software:11.6.1, creation date:2025-09-13 14:18:16 +0000>",2025-10-02 19:37:12 +0000,2025-10-02 19:37:12 +0000,count/min,108.0,2
HKQuantityTypeIdentifierHeartRate,PhysTrax Apple Watch,11.6.1,"Watch7,1","<<HKDevice: 0x133e95500>, name:Apple Watch, manufacturer:Apple Inc., model:Watch, hardware:Watch7,1, software:11.6.1, creation date:2025-09-13 14:18:16 +0000>",2025-10-02 19:37:17 +0000,2025-10-02 19:37:17 +0000,count/min,104.0,2
HKQuantityTypeIdentifierHeartRate,PhysTrax Apple Watch,11.6.1,"Watch7,1","<<HKDevice: 0x133e95500>, name:Apple Watch, manufacturer:Apple Inc., model:Watch, hardware:Watch7,1, software:11.6.1, creation date:2025-09-13 14:18:16 +0000>",2025-10-02 19:37:26 +0000,2025-10-02 19:37:26 +0000,count/min,99.0,2
HKQuantityTypeIdentifierHeartRate,PhysTrax Apple Watch,11.6.1,"Watch7,1","<<HKDevice: 0x133e95500>, name:Apple Watch, manufacturer:Apple Inc., model:Watch, hardware:Watch7,1, software:11.6.1, creation date:2025-09-13 14:18:16 +0000>",2025-10-02 19:37:29 +0000,2025-10-02 19:37:29 +0000,count/min,102.0,2
HKQuantityTypeIdentifierHeartRate,PhysTrax Apple Watch,11.6.1,"Watch7,1","<<HKDevice: 0x133e95500>, name:Apple Watch, manufacturer:Apple Inc., model:Watch, hardware:Watch7,1, software:11.6.1, creation date:2025-09-13 14:18:16 +0000>",2025-10-02 19:37:32 +0000,2025-10-02 19:37:32 +0000,count/min,102.0,2
HKQuantityTypeIdentifierHeartRate,PhysTrax Apple Watch,11.6.1,"Watch7,1","<<HKDevice: 0x133e95500>, name:Apple Watch, manufacturer:Apple Inc., model:Watch, hardware:Watch7,1, software:11.6.1, creation date:2025-09-13 14:18:16 +0000>",2025-10-02 19:37:41 +0000,2025-10-02 19:37:41 +0000,count/min,103.0,2
HKQuantityTypeIdentifierHeartRate,PhysTrax Apple Watch,11.6.1,"Watch7,1","<<HKDevice: 0x133e95500>, name:Apple Watch, manufacturer:Apple Inc., model:Watch, hardware:Watch7,1, software:11.6.1, creation date:2025-09-13 14:18:16 +0000>",2025-10-02 19:37:46 +0000,2025-10-02 19:37:46 +0000,count/min,103.0,2
HKQuantityTypeIdentifierHeartRate,PhysTrax Apple Watch,11.6.1,"Watch7,1","<<HKDevice: 0x133e95500>, name:Apple Watch, manufacturer:Apple Inc., model:Watch, hardware:Watch7,1, software:11.6.1, creation date:2025-09-13 14:18:16 +0000>",2025-10-02 19:37:47 +0000,2025-10-02 19:37:47 +0000,count/min,104.0,2
HKQuantityTypeIdentifierHeartRate,PhysTrax Apple Watch,11.6.1,"Watch7,1","<<HKDevice: 0x133e95500>, name:Apple Watch, manufacturer:Apple Inc., model:Watch, hardware:Watch7,1, software:11.6.1, creation date:2025-09-13 14:18:16 +0000>",2025-10-02 19:37:52 +0000,2025-10-02 19:37:52 +0000,count/min,105.0,2
HKQuantityTypeIdentifierHeartRate,PhysTrax Apple Watch,11.6.1,"Watch7,1","<<HKDevice: 0x133e95500>, name:Apple Watch, manufacturer:Apple Inc., model:Watch, hardware:Watch7,1, software:11.6.1, creation date:2025-09-13 14:18:16 +0000>",2025-10-02 19:38:01 +0000,2025-10-02 19:38:01 +0000,count/min,97.0,2
HKQuantityTypeIdentifierHeartRate,PhysTrax Apple Watch,11.6.1,"Watch7,1","<<HKDevice: 0x133e95500>, name:Apple Watch, manufacturer:Apple Inc., model:Watch, hardware:Watch7,1, software:11.6.1, creation date:2025-09-13 14:18:16 +0000>",2025-10-02 19:38:04 +0000,2025-10-02 19:38:04 +0000,count/min,98.0,2
HKQuantityTypeIdentifierHeartRate,PhysTrax Apple Watch,11.6.1,"Watch7,1","<<HKDevice: 0x133e95500>, name:Apple Watch, manufacturer:Apple Inc., model:Watch, hardware:Watch7,1, software:11.6.1, creation date:2025-09-13 14:18:16 +0000>",2025-10-02 19:38:07 +0000,2025-10-02 19:38:07 +0000,count/min,99.0,2
HKQuantityTypeIdentifierHeartRate,PhysTrax Apple Watch,11.6.1,"Watch7,1","<<HKDevice: 0x133e95500>, name:Apple Watch, manufacturer:Apple Inc., model:Watch, hardware:Watch7,1, software:11.6.1, creation date:2025-09-13 14:18:16 +0000>",2025-10-02 19:38:12 +0000,2025-10-02 19:38:12 +0000,count/min,99.0,2
HKQuantityTypeIdentifierHeartRate,PhysTrax Apple Watch,11.6.1,"Watch7,1","<<HKDevice: 0x133e95500>, name:Apple Watch, manufacturer:Apple Inc., model:Watch, hardware:Watch7,1, software:11.6.1, creation date:2025-09-13 14:18:16 +0000>",2025-10-02 19:38:21 +0000,2025-10-02 19:38:21 +0000,count/min,106.0,2
HKQuantityTypeIdentifierHeartRate,PhysTrax Apple Watch,11.6.1,"Watch7,1","<<HKDevice: 0x133e95500>, name:Apple Watch, manufacturer:Apple Inc., model:Watch, hardware:Watch7,1, software:11.6.1, creation date:2025-09-13 14:18:16 +0000>",2025-10-02 19:38:26 +0000,2025-10-02 19:38:26 +0000,count/min,108.0,2
HKQuantityTypeIdentifierHeartRate,PhysTrax Apple Watch,11.6.1,"Watch7,1","<<HKDevice: 0x133e95500>, name:Apple Watch, manufacturer:Apple Inc., model:Watch, hardware:Watch7,1, software:11.6.1, creation date:2025-09-13 14:18:16 +0000>",2025-10-02 19:38:31 +0000,2025-10-02 19:38:31 +0000,count/min,108.0,2
HKQuantityTypeIdentifierHeartRate,PhysTrax Apple Watch,11.6.1,"Watch7,1","<<HKDevice: 0x133e95500>, name:Apple Watch, manufacturer:Apple Inc., model:Watch, hardware:Watch7,1, software:11.6.1, creation date:2025-09-13 14:18:16 +0000>",2025-10-02 19:38:32 +0000,2025-10-02 19:38:32 +0000,count/min,108.0,2
HKQuantityTypeIdentifierHeartRate,PhysTrax Apple Watch,11.6.1,"Watch7,1","<<HKDevice: 0x133e95500>, name:Apple Watch, manufacturer:Apple Inc., model:Watch, hardware:Watch7,1, software:11.6.1, creation date:2025-09-13 14:18:16 +0000>",2025-10-02 19:38:37 +0000,2025-10-02 19:38:37 +0000,count/min,109.0,2
HKQuantityTypeIdentifierHeartRate,PhysTrax Apple Watch,11.6.1,"Watch7,1","<<HKDevice: 0x133e95500>, name:Apple Watch, manufacturer:Apple Inc., model:Watch, hardware:Watch7,1, software:11.6.1, creation date:2025-09-13 14:18:16 +0000>",2025-10-02 19:38:42 +0000,2025-10-02 19:38:42 +0000,count/min,110.0,2
HKQuantityTypeIdentifierHeartRate,PhysTrax Apple Watch,11.6.1,"Watch7,1","<<HKDevice: 0x133e95500>, name:Apple Watch, manufacturer:Apple Inc., model:Watch, hardware:Watch7,1, software:11.6.1, creation date:2025-09-13 14:18:16 +0000>",2025-10-02 19:38:51 +0000,2025-10-02 19:38:51 +0000,count/min,102.0,2
HKQuantityTypeIdentifierHeartRate,PhysTrax Apple Watch,11.6.1,"Watch7,1","<<HKDevice: 0x133e95500>, name:Apple Watch, manufacturer:Apple Inc., model:Watch, hardware:Watch7,1, software:11.6.1, creation date:2025-09-13 14:18:16 +0000>",2025-10-02 19:38:56 +0000,2025-10-02 19:38:56 +0000,count/min,97.0,2
HKQuantityTypeIdentifierHeartRate,PhysTrax Apple Watch,11.6.1,"Watch7,1","<<HKDevice: 0x133e95500>, name:Apple Watch, manufacturer:Apple Inc., model:Watch, hardware:Watch7,1, software:11.6.1, creation date:2025-09-13 14:18:16 +0000>",2025-10-02 19:39:00 +0000,2025-10-02 19:39:00 +0000,count/min,97.0,2
HKQuantityTypeIdentifierHeartRate,PhysTrax Apple Watch,11.6.1,"Watch7,1","<<HKDevice: 0x133e95500>, name:Apple Watch, manufacturer:Apple Inc., model:Watch, hardware:Watch7,1, software:11.6.1, creation date:2025-09-13 14:18:16 +0000>",2025-10-02 19:39:02 +0000,2025-10-02 19:39:02 +0000,count/min,97.0,2
HKQuantityTypeIdentifierHeartRate,PhysTrax Apple Watch,11.6.1,"Watch7,1","<<HKDevice: 0x133e95500>, name:Apple Watch, manufacturer:Apple Inc., model:Watch, hardware:Watch7,1, software:11.6.1, creation date:2025-09-13 14:18:16 +0000>",2025-10-02 19:39:07 +0000,2025-10-02 19:39:07 +0000,count/min,95.0,2
HKQuantityTypeIdentifierHeartRate,PhysTrax Apple Watch,11.6.1,"Watch7,1","<<HKDevice: 0x133e95500>, name:Apple Watch, manufacturer:Apple Inc., model:Watch, hardware:Watch7,1, software:11.6.1, creation date:2025-09-13 14:18:16 +0000>",2025-10-02 19:39:14 +0000,2025-10-02 19:39:14 +0000,count/min,88.0,2
HKQuantityTypeIdentifierHeartRate,PhysTrax Apple Watch,11.6.1,"Watch7,1","<<HKDevice: 0x133e95500>, name:Apple Watch, manufacturer:Apple Inc., model:Watch, hardware:Watch7,1, software:11.6.1, creation date:2025-09-13 14:18:16 +0000>",2025-10-02 19:39:21 +0000,2025-10-02 19:39:21 +0000,count/min,88.0,2
HKQuantityTypeIdentifierHeartRate,PhysTrax Apple Watch,11.6.1,"Watch7,1","<<HKDevice: 0x133e95500>, name:Apple Watch, manufacturer:Apple Inc., model:Watch, hardware:Watch7,1, software:11.6.1, creation date:2025-09-13 14:18:16 +0000>",2025-10-02 19:39:22 +0000,2025-10-02 19:39:22 +0000,count/min,87.0,2
HKQuantityTypeIdentifierHeartRate,PhysTrax Apple Watch,11.6.1,"Watch7,1","<<HKDevice: 0x133e95500>, name:Apple Watch, manufacturer:Apple Inc., model:Watch, hardware:Watch7,1, software:11.6.1, creation date:2025-09-13 14:18:16 +0000>",2025-10-02 19:39:28 +0000,2025-10-02 19:39:28 +0000,count/min,93.0,2
HKQuantityTypeIdentifierHeartRate,PhysTrax Apple Watch,11.6.1,"Watch7,1","<<HKDevice: 0x133e95500>, name:Apple Watch, manufacturer:Apple Inc., model:Watch, hardware:Watch7,1, software:11.6.1, creation date:2025-09-13 14:18:16 +0000>",2025-10-02 19:39:35 +0000,2025-10-02 19:39:35 +0000,count/min,93.0,2
HKQuantityTypeIdentifierHeartRate,PhysTrax Apple Watch,11.6.1,"Watch7,1","<<HKDevice: 0x133e95500>, name:Apple Watch, manufacturer:Apple Inc., model:Watch, hardware:Watch7,1, software:11.6.1, creation date:2025-09-13 14:18:16 +0000>",2025-10-02 19:39:39 +0000,2025-10-02 19:39:39 +0000,count/min,94.0,2
HKQuantityTypeIdentifierHeartRate,PhysTrax Apple Watch,11.6.1,"Watch7,1","<<HKDevice: 0x133e95500>, name:Apple Watch, manufacturer:Apple Inc., model:Watch, hardware:Watch7,1, software:11.6.1, creation date:2025-09-13 14:18:16 +0000>",2025-10-02 19:39:42 +0000,2025-10-02 19:39:42 +0000,count/min,92.00000000000001,2
HKQuantityTypeIdentifierHeartRate,PhysTrax Apple Watch,11.6.1,"Watch7,1","<<HKDevice: 0x133e95500>, name:Apple Watch, manufacturer:Apple Inc., model:Watch, hardware:Watch7,1, software:11.6.1, creation date:2025-09-13 14:18:16 +0000>",2025-10-02 19:39:47 +0000,2025-10-02 19:39:47 +0000,count/min,96.0,2
HKQuantityTypeIdentifierHeartRate,PhysTrax Apple Watch,11.6.1,"Watch7,1","<<HKDevice: 0x133e95500>, name:Apple Watch, manufacturer:Apple Inc., model:Watch, hardware:Watch7,1, software:11.6.1, creation date:2025-09-13 14:18:16 +0000>",2025-10-02 19:39:52 +0000,2025-10-02 19:39:52 +0000,count/min,100.0,2
HKQuantityTypeIdentifierHeartRate,PhysTrax Apple Watch,11.6.1,"Watch7,1","<<HKDevice: 0x133e95500>, name:Apple Watch, manufacturer:Apple Inc., model:Watch, hardware:Watch7,1, software:11.6.1, creation date:2025-09-13 14:18:16 +0000>",2025-10-02 19:39:57 +0000,2025-10-02 19:39:57 +0000,count/min,100.0,2
HKQuantityTypeIdentifierHeartRate,PhysTrax Apple Watch,11.6.1,"Watch7,1","<<HKDevice: 0x133e95500>, name:Apple Watch, manufacturer:Apple Inc., model:Watch, hardware:Watch7,1, software:11.6.1, creation date:2025-09-13 14:18:16 +0000>",2025-10-02 19:40:06 +0000,2025-10-02 19:40:06 +0000,count/min,101.0,2
HKQuantityTypeIdentifierHeartRate,PhysTrax Apple Watch,11.6.1,"Watch7,1","<<HKDevice: 0x133e95500>, name:Apple Watch, manufacturer:Apple Inc., model:Watch, hardware:Watch7,1, software:11.6.1, creation date:2025-09-13 14:18:16 +0000>",2025-10-02 19:40:07 +0000,2025-10-02 19:40:07 +0000,count/min,101.0,2
HKQuantityTypeIdentifierHeartRate,PhysTrax Apple Watch,11.6.1,"Watch7,1","<<HKDevice: 0x133e95500>, name:Apple Watch, manufacturer:Apple Inc., model:Watch, hardware:Watch7,1, software:11.6.1, creation date:2025-09-13 14:18:16 +0000>",2025-10-02 19:40:15 +0000,2025-10-02 19:40:15 +0000,count/min,101.0,2
HKQuantityTypeIdentifierHeartRate,PhysTrax Apple Watch,11.6.1,"Watch7,1","<<HKDevice: 0x133e95500>, name:Apple Watch, manufacturer:Apple Inc., model:Watch, hardware:Watch7,1, software:11.6.1, creation date:2025-09-13 14:18:16 +0000>",2025-10-02 19:40:17 +0000,2025-10-02 19:40:17 +0000,count/min,101.0,2
HKQuantityTypeIdentifierHeartRate,PhysTrax Apple Watch,11.6.1,"Watch7,1","<<HKDevice: 0x133e95500>, name:Apple Watch, manufacturer:Apple Inc., model:Watch, hardware:Watch7,1, software:11.6.1, creation date:2025-09-13 14:18:16 +0000>",2025-10-02 19:40:24 +0000,2025-10-02 19:40:24 +0000,count/min,102.0,2
HKQuantityTypeIdentifierHeartRate,PhysTrax Apple Watch,11.6.1,"Watch7,1","<<HKDevice: 0x133e95500>, name:Apple Watch, manufacturer:Apple Inc., model:Watch, hardware:Watch7,1, software:11.6.1, creation date:2025-09-13 14:18:16 +0000>",2025-10-02 19:40:29 +0000,2025-10-02 19:40:29 +0000,count/min,92.00000000000001,2
HKQuantityTypeIdentifierHeartRate,PhysTrax Apple Watch,11.6.1,"Watch7,1","<<HKDevice: 0x133e95500>, name:Apple Watch, manufacturer:Apple Inc., model:Watch, hardware:Watch7,1, software:11.6.1, creation date:2025-09-13 14:18:16 +0000>",2025-10-02 19:40:36 +0000,2025-10-02 19:40:36 +0000,count/min,85.0,2
HKQuantityTypeIdentifierHeartRate,PhysTrax Apple Watch,11.6.1,"Watch7,1","<<HKDevice: 0x133e95500>, name:Apple Watch, manufacturer:Apple Inc., model:Watch, hardware:Watch7,1, software:11.6.1, creation date:2025-09-13 14:18:16 +0000>",2025-10-02 19:40:41 +0000,2025-10-02 19:40:41 +0000,count/min,80.0,2
HKQuantityTypeIdentifierHeartRate,PhysTrax Apple Watch,11.6.1,"Watch7,1","<<HKDevice: 0x133e95500>, name:Apple Watch, manufacturer:Apple Inc., model:Watch, hardware:Watch7,1, software:11.6.1, creation date:2025-09-13 14:18:16 +0000>",2025-10-02 19:40:46 +0000,2025-10-02 19:40:46 +0000,count/min,76.0,2
HKQuantityTypeIdentifierHeartRate,PhysTrax Apple Watch,11.6.1,"Watch7,1","<<HKDevice: 0x133e95500>, name:Apple Watch, manufacturer:Apple Inc., model:Watch, hardware:Watch7,1, software:11.6.1, creation date:2025-09-13 14:18:16 +0000>",2025-10-02 19:40:51 +0000,2025-10-02 19:40:51 +0000,count/min,75.0,2
HKQuantityTypeIdentifierHeartRate,PhysTrax Apple Watch,11.6.1,"Watch7,1","<<HKDevice: 0x133e95500>, name:Apple Watch, manufacturer:Apple Inc., model:Watch, hardware:Watch7,1, software:11.6.1, creation date:2025-09-13 14:18:16 +0000>",2025-10-02 19:40:56 +0000,2025-10-02 19:40:56 +0000,count/min,70.0,2
HKQuantityTypeIdentifierHeartRate,PhysTrax Apple Watch,11.6.1,"Watch7,1","<<HKDevice: 0x133e95500>, name:Apple Watch, manufacturer:Apple Inc., model:Watch, hardware:Watch7,1, software:11.6.1, creation date:2025-09-13 14:18:16 +0000>",2025-10-02 19:40:58 +0000,2025-10-02 19:40:58 +0000,count/min,68.0,2
HKQuantityTypeIdentifierHeartRate,PhysTrax Apple Watch,11.6.1,"Watch7,1","<<HKDevice: 0x133e95500>, name:Apple Watch, manufacturer:Apple Inc., model:Watch, hardware:Watch7,1, software:11.6.1, creation date:2025-09-13 14:18:16 +0000>",2025-10-02 19:41:02 +0000,2025-10-02 19:41:02 +0000,count/min,68.0,2
HKQuantityTypeIdentifierHeartRate,PhysTrax Apple Watch,11.6.1,"Watch7,1","<<HKDevice: 0x133e95500>, name:Apple Watch, manufacturer:Apple Inc., model:Watch, hardware:Watch7,1, software:11.6.1, creation date:2025-09-13 14:18:16 +0000>",2025-10-02 19:41:11 +0000,2025-10-02 19:41:11 +0000,count/min,64.0,2
HKQuantityTypeIdentifierHeartRate,PhysTrax Apple Watch,11.6.1,"Watch7,1","<<HKDevice: 0x133e95500>, name:Apple Watch, manufacturer:Apple Inc., model:Watch, hardware:Watch7,1, software:11.6.1, creation date:2025-09-13 14:18:16 +0000>",2025-10-02 19:41:16 +0000,2025-10-02 19:41:16 +0000,count/min,65.0,2
HKQuantityTypeIdentifierHeartRate,PhysTrax Apple Watch,11.6.1,"Watch7,1","<<HKDevice: 0x133e95500>, name:Apple Watch, manufacturer:Apple Inc., model:Watch, hardware:Watch7,1, software:11.6.1, creation date:2025-09-13 14:18:16 +0000>",2025-10-02 19:41:19 +0000,2025-10-02 19:41:19 +0000,count/min,63.0,2
HKQuantityTypeIdentifierHeartRate,PhysTrax Apple Watch,11.6.1,"Watch7,1","<<HKDevice: 0x133e95500>, name:Apple Watch, manufacturer:Apple Inc., model:Watch, hardware:Watch7,1, software:11.6.1, creation date:2025-09-13 14:18:16 +0000>",2025-10-02 19:41:23 +0000,2025-10-02 19:41:23 +0000,count/min,62.00000000000001,2
HKQuantityTypeIdentifierHeartRate,PhysTrax Apple Watch,11.6.1,"Watch7,1","<<HKDevice: 0x133e95500>, name:Apple Watch, manufacturer:Apple Inc., model:Watch, hardware:Watch7,1, software:11.6.1, creation date:2025-09-13 14:18:16 +0000>",2025-10-02 19:41:28 +0000,2025-10-02 19:41:28 +0000,count/min,62.00000000000001,2
HKQuantityTypeIdentifierHeartRate,PhysTrax Apple Watch,11.6.1,"Watch7,1","<<HKDevice: 0x133e95500>, name:Apple Watch, manufacturer:Apple Inc., model:Watch, hardware:Watch7,1, software:11.6.1, creation date:2025-09-13 14:18:16 +0000>",2025-10-02 19:41:32 +0000,2025-10-02 19:41:32 +0000,count/min,63.0,2
HKQuantityTypeIdentifierHeartRate,PhysTrax Apple Watch,11.6.1,"Watch7,1","<<HKDevice: 0x133e95500>, name:Apple Watch, manufacturer:Apple Inc., model:Watch, hardware:Watch7,1, software:11.6.1, creation date:2025-09-13 14:18:16 +0000>",2025-10-02 19:41:38 +0000,2025-10-02 19:41:38 +0000,count/min,68.0,2
HKQuantityTypeIdentifierHeartRate,PhysTrax Apple Watch,11.6.1,"Watch7,1","<<HKDevice: 0x133e95500>, name:Apple Watch, manufacturer:Apple Inc., model:Watch, hardware:Watch7,1, software:11.6.1, creation date:2025-09-13 14:18:16 +0000>",2025-10-02 19:41:46 +0000,2025-10-02 19:41:46 +0000,count/min,77.00000000000001,2
HKQuantityTypeIdentifierHeartRate,PhysTrax Apple Watch,11.6.1,"Watch7,1","<<HKDevice: 0x133e95500>, name:Apple Watch, manufacturer:Apple Inc., model:Watch, hardware:Watch7,1, software:11.6.1, creation date:2025-09-13 14:18:16 +0000>",2025-10-02 19:41:48 +0000,2025-10-02 19:41:48 +0000,count/min,77.00000000000001,2
HKQuantityTypeIdentifierHeartRate,PhysTrax Apple Watch,11.6.1,"Watch7,1","<<HKDevice: 0x133e95500>, name:Apple Watch, manufacturer:Apple Inc., model:Watch, hardware:Watch7,1, software:11.6.1, creation date:2025-09-13 14:18:16 +0000>",2025-10-02 19:41:52 +0000,2025-10-02 19:41:52 +0000,count/min,80.0,2
HKQuantityTypeIdentifierHeartRate,PhysTrax Apple Watch,11.6.1,"Watch7,1","<<HKDevice: 0x133e95500>, name:Apple Watch, manufacturer:Apple Inc., model:Watch, hardware:Watch7,1, software:11.6.1, creation date:2025-09-13 14:18:16 +0000>",2025-10-02 19:41:57 +0000,2025-10-02 19:41:57 +0000,count/min,84.0,2
HKQuantityTypeIdentifierHeartRate,PhysTrax Apple Watch,11.6.1,"Watch7,1","<<HKDevice: 0x133e95500>, name:Apple Watch, manufacturer:Apple Inc., model:Watch, hardware:Watch7,1, software:11.6.1, creation date:2025-09-13 14:18:16 +0000>",2025-10-02 19:42:06 +0000,2025-10-02 19:42:06 +0000,count/min,71.0,2
HKQuantityTypeIdentifierHeartRate,PhysTrax Apple Watch,11.6.1,"Watch7,1","<<HKDevice: 0x133e95500>, name:Apple Watch, manufacturer:Apple Inc., model:Watch, hardware:Watch7,1, software:11.6.1, creation date:2025-09-13 14:18:16 +0000>",2025-10-02 19:42:11 +0000,2025-10-02 19:42:11 +0000,count/min,67.0,2
HKQuantityTypeIdentifierHeartRate,PhysTrax Apple Watch,11.6.1,"Watch7,1","<<HKDevice: 0x133e95500>, name:Apple Watch, manufacturer:Apple Inc., model:Watch, hardware:Watch7,1, software:11.6.1, creation date:2025-09-13 14:18:16 +0000>",2025-10-02 19:42:16 +0000,2025-10-02 19:42:16 +0000,count/min,67.0,2
HKQuantityTypeIdentifierHeartRate,PhysTrax Apple Watch,11.6.1,"Watch7,1","<<HKDevice: 0x133e95500>, name:Apple Watch, manufacturer:Apple Inc., model:Watch, hardware:Watch7,1, software:11.6.1, creation date:2025-09-13 14:18:16 +0000>",2025-10-02 19:42:21 +0000,2025-10-02 19:42:21 +0000,count/min,65.0,2
HKQuantityTypeIdentifierHeartRate,PhysTrax Apple Watch,11.6.1,"Watch7,1","<<HKDevice: 0x133e95500>, name:Apple Watch, manufacturer:Apple Inc., model:Watch, hardware:Watch7,1, software:11.6.1, creation date:2025-09-13 14:18:16 +0000>",2025-10-02 19:42:24 +0000,2025-10-02 19:42:24 +0000,count/min,65.0,2
HKQuantityTypeIdentifierHeartRate,PhysTrax Apple Watch,11.6.1,"Watch7,1","<<HKDevice: 0x133e95500>, name:Apple Watch, manufacturer:Apple Inc., model:Watch, hardware:Watch7,1, software:11.6.1, creation date:2025-09-13 14:18:16 +0000>",2025-10-02 19:42:27 +0000,2025-10-02 19:42:27 +0000,count/min,65.0,2
HKQuantityTypeIdentifierHeartRate,PhysTrax Apple Watch,11.6.1,"Watch7,1","<<HKDevice: 0x133e95500>, name:Apple Watch, manufacturer:Apple Inc., model:Watch, hardware:Watch7,1, software:11.6.1, creation date:2025-09-13 14:18:16 +0000>",2025-10-02 19:42:36 +0000,2025-10-02 19:42:36 +0000,count/min,62.00000000000001,2
HKQuantityTypeIdentifierHeartRate,PhysTrax Apple Watch,11.6.1,"Watch7,1","<<HKDevice: 0x133e95500>, name:Apple Watch, manufacturer:Apple Inc., model:Watch, hardware:Watch7,1, software:11.6.1, creation date:2025-09-13 14:18:16 +0000>",2025-10-02 19:42:40 +0000,2025-10-02 19:42:40 +0000,count/min,62.00000000000001,2
HKQuantityTypeIdentifierHeartRate,PhysTrax Apple Watch,11.6.1,"Watch7,1","<<HKDevice: 0x133e95500>, name:Apple Watch, manufacturer:Apple Inc., model:Watch, hardware:Watch7,1, software:11.6.1, creation date:2025-09-13 14:18:16 +0000>",2025-10-02 19:42:46 +0000,2025-10-02 19:42:46 +0000,count/min,62.00000000000001,2
HKQuantityTypeIdentifierHeartRate,PhysTrax Apple Watch,11.6.1,"Watch7,1","<<HKDevice: 0x133e95500>, name:Apple Watch, manufacturer:Apple Inc., model:Watch, hardware:Watch7,1, software:11.6.1, creation date:2025-09-13 14:18:16 +0000>",2025-10-02 19:42:51 +0000,2025-10-02 19:42:51 +0000,count/min,62.00000000000001,2
HKQuantityTypeIdentifierHeartRate,PhysTrax Apple Watch,11.6.1,"Watch7,1","<<HKDevice: 0x133e95500>, name:Apple Watch, manufacturer:Apple Inc., model:Watch, hardware:Watch7,1, software:11.6.1, creation date:2025-09-13 14:18:16 +0000>",2025-10-02 19:42:52 +0000,2025-10-02 19:42:52 +0000,count/min,62.00000000000001,2
HKQuantityTypeIdentifierHeartRate,PhysTrax Apple Watch,11.6.1,"Watch7,1","<<HKDevice: 0x133e95500>, name:Apple Watch, manufacturer:Apple Inc., model:Watch, hardware:Watch7,1, software:11.6.1, creation date:2025-09-13 14:18:16 +0000>",2025-10-02 19:42:57 +0000,2025-10-02 19:42:57 +0000,count/min,63.0,2
HKQuantityTypeIdentifierHeartRate,PhysTrax Apple Watch,11.6.1,"Watch7,1","<<HKDevice: 0x133e95500>, name:Apple Watch, manufacturer:Apple Inc., model:Watch, hardware:Watch7,1, software:11.6.1, creation date:2025-09-13 14:18:16 +0000>",2025-10-02 19:43:06 +0000,2025-10-02 19:43:06 +0000,count/min,67.0,2
HKQuantityTypeIdentifierHeartRate,PhysTrax Apple Watch,11.6.1,"Watch7,1","<<HKDevice: 0x133e95500>, name:Apple Watch, manufacturer:Apple Inc., model:Watch, hardware:Watch7,1, software:11.6.1, creation date:2025-09-13 14:18:16 +0000>",2025-10-02 19:43:11 +0000,2025-10-02 19:43:11 +0000,count/min,67.0,2
HKQuantityTypeIdentifierHeartRate,PhysTrax Apple Watch,11.6.1,"Watch7,1","<<HKDevice: 0x133e95500>, name:Apple Watch, manufacturer:Apple Inc., model:Watch, hardware:Watch7,1, software:11.6.1, creation date:2025-09-13 14:18:16 +0000>",2025-10-02 19:43:16 +0000,2025-10-02 19:43:16 +0000,count/min,66.0,2
HKQuantityTypeIdentifierHeartRate,PhysTrax Apple Watch,11.6.1,"Watch7,1","<<HKDevice: 0x133e95500>, name:Apple Watch, manufacturer:Apple Inc., model:Watch, hardware:Watch7,1, software:11.6.1, creation date:2025-09-13 14:18:16 +0000>",2025-10-02 19:43:19 +0000,2025-10-02 19:43:19 +0000,count/min,65.0,2
HKQuantityTypeIdentifierHeartRate,PhysTrax Apple Watch,11.6.1,"Watch7,1","<<HKDevice: 0x133e95500>, name:Apple Watch, manufacturer:Apple Inc., model:Watch, hardware:Watch7,1, software:11.6.1, creation date:2025-09-13 14:18:16 +0000>",2025-10-02 19:43:24 +0000,2025-10-02 19:43:24 +0000,count/min,67.0,2
HKQuantityTypeIdentifierHeartRate,PhysTrax Apple Watch,11.6.1,"Watch7,1","<<HKDevice: 0x133e95500>, name:Apple Watch, manufacturer:Apple Inc., model:Watch, hardware:Watch7,1, software:11.6.1, creation date:2025-09-13 14:18:16 +0000>",2025-10-02 19:43:28 +0000,2025-10-02 19:43:28 +0000,count/min,67.0,2
HKQuantityTypeIdentifierHeartRate,PhysTrax Apple Watch,11.6.1,"Watch7,1","<<HKDevice: 0x133e95500>, name:Apple Watch, manufacturer:Apple Inc., model:Watch, hardware:Watch7,1, software:11.6.1, creation date:2025-09-13 14:18:16 +0000>",2025-10-02 19:43:34 +0000,2025-10-02 19:43:34 +0000,count/min,63.0,2
HKQuantityTypeIdentifierHeartRate,PhysTrax Apple Watch,11.6.1,"Watch7,1","<<HKDevice: 0x133e95500>, name:Apple Watch, manufacturer:Apple Inc., model:Watch, hardware:Watch7,1, software:11.6.1, creation date:2025-09-13 14:18:16 +0000>",2025-10-02 19:43:37 +0000,2025-10-02 19:43:37 +0000,count/min,62.00000000000001,2
HKQuantityTypeIdentifierHeartRate,PhysTrax Apple Watch,11.6.1,"Watch7,1","<<HKDevice: 0x133e95500>, name:Apple Watch, manufacturer:Apple Inc., model:Watch, hardware:Watch7,1, software:11.6.1, creation date:2025-09-13 14:18:16 +0000>",2025-10-02 19:43:46 +0000,2025-10-02 19:43:46 +0000,count/min,65.0,2
HKQuantityTypeIdentifierHeartRate,PhysTrax Apple Watch,11.6.1,"Watch7,1","<<HKDevice: 0x133e95500>, name:Apple Watch, manufacturer:Apple Inc., model:Watch, hardware:Watch7,1, software:11.6.1, creation date:2025-09-13 14:18:16 +0000>",2025-10-02 19:43:48 +0000,2025-10-02 19:43:48 +0000,count/min,66.0,2
HKQuantityTypeIdentifierHeartRate,PhysTrax Apple Watch,11.6.1,"Watch7,1","<<HKDevice: 0x133e95500>, name:Apple Watch, manufacturer:Apple Inc., model:Watch, hardware:Watch7,1, software:11.6.1, creation date:2025-09-13 14:18:16 +0000>",2025-10-02 19:43:52 +0000,2025-10-02 19:43:52 +0000,count/min,70.0,2
HKQuantityTypeIdentifierHeartRate,PhysTrax Apple Watch,11.6.1,"Watch7,1","<<HKDevice: 0x133e95500>, name:Apple Watch, manufacturer:Apple Inc., model:Watch, hardware:Watch7,1, software:11.6.1, creation date:2025-09-13 14:18:16 +0000>",2025-10-02 19:43:57 +0000,2025-10-02 19:43:57 +0000,count/min,74.0,2
